# Resource object code (Python 3)
# Created by: object code
# Created by: The Resource Compiler for Qt version 6.11.1
# WARNING! All changes made in this file will be lost!

from PySide6 import QtCore

qt_resource_data = b"\
\x00\x00L\x03\
\x89\
PNG\x0d\x0a\x1a\x0a\x00\x00\x00\x0dIHDR\x00\
\x00\x02F\x00\x00\x00\xbe\x08\x06\x00\x00\x00\xd0\x83\xc01\
\x00\x00\x00\x09pHYs\x00\x00\x0b\x13\x00\x00\x0b\x13\
\x01\x00\x9a\x9c\x18\x00\x00K\xb5IDATx\x9c\xed\
\x9dw\x98dU\xb9\xf5\xd7\xaa\xee\xae\xd4\xdd\x13\xc8\x02\
\xe2E\x05D1p\xc1\x0c\x06D\xae\x09\xc4\x0cW\x11\
D\xb8\x0a\x06\x101\xa0\xa2(W\xe0\x13\x15#\x980\
aV\x10\xc4\x88\x09\x04\x03f.JP\x892d\x86\
\x99\x9e\xe9\xae|\xd6\xf7GU\xcdTW\x9f\xaa:y\
\x9fS\xbd\x7f\xcf\xd33]\xe7\xec\xfd\xbeoW\x9f\xae\
Z\xb5\xf6>{\x13\x16\x8be \x92\x8a\x00\xb6\x07P\
\x04p\x1b\xc99\xc3%Y,\x16\xcb\xb2C\xd2\x16\xf5\
z\xfdARn{\xe5\xb4\x03\xa4\x1d$\xb6(\xdd\x06\
\xe4\xd6\xe4r\xce\x9a|>\x7f\x13\xc9\xf9\xb0\xb9\x18E\
\xc1\x16\xcb8\xd0\x11A\xcf\x02\xf0\x22\x00{\x00\xd8\x11\
\xc0V}\xcd6\x00\xf87\x80\x7f\x00\xf8.\x80\x8bH\
\xaeO\xb2N\x8b\xc5bY\x0eT*\x95\x07\x93\x13/\
\x00\xf4B\x07x\x22\xc9\xcd\x9aEK\xdbK\xaa\x01\xf8\
\x09\x84\xf3k\xa5\xfc\xf7V\x93\xeb\x82\xe4\xb5\xc2\xc8\xb2\
\xec\x91\xb4\x1f\x80W\x038\x10\xc0\xac\xcf\xee5\x00?\
\x06\xf0\x05\x00\xdf#\xe9\xf2\xe7jqCR\x09\xc0\xce\
\x00\x1e\x02`k\xb4\x9f\xfb\x99\xbe\xff\xa7\x014\x01T\
]\xbe\xee!\xf9\xc9\xe4+\xb7X,q!\x89\xb5Z\
\xf3\xb9\x82N!\xb1\x17\xe0\xa2\x81\x06\xbe\xcan>!\
\xa9A\xf0\x22R\xef(\x16\x8b\xff\xf4S\x83\x15F!\
\x914\x09`;\x00\x0f\x00\xb0-\xda/\xf0[\x03\xd8\
\x02\xc0j\x00\x05\x00\xf7\x03\xb8\x17\xc0=\x00\xee\x04\xb0\
\x16\xc0:\x00\xb7\x93\x5c\x9b|\xd5\x16\x00\x90\xb4+\x80\
\x0f\x01x^D!/\x05\xf0F\x92WG\x14o,\
\x90\x94\x07\xb0\x17\x80}\x00<\x0c\xc0C\xd1\x16C;\
\x84\x0c\xbd\x86\xe4\x8e!cX,\x96\x94P\xab\xd5\xf6\
\x14\xf0A\x80\xfb\x01\xc1\x04\xd1\x923m\x81\xf4\x89Z\
1\x7f\xea*\xf2~/uXa\xe4\x01I\xb3\x00\x1e\
\x0f\xe0\xd9\x00\xf6F\xfbS\xee\xd6h\x8b\x9e\xb0\xcfa\
\x1d\xc0\xed\x00\xee\x00\xb0\x06\xc0\xf5\x00\xfe\x0e\xe0\x1a\x00\
\xd7\x91\xac\x85\x8co\xe9C\xd24\x80S\x00\x1c\x07`\
*\xe2\xf0\x0e\x80\xb3\x01\xbcs\xb9\xceG\xea8AO\
\x02\xf0\x14\x00\xfb\x02x\x02\x80R\x0c\xa9\xac0\xb2X\
\xc6\x00I\xf9Z\xad\xfe\x11\x01\xaf\xed\x0e\x97E!\x8a\
\xfa\x92\xacu\x88\xa3\xa7\x8b\xc5\x0bF5\xb5\xc2\xa8\x0f\
I[\x02x\x06\x80\xa7\xa2\xfd\xe2\xbe\x0b\xdav\xbe\x09\
Z\x00n\x04\xf0g\x00\xbf\x06p\x05\x80\xabH:\x86\
\xea\xc9<\x92\xb6\x03\xf0\x03\x00\xff\x19s\xaa\xff\x03\xf0\
\x1c\x92kb\xce\x93\x0a$M\x00\xd8\x0f\xc0\xcb\x01\xbc\
\x10\xfe\x87$\x83`\x85\x91\xc5\x92q\xd6K[\x16j\
\xf5\x0b@>\x05\x18 s\xbc\x1f\x1c\x89\xa0\xb7\x95\x0a\
\x853\x87M{X\xf6\xc2\xa83\xe1v_\x00\xcf\x04\
\xb0?\x80\xc7 \xdd\xcf\xcb\x1c\x80\xdf\x01\xb8\x0c\xc0\x0f\
H^e\xb8\x9e\xcc \xe9\xe1\x00~\x08\xe0A\x09\xa5\
\xbc\x0d\xc0\xb3I\xfe-\xa1|\x89#\xe9Q\x00\x8e\x00\
p\x08\xda\xc3\xc9Ib\x85\xd1\x98 \xe9!\xcd&v\
i?j\x9a-\x06\x804\xb96\x9f\xe7\xefM\xd71\
\xeeT\xab\xd5\xdd\xc0\xdc\x0f\xd0\x1eZ\x8f\xde%\x1a\xd8\
S\x9f+\x15\x0a\xc7\x92l\xb8\xb5I\xb3\x00\x88\x0dI\
{\xa0=\xaf\xe4\x99h\xbbBE\xb3\x15\x85\xe2\x16\x00\
\xdf\x07\xf0=\x00\x97\x92\xac\x1b\xae'\x95Hz\x22\xda\
\xa2hU\xc2\xa9\xd7\xa3\xed\x1c\xfd&\xe1\xbc\xb1\x22i\
/\x00\xef\x06p\x90\xc12\xac0\x1a\x13\x9aM\xbd\x8b\
tN\x1d\xd6\xc6\xd7[a\xc0\xf7Mm\xfe\xf7\xb2\xa9\
\xc9\xc9\xa7\x05\x8bb\xf1B\xa5Ry\x08\x98\xfb=\xc9\
-\xe2v\x89\xdczJ\xfaV\xb9X8\xc4\xcd9\xca\
\x05\xce\x921$\xad\x92t\xac\xa4?\x02\xb8\x1a\xc0\xe9\
h[\xffY\x16E@\xdb\xfdx\x1d\x80\x9f\x00\xb8G\
\xd2\xe7$\xedc\xb8\xa6T!iG\x00\x17\x22yQ\
\x04\x00+\x01|WR\xd8\x89\xc6\xa9@\xd2\xde\x92.\
\x06\xf0G\x98\x15E\x96\xb1\xa25\xf0\x8c\x10\xbf(\xda\
\x9c\xc3\xdeT\x9a\x04\x92f\xc1\x89\x8b\x5cE\xd1\xc0_\
xt\xa2\x08\x00H\xbe\xb4R\xab\xbd\xcd\xad\xfdX\x0b\
#I\x94\xb4\xbf\xa4\xaf\xa1=\xb9\xf9\x93h\xdf\x1d3\
\xae\xac@\xfb\xb6\xf3\xcb%\xfdS\xd2\xc9\x92v2]\
\x94I$\x15\x00|\x1b\xc06\x06\xcb\xd8\x06\xc0\xb7:\
wge\x12I[K\xfa\x06\x80? \xba\xbb\xf8,\
\x96\xa1\xf8~+\x0c(\x8a\x02\xc8/K@$\xe5\xaa\
\xf5\xc6y \x1e\xe1m\xe8,\xf8\xeffTO98\
mc\xb5\xfa\xec\xfe\xe3c)\x8c$\xed$\xe9\x14\x00\
7\x01\xf8)\x80C\x91}g\xc8/\x0f\x05\xf0>\x00\
7I\xba`\x19\xbbH\x1fA\xfb\xae(\xd3<\x09\xc0\
\x07M\x17\xe1\x97\xce\x87\x8b\x97\xa2}\x97\xe4\xcbL\xd7\
cY\x1e\x04r\x89|\xbewZ\x97\xc8\x0c\xb5Z\xe3\
\xed\x00\x9e\xbf\xe8`B.Q\x7f>\x92\xcc9\xf8\xfa\
\xc2\xc2\xc2\x03{O\x8f\x950\x92\xf4 I\x9f\x05\xf0\
/\x00\xefAr\x93l\xd3L\x0e\xc0\x0b\xd0v\x91\xae\
\x94\xf4\xb2\xce\x1dDc\x8f\xa4g\x00x\xad\xe9:z\
xC\x96\x04\xaa\xa4m\x01|\x07\xc07\xb1t\x05p\
\x8b%\x16\xacK4\xbel\xdc\xa8\xed\x1c\xe8\x9d\x8b\x0e\
&\xec\x12-9I\xae\x14r\xef\xed=4\x16\xc2\xa8\
\xe3\x10}\x1a\xc0?\x01\x1c\x85\xe8\xd7\xa6\x19\x17\x1e\x07\
\xe0\x1b\x00\xfe)\xe9pIc\xf1\xfbwC\x12\x01\xbc\
\xdft\x1d.\xbc\xbfS[\xaa\x91\xb47\x80\xab\xd0\xbe\
\xf5\xdeb\x89\x1d\xeb\x12\x8d?\xb9\xc9\xfa\xbbI\x96\x01\
\x18s\x89\x06px\xb5Z}x\xf7A\xa6\xdf\x18%\
=P\xd29h\x0b\xa2\xff\x81\x15D^\xd9\x19\xc0\x17\
\x01\x5c-\xe9E\x86k\x89\x8b\x03\xd1^\x943m<\
\x05\xed\xbb!S\x8b\xa4\x83\xd0^\x0eb[\xd3\xb5X\
,\xae\x04v\x89\x02v\xb6\x84\xa6Z\xad\xee\x02\xe0h\
\x00\xe6]\xa2>H\xe6\x1cq\xd3\x07\xe9L\x0a#I\
\xdbJ\xfa$\xdaCf\xaf\x05\x90\xd9I\xad\x86y8\
\x80\xefH\xfa\x83\xa4\xa7\x99.&*:N\xd8\xd0[\
\x7f\x0d\x93Z\xd7H\xd2\x1b\xd0\xbe\x83\xafl\xb8\x14\x8b\
e)\xa1]\x22+\x8aL\xe1 \xf7v\x82\x93)r\
\x89\xfa9xC\xad\xf6H \x83\xc2H\xd2Q\x00\xae\
\x03p,\xac \x8a\x8a\xbd\x01\xfcR\xd2\xd7$%\xbd\
H_\x1c<\x01\xc0\xa3L\x171\x84\xbd\xd1^H4\
UH\xfa_\x00\x1f\xc32]\xdf\xcc\x92r\xacK\x94\
Y$MR:\xd8\xe5\x0cL\xb9Dn\xd1&Zz\
!\x90!a$i\x17I\xbf\x04\xf0Y\x98Y\x8ff\
9p(\x80\xeb$\x1d\x9f\xf1\x09\xda\x07\x9a.\xc0\x03\
\xa9\xaaQ\xd2q\x00\xde9\xb2\xa1\xc5\x924I\xbbD\
\xd6X\x8a\x9cj\xb5\xb9\x0f\xc8-\x16\x1fM\x85K\xb4\
\xb81\xf5| \x03\xc2H\xd2\xa4\xa4\x93\xd0\xde{\xea\
i\x86\xcbY\x0e\xac\x00p\x16\x80?Iz\x8c\xe1Z\
\x82\x92\x85\x85\x07S#\x8c$\xbd\x0c\xed\xdf\xb9\xc5\x92\
.\x92v\x89\xac \x8a\x09g\xf1\xed\xf9)r\x89\x16\
\xc3=\x17\x16\x16vJ\xb50\xea\xdc\x19\xf3G\x00\xa7\
a\xf9\xadCd\x9aG\x03\xb8R\xd2\xdb\xb3t\xf7\x9a\
\xa4\x07\xa3=w*\xed\xec\x9d\x86aKI\xfb\x01\xf8\
2\xec\xf0\x99%MX\x97h\xac\x10\xf8\xdc\xeewa\
D\xd1\xd0\x93A]\xa2\xbe\x10\x22\x9f\x93\xca7<I\
\x13\x92NG{\xb3\xd4G\x9b\xaeg\x19\x93G{\xeb\
\x94_u\x04G\x16x\x8a\xe9\x02|\xb0\xaf\xc9\xe4\x92\
\x1e\x08\xe0\x02\xd8\xb9z\x964a]\xa2\xb1\xa2\xfd\xc1\
Z;\xc7:t\xe6+\x92\xbb(\xea\xe1\xc1\xa9\x13F\
\x92\xb6\x02p\x09\x80\xb7\x03\xc8\xf2<\x97q\xe2\xc9\x00\
\xae\x92\xf4\xdf\xa6\x0b\xf1@\x96\xf6$\xdb\xdeT\xe2\x8e\
\x0b\xf8E\xb4\xf7r\xb3X\xccc]\xa2\xb1d\xe3\xc6\
\x8d[\x91\x98\x0c\xd27\xfa\xa13O\xf1\xb7O\x950\
\xea\x0c\x9d\xfd\x09\xed\xcd]-\xe9b\x06\xc0W%}\
DR\xa0\x8b<!\x8c\x0fO\xf9\xc0d\xado\x80\xfd\
;\xb3d\x18\xeb\x12e\x03\xe6\xf3\x81>\x00F7t\
\xe6\xc9%\xea9\xc1\xf4\x08#IG\x02\xb8\x02\xc0\xb2\
\xde\xf44\x03\x1c\x07\xe0\x17\x92\xb63]\xc8\x00\xb2$\
\x8c\x8c8F\x92v\x07p\x86\x89\xdc\x16K\x14\xc4\xed\
\x129\xbe+\xb2\x0cb\xd2\xe7\x5cJC.Qo\x0b\
\xf3\xc2HR\xbe\xb3\x9d\xc7\xb9\x00\x0a\xa6\xeb\xb1xb\
_\xb4\xefZ{\xac\xe9B\x5cH\xab`s#q\x11\
\xd7YX\xf2\xf3\xb073X2\xc8\xe2\xa1\xb3\x00\x9d\
=\xc7\xb7D\x88\xe7\x1d)\x8c\xb9D\x8b\xdap\xca\xa8\
0\xea\xdc\x95\xf3+\xb4\xb7\xf3\xb0d\x8b\xed\xd1^\x14\
\xf2\xb9\xa6\x0b\xe9\xa3b\xba\x00\x1f,\x18\xc8\xf9\x02\xb4\
\x17\xc0\xb4X2E\xdc.\x91\x15D\xf1\xd0\xca\xe5n\
\x1f\xd5\xc6\xbcK\xd4\x03q\xbb1a$\xe9A\x00.\
G:\xf7\xb3\xb2xc\x1a\xc0E\x92^m\xba\x90\x1e\
\xee0]\x80\x0f\xeeL2YgnX\x1a7\xd6\xb5\
X\x06b]\xa2\x8c\xd3h\x0c}MN\x83K\xb4\xa8\
\xb1#3\xc2H\xd2C\xd0v\x8a\x1eb\x22\xbf%\x12\
\x84\xcdC\xf1\x9f\x92t\xb2\xc9bzHTl\x84$\
i\x11\xf7J\x00\x0fK8\xa7\xc5\x12\x98\xb8'X[\
A\x14?\xe5r\xf9.IK\x9e\xea\xb8]\xa2\xc0!\
\x885\x89\x0b\xa3\xce\xc4\xcf_\xc1N\xb2\xce\x1a\xdd\xeb\
\xd8\x01\xd0\xea|9=_\xef\x94\x94\x86\x09\xbdYr\
\x8c\x12\xabUR\x11\xc0{\x93\xcag\xb1\x84!\xee\xdb\
\xf0\xadK\x94\x1c$\x9b$\xd7\xf4\x1eK\xc2%\x0a\x1a\
\x82\xe2\xbf\x13\x15F\x92\x1e\x0d\xe02\x18\x5c\xbf\xc5\xe2\
\x8b^1\xd4\x15DN\xdf\xe3^\x91\xf4\x06I\xa6\x87\
jn1\x9c\xdf\x0f7'\x98\xeb\x10\x00;&\x98\xcf\
b\x09\x84u\x89\xc6\x0fA\x97\xb4\xffO\xa9K\xd4\x83\
\xe3\xf0\x92\xc4\x84Qg\x8d\xa2_\x02\xd8:\xa9\x9c\x96\
@\xb8\x89\xa1\x96\xcbc7\x91\xd4\x15G\xefK\xbe\xec\
M\xfc\xa2SK\xda\xa9\xa1=\xc7.)\x8eN0\x97\
\xc5\xe2\x1b\xeb\x12\x8d/9\xe0\xa2\xe8\x5c\xa2n\x87\x10\
!\x064\x96p\xc3\xccL\xfe\x9aD\x84\x91\xa4'\x02\
\xf89\x80\xd5I\xe4\xb3\xf8f\x94\x18\xf2z\xac\xfb\xf8\
\x0d\x92\xde\x9d\xec\x8f\xd0\x86\xe4\xfdh\xaf\x87\x95v~\
Ir>\x89D\x92\x1e\x01\xe0II\xe4\xb2X\x82\xb0\
y\xdd\xa04\xb8DVBEM\xa1P\xf8\x99$\xf7\
;\x86}\x0b\xa2\x08&X\x0f>y\x11\xc9\xf87\x07\
\x95\xb4\x0b\x80\x8b\xd1\xde\xb5\xdd\x92\x1e\x06\x89!7\xa1\
\xe3E \xf5?~\x83$S.\xc5\x0f\x0c\xe5\xf5\xc3\
\xf7\x13\xccuT\x82\xb9,\x96\x80\xa4\xe16|+\x88\
\xe2\x80\xe4\x02\xc1\x1f/:\x98\x12\x97\xa8\x97\x1cu\x11\
\x00\xc4*\x8c$m\x89\xf6\x9b\xd4\x96q\xe6\xb1x\xc6\
\x8b\x18\xf22\x97\xc8k\x9b\xf7JzN2?\xda\x22\
.6\x90\xd3/\x89\x88\xb7\xce\xa4\xebW&\x91\xcbb\
I\x8c\xc8o\xc3\xb7.Q\xec\x88gn\xfe\xdeWG\
\xd7\x0e\xd1\xb9D\x9b\x9a\x5cY*\x95.\x07b\x14F\
\x92\xf2\x00\xbe\x0b`\x97\xb8rX<\x11\xa5\x18\xeao\
7\xacMw\x9e\xcf':\xf3\xcb\x12\x83\xe4u\x00~\
\x92dN\x9f\x5cH\xf2\xe6\x84r\xed\x0f`\x8b\x84r\
Y,\xf1b]\xa2\xccR.\xe7\x7f\x0b\xe1\xc2\xb4\xb9\
D\x9b\x9aRo') ^\xc7\xe8\xf3ho\x1da\
I\x9e^!\x14\x95\x18\xf2:\xc4\xd6\xdfn\x12\xc0\xb9\
\x92\x92^\x9e!-\xeb*\xb9\xf1\x9e\x04s=;\xc1\
\x5c\x16K|X\x97(\xf3\xe4\xa8wH\xf2\xb0\x15]\
2.Q\x17\x07\xf8\xf1l\xa9ti\xf7q,\xc2H\
\xd2)\x00^\x1eGl\xcb@\xfa\xc5\x90\xdf\x09\xd3A\
\xe7\x12yi\xb7\x02\xc0\xd9\x9da\x9dD \xf9\x07\x00\
\xdfK*\x9f\x0f\xbeE\xf2\xff\x92H\xd4\xd9\x17\xcd\x0a\
#K\xb6I\xda%\xea\xbe\x92Z\x22\xa7X,^K\
\xe0\xb3\xc3[\x85t\x89\xdcC\x0c\xc4\x91ZtxR\
\xef\xb1\xc8\x85\x91\xa4\xc3\x90\xec'\xe2\xe5L\xef\x82\x8b\
a\xef(\x0b3\x97\xc8K\xbb\x87!\xf9\x05\x06\xdf\x8d\
t\xbd\xc4\xb5\x00\x9c\x92`\xbe]\x01\xec\x9c`>\x8b\
%Z\x92v\x89\xac\x81\x14;\xa5R\xe1\x04@\x7fY\
z&\x22\x97\xc8\xeb\xd0\xd9\xe6\xa6\xc7\xcf\xcc\x14\xfe\xda\
{.Ra\xd4\x99K\xf2\xb9(cZ\x96\xd0+\x86\
\xfc\x0a\x18\xafb\xc8\xcf\x5c\x22?Cq\x07K:$\
\x86\xe7\xc4\x15\x92W!]Cj'\x91\xbc6\xc1|\
\xd6-\xb2d\x13\x13.\x91\x15E\x89@r\x01r\x0e\
\x06t\xcf\xe6\xa3\xc9\xbaD\xdd\xa6\x12\xbe8S.~\
\xb2\xff|d\xc2HR\x19\xc0W\x01\xe4\xa3\x8ai\xd9\
\xc4 1\x14\x87\x80\x89{(\xee$I\x0f\x8f\xf8\xf9\
\x19\xc6\x19H\xc7]j\x17\x02\xf8`\xc29\x9f\x99p\
\xbe8i\x00\x98\x87}\xfb\x1a\x7fR\xe0\x12\xd9\x8b,\
^\xca\xe5\xf2\xadP\xeeE\x92\xd34\xe4\x12A\xd0\x1f\
f\xca\x85c\xba\x13\xae{\x89\xd21\xfa0\xda\xd6\xbd\
%\x1a\xbc\x8a\xa1\xa8\x05\x8c\x9f!\xb6 Cq9\x00\
\xef\x97T\x88\xf0\xb9\x1a\x08I\x07\xed\xdb\xd5oL\x22\
\xdf\x00n\x00\xf0*\xb7?\xc0\x98\xf9\xcf\x84\xf3E\xc1\
\x1d\x00\xce\x03p$\x80\xa7\x01x8\xda\xcb}\x14H\
\xce\x00\x98\x00P\xec\x1c{\xac\xa1\x1a-q\x90\x12\x97\
\xc8\x8a\xa2d(\x97\xf3\x97+\xc7\xe7K\xda\xd0=\x96\
\x84K\xd4y\xf0k5\x1b\xcf%Yuk;\xe9\xa7\
\x86\x81\x09\xa5\xe7\x01xM\x14\xb1\x969\xea\xfb\xf2r\
,h?\xb7\xe3^\xda\x84m\x07\xb4\xe7\xbd\xbc\x0em\
1\x1d;$\xd7u\xae\xd1K\x90\xfc~ak\x00\x1c\
Dr]\x92I%m\x07`\xbb$s\x86\xa0\x02\xe0\
\xe3\x00\xbe\x0c\xe0\x9aa\x02\xb2s\xae\xd6\xf9\xb2\x8c\x0b\
\x0e\x00\x0eo\xe2_\xb0\xf8\x9fKdEQ\xb2\xcc\x14\
\x8b?\xdcP\xab=9\xe7\xe8b\x00\x0f\xf2\xdc1\xa8\
 \x02\x00\xe9k\xd3\xe5\xe2\xab\xc9\xa2\xab(\x02\x22p\
\x8c$m\x03\xe0\xdc\xb0q\x961\xa3\x9c\xa1 \xc3b\
\xa6\xe7\x12y\xa9\xe3PI\x899\x1a\x9d\xb9=O\x00\
\x90\xc8\x1da\x1d\xfe\x0e\xe0\x89$\xafI0g\x97G\
\x1b\xc8\xe9\x97&\x80O\x01x(\xc9\xb7\x91\xfc\xbb\x01\
W\xcd\x92\x01\xfc\xbbD\xfe\x87\xce\xec\x85g\x86\xd9B\
\xe1j\xa7\xd9x\x9c\x80_{\xea\x10P\x14I\x12\x80\
S\xa6\xcb\xc5W\x0cr\x8a\xbaD1\x94v.\x80m\
\x22\x88\xb3\x5c\xe8\xfe\x0d\x86\x19\x8e\xca\xc2\x5c\xa2Qu\
\x08\xc0\x1bC>\x97\xbe \xb9\x06\xed\xb5\xb5~\x96@\
\xba\xcb\x00\xecK\xf2\xdf\x09\xe4r\xe31\x86\xf2z\xe5\
\xdf\x00\x1eO\xf2\x18\x92\xb7\x9b.\xc6\x92N\xfc\x0b\x16\
;t\x96Efgg\xef\x9e.\x16\x9e\x229G\xa8\
\xed\xb2/%\xe0\x5c\xa2\xce\x81_R\xb9\xff\x9c)\x17\
\xdf\xeb\xe5\xc3W\xa8\xa14I\xaf\x05\xf0\xbc01\xc6\
\x80\xbb\x00\x5c\x0f\xe0\x1f\x00\xeeC{X@h\x1b\xc3\
Sh\x7f*\xae\xa1-BW\x00X\xd9\xf9Z\x85\xf6\
\xaa\xe0\x0fD\xf8\xa1\xad0\xc7\xc2\xc4\x0a3\x14\xb7\x0e\
\xc0\xfb\x910$\xe7:\xdb\x94\x1c\x8f\xf6\x1dk\xb3\x11\
\xa7\xa8\x008\x0d\xc0\x99$M\x0e\xf7\xeci0\xf7(\
n@[4\xdea\xba\x10Kz\x89L\x10\x0d8m\
\x05Q\xba\xe8\xcc\x07\xfd\x92\xa4o\xcfWj'\x00z\
[g^a\xf0\xa13\xe1_\x04N,\x97\x0b\xdf\xf3\
\xe3F\x8f\x18\xd5\x1d\x92\x5c\xda\x19\xc0\xdf\x00\x94\x83\xc6\
\xc8 \xb7\x03\xf8e\xe7\xebj\x00\xd7\x93\x5c\x1f&\xa0\
\xa4\x95h\x0f{<\x0a\xc0\x1e\x00\x1e\x09`w\xb4E\
k\x92b(\xeav\xc3\xda\xac\x03\xf0\x06\x92\xff\x1a\xfd\
\x0c\xc5Gg\x1e\xce\xe9\x00\x8e\x88(\xe4w\x00\xbc\x99\
\xe4\xad\x11\xc5\x0b\x8c\xa4\xab\xd0\xbe\xa6\xd2\xc6\xfd\x00\xf6\
\x22y\x93\xe9B,\xe9\xa1^o\xbe\x8b\xc4\xa9@\x10\
\xc12\xc2%\xf2\xd7\xa3}^\xb8\xacX\x98z\x9a\xef\
R,\x91!iza\xa1\xf6_\x80^\x08\xe0@\x90\
+\x86\xb6\xdf\xd4\x0f\xff&u\xbe\x03}g\xb6T\xfa\
mGp\xf9\x22\x8cct&\xc6_\x14\xb5\xd0\x9e\xb0\
\xfb}\x00\xbf\xe8\xec\xc1\x15)\x1da\xf5\xab\xce\x17\x80\
\xf6\x05\x81\xf6\xad\xd6\xcf\xeb\xfc?\x83h\x85IRb\
\xc8\xed\xd8:\x00\xc7\x99\x16E\x00@\xf2N\x00\xaf\x92\
\xf4q\xb4\xc5\xd1\x8b\x01<\xc0g\x98u\x00.\x00\xf0\
E\x92\x97GZ`8\x92\x9ed\xee\x95c\xac(\xb2\
\x0c\xc2\xbaD\x96.$\xe7\xd1~m\xbd@R~c\
\xb5\xfad\x02;C\xdc\x81\xc0\x8e\x80v\x10\xd0\x04\xb8\
\x06\xc0m\x80s\x1b5y\xedty\xeaOa\xe7*\
\x06r\x8c$=\x05\xed9\x14\xe3\xca5\x00\xbe\x04\xe0\
<\xd3v\x7fg3\xde}\x00<\xa7\xf3\xb5\x05\xa2\x1f\
\xda\x0a#\xae\xbc\xe6\x00\xda\x22\xe2\xf84\x88\x227$\
\xe5\x00<\x09m\x81\xb4\x07\xda\xc3\x9c\x0f\x04P\xea4\
i\xa2=\xfe\xfdo\xb4\x87N/\x00\xf0S\x92\xf5\xe4\
\xab\x1d\x8c\xa4\x12\x80\x05\xd3u\xb8p)\xc9\xa7\x9b.\
\xc2\x92>\xea\xf5\xe6\xbb\xd0q\x8c\xbc\x11\xbdK\xb4\xa8\
\xadu\x8c\x965\xbe\x1d\xa3\xce\x9b\xc7Y1\xd4b\x1a\
\xa1\xfdF\xf7\x01\x92\xbf7]L\x97\xce\x9b\xee/\x00\
\xfcB\xd2;\x00\xbc\x08\xc0k\x01<\x04\xd1\xbb9q\
\xbaO\xeb\xd1\x16E7\x04z\x22\x12\xa0c\xb9^\xd1\
\xf9\x02\x80\xee~c\xab\xd0\x16Gw\x91l\x99\xa9\xce\
\x17\xdb\x9b.`\x00>\xde\xf8,\x167\xacKd\x89\
\x9f Ci\x87#\x9b\x0b\xc7\x0d\xc2A{n\xc8\xa9\
$\xfff\xba\x98atD\xd2\xd7%}\x03\xc0\xfeh\
\xaf\x1d\xb57\x92\x19\x16\x0b\x13k=\x80\x13\xd2,\x8a\
\x06\xd1\xb1d\xef\xef|e\x85\x1dL\x17\xe0\xc2]\x00\
.5]\x84%\xcb\xc4\xeb\x12Y,]|\x09#I\
30p'Q\x8c\xfc\x10\xc0[\x0c\xad3\x13\x98\xce\
\x9b\xf5O\x01\xfcT\xd2\x9e\x00\xde\x0e`/\x84\x170\
q\x0c\xc5\xadG{Br\xe6DQ\x86I\xa30\xfa\
q\x90I\x90\x16\x8bu\x89,I\xe3w\x1d\xa3\xb7\xc3\
\xff\xe4\xd44r'\x80\x97\x91|n\xd6DQ?$\
\xff\x02\xe0\x10\x00'\x01X\x0b\xff\x8b/\x06]\xf0\xd1\
\xcb\xb1\xfb\x91Q\xa7(\xe3lk\xba\x00\x17~l\xba\
\x00K\x16\x19\xe1\x12YQd\x89\x01\xcf\xc2H\xd2N\
\x00\xde\x1cc-I \x00\x9f\x03\xb0;\xc9o\x99.\
&*H\x8a\xe4\xb7\x01<\x0b\xc0\xf9\xf0/`\xe2\xd8\
/\xed~\x00'\x92\xbc1\xd6\x1f\xde\xe2Fit\x93\
D\xe9:\x9c\x16\x8bG\x06\xa8\x9e\xde\xd3\xfezX,\
\x9e\xf1\xe3\x18\x9d\x8c\xf6\xe6\x8dYe\x1d\x80\x03I\x1e\
\x9d\xf4\xbeUIA\xf2~\x92\xefD{\xd3\xd45\x08\
&\x90\xa2Xa{\x1d\x80\xb7ZQd\x8c\xb4\xfd\x9d\
\xdeC\xf2>\xd3EX\xb2B\x1a\x5c\x22;\xea\xbb\x9c\
\xf14\xc7H\xd2\xb6\x00\x0e\x8b\xb9\x968\xb9\x1a\xc0\x0b\
\x96\xcb\x90\x0e\xc9?I:\x14\xed\xb5\xa6\xf6D2s\
\x89z'Z\x9fdE\x91Q\xd2&\x8c\xd6\x9a. \
\x8dHZ\x01`\xc7f\xb3\xb9#\xc9\x1d\x01l\x09\xa0\
D\xb2\x08\xa0\xe4\x00\x05\x00\x0b\x94\xd6\xa3\xfdac\xbd\
\xda\xdf\xafw&'\xd7\xe5\x81\x7f\x91\xdch\xec\x07\x88\
\x1c\xffs\x89<\xf4\x8a\xbe\x0e\xcb\xd8\xe3u\xf2\xf5\xeb\
\xd0\xfe#\xcd\x22_\x07p\x14\xc94\xae\xeb\x12\x1b$\
\xd7Jz\x0d\x80\x13\x01\xbc\x10\xc1\xefF\xf3sl\x0e\
mQtS<?\x95\xc5#i\x13F\xcb\xda-\x92\
4\x05\xe0Q\xad\x16\x1eC:\x8f\x91\xda+\xdd;\x8e\
\xb3\x12\x00r\xb9\xa5\xc6\xbd\xd0\xb3\xc8\x1c7/7\xc7\
\xce\xf7\x13\x8e\x83\xa6\xa4F\xb3\xf9/\x92\x7f\x85t\x95\
\xa4\xbfNNN\xfe\x15\xc0\xed\xd9\xdb\x8c\xd7\xc1\xc0e\
\xf5\x12\xbd\xe3L\x90\x1d\x93[\xf6\x8c\x14F\x9d\xc5\xe2\
\x8eI\xa0\x968\xf8\x00\xc9\xb7\x99.\xc2\x14$\x9b\x00\
\xce\x90t\x1d\xda\xf3\xc3&:\xa7\xbc\x88\x1c\xbfBj\
\x0e\xc0;\xac(J\x05i\x13F\xcb\xca1\xea\xac}\
\xb5K\xab\x85\x03H\xe7\x99\xad\x96\xf3t\x92\xb3mM\
C\x8c\xd2,^\xdf\x93I\x12\xc2.\x10v\x01\xf8\x12\
\x92h\xb5\x1cH\xba\xbb\xd1h\xfd\x10p\xce\x9f\x9c\x9c\
\xfc\xa9\xe1=\xfb\xc2\x91\xb0K$+\x88,\xf0\xe6\x18\
\x1d\x0e`\xab\xb8\x0b\x89\x81SI\xbe\xdbt\x11i\x80\
\xe4\x85\x92\xeeF{s\xd3\x09D{[?\x00l@\
\x8aE\x91\xa4\xed\xe1\xff\x0e\xcc,\xb3\x85\xe9\x02\xfa\xa8\
I\x8ac\x8b\x92\x96\xe9\x95\xe9{\x91\xb4s\xab\x85\x97\
\xb7Z\xce+H\xee\xb6Y\x08-j5\xb8\xbf\xef\x84\
\xee\x87In\x03\xe0\x08 wD\xb3\xd9\xda\xd0h\xb4\
\xbe\xdf\x11I?\xca\x94s\x9e\xd8\x1dgV\x14Y\x16\
3tK\x90\xce'\x9f\xeb\x00\xec\x9aL9\x91\xf1.\
\x92\xe3\xb4\xdeR$H\xda\x0f\xedI\xf4Dx1\xd4\
%\xd5\xa2\x08\x00$\xdd\x89t\xde\xc2n\x09\xc7\x9a\xce\
\xdc\x1ccH\xca\xb7Z8\x14p\x8e&\xf9\xe4!-\
\x87\xc7\xf1\x95\xd4O\xe3\xcd]$U\x00}\xc7\x99\x9c\
<\xa3\x98\xb2eJ\xea\xf5\xfa\xbb@\xb6WFO\x83\
K$]V,\x16\x9e\x16y\xca\x10H\x9aY\x17d\
Q\xe6u\x91\x972\x94\xe6*\xb4\xb6&7\x0ck#\
\xa9\xb8n\xdd0g{]\xc4U\x8df\xd5\xaaUU\
\x92U`\xf4\x93| \xb2'\x8a\xdemE\x91;$\
\x7f\xd1\x19\x1a=\xa1s(\xa8\x18\xea\x92zQd\xb1\
\xc4\x81\xa4\x99V\x0bG\xb5Z\xce\x9b\xdb\xe2l\xd8g\
\xcc\xf8]\x22/]H\x94\x00\x1e\x96k6_Qo\
6/P\xab\xf5\xfeB\xa1\xf0\x17\xff\x11c\xc4\xbaD\
\xae\xcc\xcf\xcf\xefP\xa9\xd6\xae)\xf6\xed0?\xb2|\
\xc1\xc7\xc0\xba{4\xbf\xa2=\xbf\x807\x01\xf8\xc8\xb0\
f\xf3\x95\xda\xeb\xa7\x0a8sp\x1d\x1e\x8b\x1eR\x9c\
\xdf_\xed\x86\xf9\xcaI\x00\xce\x00F\x0f/dm\xdd\
\xa2/\xb3\xfb\xa9\xc3\xe2\x0a\xc9\x1f\x008\x1b\xde\x16|\
\x1c6\x0d\xd1\x8a\x22\xcb\xb2CR\xbe)\x9d\xd8j9\
\xb7\x92:k\xb8c5|\x16\xafo\x97\xc8\xe7+\xfd\
\xe6.\x8b;\x93$\x81\x17\xe5&&\xfe\x5co6\x7f\
X\xaf\xd7\x878]\x09\x92\x88(j?\x17RvD\
\x91$27y\x0e\xfd\x88\x22\xdf\xd7\xcb\xd2\xc6\xbeB\
l\xfe(\xfd\xcbr\xb9\xf01?\x99\x03e\x1c\xd14\
\xec\xafv\xa00\x92\xf4H\x00O\x09\x19?I\xae\x00\
p\xb4\xe9\x22\xb2\x00\xc9\xf3\x01\xfc\x04\xee\xeb\x19y\xb9\
:\xad(\xb2\x18'\xe9\x95f\x1a\xd2\xb3Z-\xe7j\
::\x93\xe4\xea\xe1\xad\x87\x0b\xa2$\x86\xce\xbct&\
\xf0l\xe6rW\xd4\x9b\xcd\x9fT\xa4\xff\xf0\x9f)\x1e\
\x02\xe8@\x8fQ\xb3#\x88\xbaT\xea\xf5CH\x1c\xd8\
}<\xf2\xb9\x89@q\x07\xba>\xa59\xd29\x22\xd8\
\xd6?>2\x8e\x10DQ\xfcz\x879F\x87D\x10\
?)nD{\x9d\xa2\xba\xe9B2\xc4\xd9\x00n\x87\
w1\xd4\xc5\x8a\x22\x8bQ6]\xac\x09)#I\xdb\
\xb6Z\xad\x0bs\x8e~Dr\xc4\xd4\x82t\xbaD\xa3\
 p\xc0D\xa3\xf9\xb7z\xbdy\x8c$\xa37*X\
\x97h3ss\xda\x9a\xd2&\x07&\x95.Q\xf7!\
\xf5\x86r\xb9|\xab\x9f\x0a\xd2\xe3\x12-\xee=\xec\x0f\
\xe0e\xa1\xf2$G\x1d\xc0\x0bI\xdek\xba\x90,A\
\xb2\x82\xf6\x02\x90~\xde^\xac(\xb2\x18EK\xbe\x89\
\x97\x86\xb4\x7f\xab\xe5\x5c\x05\xf0\xf9\xa3[g\xc3%\x1a\
\xd4\x99\xe44\x89\xb3\x1b\x8d\xd6\xcf+\x15=\xd8\x7f\x90\
pX\x97h)SS\xb5\x8f\x01\xdc\x0aH\xa9K\xb4\
\xe9\xa1\xbe;]*\x9d\xe7'D:\x5c\x22\xf7\xde\xae\
\xc2H\xd2\xde\x00\x1e\x128W\xb2\xbc\x8f\xe4U\xa6\x8b\
\xc8\x22$\xaf\x03\xf0\x0d\x8f\xcd\xad(\xb2\x18c\xd3\xcb\
W<\xef\x9eK\xf3I\x93\xadV\xeb4\xb6\x9cKH\
\x8e\xb8\xa3\xd1\xacK\xb49G(\x8bi\x13$\x9e6\
1\xd1\xbc\xba^o\xbe>)\xf7(z\xf3/\xbb.\
Q\x97j\xb5z\x10\xc8C\xa2\x1f:[z$d\x88\
\xbb\x9cf\xe35\xfe\x16\x15\xf5\xf8\x1bO\xd0%\xeae\
\xd0E\x9f\x15\xb7\xe8Jtf\x91[\x02\xf3\x0d\x00\xb7\
\x8dhcE\x91\xc5\x18\x83]\xa2x\xc6\xd2$\x95\x1d\
\xc7\xf9.\xc0\x93H\x0e]\xd2$\x0d.\xd1fQ\x14\
\xa0\xf3\x00H\x96I|\xbc\xd1h\x9d\xdf\xb9\x935C\
d\xdb%\x02\x80\xfb\xa5U\x02\xcf\x89n\xe8,\x22\x97\
\xc8\xad\x83p\xf4\x8a\x15+\xee\xf1\x13\xcas>\x9f\xa5\
x\x0f<\xbc\xf7\x12a\xd4Y\xbb\xe8\xa5\x81s&G\
\x05\xc0\xe1$[\xa6\x0b\xc92\x9d\x89r\xc3\x5c#+\
\x8a,F\x18\xec\x12\xc5g\x1bI\xda\xb2\xd5r~\x06\
\xf0y\x1e\xab\x1bx\xd6_b\xbf\x1dB\xb8D\x1e\xf3\
\x09\x00\x88\x83\xeb\xcd\xd6\xcf%m\xe9?I\xd2d\xdf\
%\xeaR\xa8\xd5\xce\x14\xb0\xfd\xc0\x06\xe6]\xa2\xee\xf1\
s\xa7\xa7\x8b\x17\xfb\x09\xe5)W\x92.\x91K>7\
\xc7\xe8\x89\x00v\x0a\x95;\x19\xfe\x97\xe4\xf5\xa6\x8b\x18\
\x13~\x05w\xd7\xc8\x8a\x22\x8b\x11\x06\xbbD\xf1\xbd\xe3\
I\xda\xbe\xd5r.'\xf9\xc4\x11-\x87\x9e\x89{\xe8\
,\xb4K4\xa2[\x7f\x13\x02Ol4\x9b\xbf\xa9T\
\xb4\xb3\xff\x84I\x91}\x97\xa8K\xa5Ry\x06\xc0\xa3\
\x5cO\xa6\xc5%\x02 \xe1\xa6\x85r\xe1M~\xc2y\
\xca\xe7\xbf\x14\x8f\x81\x07\x88\x22\x17\xdc\x84Q\x16\x86\xd1\
n\x03p\x96\xe9\x22\xc6\x85\x8ek\xf4\xcd\xbe\xc3V\x14\
Y\x8c\x90\xb4K\x04\x00\x92V\xb4Z\xce\x8fH\xee>\
\xbc\xb24\xb8D\xa1;\x07h\xc2]s\x13\xcd\xdf\xd6\
\xeb\xf5\xbd\xfc'\x8e\x9b\xf1p\x89\x00@\xd2\xb4\xc3\xdc\
g\xddO\xfa\x8a\xe4z$\xaa\xa1]I\xca\xd19|\
\xd4\x0a\xd7\xbeHz.\x91\x06\xb7X$\x8c:\xc3h\
/\x09UC2\x9c\xdc\xb9\xab\xca\x12\x1d\x97\xa1}\xfb\
>`E\x91\xc5\x00\x8b\x86\xce\x96\x9c\x891\xaf\x94w\
\x1c\xe7\x02\x92\x8f\x1a\xd2j\xe8\x99d]\xa2\xc0\x9dC\
\x95Dr[\x81\x975\x1a\x8d\x03\xfc\x15\x10\x17\x9b\x87\
\xce\xc6\x85J\xb5\xfe~\x02\x8b\x9d\xb9\x14\xb9D]\x08\
\x9cY.\x97/\xf7\x136h\xbeX\x5c\xa2!\xa2\x08\
X\xea\x18=\x12\xc0\x03\x02\xd7\x91\x0c\xff\x07\xe0\xcb\xa6\
\x8b\x187z\xe6\x1aYQdI\x1c\x13.\x11\xd0\xfe\
0\xe88\xce\xe7\x00>cH\xab\x00g\xa2\xea`\xd2\
%Z\x0a\x89iG\xba\xa8^\xaf\xef\xe3\xbf\x98(\x19\
\x1f\x97\xa8\xcb\xc2B\xfdI\x82\xde\xb8\xe8`\x04\x16O\
T.QO\xa3\xab\xcb\xe5b4\x1b\xb4\xc7:t6\
\xfc\xf0\xb0\xf8\xfd\xc2h\xdf\xc0u$\xc7I\xc1V\xd6\
\xb4x\xe0R\x00o\xb5\xa2\xc8\x92\x14\xa6\x5c\xa2.\xad\
\x16\x8e\x04x\x98\xfb\xd9\x08\x87\xceR\xe8\x12\xc1[\x93\
%\xadI\x16\x05\x5c\x5c\xab\xd5\x1e\xe9\xaf\xa8(H\xc6\
%JZoI*\x8a:w\xd3]\x90\x11\xb9D!\
C,m&5\xe4\xe4\x0e#Y\xf3\x1a\xda\x95\xee\xb2\
\xc2C\xca\x09N0\x97\xa8\x97\xac\x09\xa3kH\xfe\xd0\
t\x11\xe3\x0aI\x87\xe4\xbfM\xd7aY\x1eh\xc97\
\xdd\x07\xc9\xbc-Iz\x08\xe0|t\xc0\xd9\xc1\xfd\x86\
\x9e\xf5\x15\xcaC\x97\xf8\x5c\x22\xef\x91\x97\xb6&\xb9\x0a\
\xe4O\xe6\xa5!{\xc5EMG&\x8e\x99(\x02\x80\
\x85j\xfdd\x12\x0f\xf3_@R.Q\x07\xf2\xe4\x99\
\x99Bl\xeb\x06\x86w\x89\x06\x88\x22\x9f\xf1\xb3&\x8c\
>a\xba\x00\x8b\xc5\x12\x8eE.\xd1\x12Q\x94P\x0d\
\xd2d\xab\xe5|\x85\xe4t\xdf\x99\xa1u,W\x97\xc8\
\x0d\x82\x0f\x98\xac7\xcf\x97\xe4y\xff\xf6`lv\x89\
\xe2\x14E\xc9I\xf2\xc5l\xac\xd5\xf6\x04\xf4\xb6(\x14\
w\x1c.\xd1\xa6\xe6\xc2\xaf\xa7K\x85\x0fz\xef\xe1\x0f\
\xd3.Q/\x9b\x84\x91\xa4\x07c\xd8\xba\x09\xe6Y\x07\
;\xb7\xc8b\xc94\xa6]\xa2.\xad\x16^G\xf2\x09\
\x8b\x8fZ\x97\xc8s\xeb\xce)\x12\x8fk4\x9a\x9f\xec\
\xdc\xb8\x13\x03\xe3\xeb\x12\x01\x80\xa4\xa9\x9c\xa3\xcf\x13\x9c\
\xf0\xd1\x0b\x83D\x91\xaf\x10>\x9a:\xd2|3\xa7X\
\xd6\x0dL\x8bK\xd4K\xafc\x94v\xb7\xe8\x0b$\xe7\
M\x17a\xb1X\xfc\x93\x06\x97hSFi%\xe0\x9c\
\xbc\xb8\x06\xeb\x12yj\xed\x9e\xef\xc8z\xbd5`\x9e\
VP\x0c\xbaD\x09^\x92\x95J\xed-\x00\x1f\xe3\xbd\
G\xc2.Q\xe7\x7f\x0aoZU*\xdd\xe0\xbd\xa7\xbf\
\xf8\x91\xf5\x0e\xe1\x12\xf5\x92%a\xf4)\xd3\x05X,\
\x16\xff\xa4\xc5%\xea\xe28\xce\x89$\xb7\xdc\x5c\x87;\
\xd6%\x1a\x9dO\x9b\xbe\x9c\x8fl\x94\xb6\xf3\x9cjd\
\x1d\x06\x5c\xa2\x84/\xc9j\xb5\xba\xbb\x80\xf7xk\x9d\
\xbcK\xa4M\xdf\xeb\x07\xd3\xd3\xc5\xcf\xf9I\x15q9\
.=\x87\xbbD\xe1\xe2/\x16FO\x09\x11'n\xae\
&\xf9\x0f\xd3EX,\x16\xef\xc4\xed\x12\x05\x89\x22i\
;\x09'X\x97\xc8Gk\x0f\xefC$WO5\x1a\
\x1f\xf7\x95r@\xa2qw\x89\x00@\xd2DK8\x97\
d\xdeCk\xd7#q\xbbD\x1d\xee\xa3\xd3:\xca\xdf\
\x06\xb1q\xe2\xcd%\x0a[l\x0e\x00$m\x03`\x97\
\x90\xb1\xe2\xe4|\xd3\x05X,\x16\xef\xc4\xed\x12\x05\x8d\
\xe28\xce1$\xca\xc3\xe2Z\x97ht>\xf7\xc3|\
q\xb5\xdax\xa1\xe7\xd4nqS\xe3\x12\xc5[\xc8B\
\xad\xf6z\xc2\xcb\xd63f\x5c\xa2.\x8e\xf0\x9a\x99\x99\
\x99;\xfd\xa4\x8c\x87\xf8]\xa2^\xba\x8e\xd1\x1e\x11\xc5\
\x8b\x0b+\x8c,\x96\x0c\x10\xb7K\x14&\x92\xa4II\
\xaf\x8e$n@\x8d7\x0e.\xd1\xb0\x1c\xa4>)i\
\xb5\xaf2\x00\xc01$\x8a\x5c[\xc5[H\xa5Ry\
0\x1c\x9c6\xbcUH\x97\xc8=\x84\xaf\xa6\x92\xce[\
1]L\xc1{o2.Q/]a\xf4\xd0\x08c\
F\xcd?H\xfe\xcdt\x11\x16\x8be8\xee.\x91\xeb\
\x81\xc0\xf1\xc3Dj6\x9b\xcf&\xb9C\xe8\xb8\x01\x05\
\xd1fQ\x14\xa0\xb3\xe7\xf8\x11\x04\xf5\xe5\x12\xf5An\
Wk4c\xbb\xa5;\x08\xae\x1a\xdd\x80K\x04\xa0\xbd\
\xd2\xbar\x9f!9\xc0\xb5\x8c\xc8%\xf2\xd8aPS\
A\xb75\xeb\xd57\xba\x9cJ\x90d]\xa2^\xb2 \
\x8c\xbeo\xba\x00\x8b\xc52\x98\xe1.Q\x8cCg>\
C\xe7r\xb9\xd7\x84\x0c\x91\xacK\xe41\x9f\x7fA\xe4\
O\x14\xf9\x17\x8ez\xc9\xfc\xbc\x96\x08P\x13\xa4\xc5%\
\xeaR\xad\xd6\x8f$1`\xfb\x19\xf3.\xd1\xa6\x8c\xc4\
\x11\xabW\xaf^\xe7'u\xb4$\xef\x12\xf5\xd2\x15F\
i\x9e_\xf4k\xd3\x05X,\x16w\x8c\xb9D~G\
\xa2\xa4\x95\x92\x9e52\xae\xefB\xbct\x09e1E\
XR\xb0\xa13\xcf\xd1%\x09\xf8\x5c3?\xb5\xeb\xf4\
4\xd7\xf8*-b\xd2\xe4\x12u\x99\x9f\x9f\xdf^\xd2\
\x87\xdck0\xef\x12m>\xaa\x8f\xce\x96J?\xf7\x93\
>:\xcc\xb9D\xbdLv\xfeO\xb3c\xf4[\xd3\x05\
X,\x96\xa5lr\x89\x96\x1e\x8d.~D\xe1\x9b\xcd\
\xe6\xd3r\xb9\xdcD\xa0\x10\xa1\x8c\x9e\xb4\xb8D\xfeN\
\xfb\x7f\x8et)\xa17\x15\xf2\xf9\xbf\xfa\xed\x1a5\xde\
]\xa2\xe4\x90\xc4J\xa5~\x0e\x88\x95^\xeaH\xde%\
\xea~\xab\xeb\xa6\xcb\xa5\x93\xfc\xa4\x8f\x8e\xd1c\xb8I\
\xfd\xd6&;+\x96>8\xa1|~\xb9\x85\xe4\x1d\xa6\
\x8b\xb0X,\x9bI\xc2%\xf2wb4\xb9\x5cn\x7f\
\xdf!2/\x88F\xf4\x18\xfd>\xe4\x85\x1b\xe4\xe0\xc4\
Ba\xea\x22\xd3\xb7t{\xbf\x1c\x93/\xb3R\xa9\xbf\
\x0c\xc4A\xa3jHV\x10->#\xa9\x99\x83\x0e#\
Y\xf1SFx\xbc]\x88q\xff\xd6\x1cg\xf3\xde\xf4\
\x93ho\x032\xf0\xf6U\xc3X\xb7\xc8bI\x11Y\
r\x89zq\xa4gv7.\x0f^\x88\xd7.i\x10\
E\xf1\xbaD\x92\xd6\x838\xb505\xf5\x89\xd0;\xad\
G@\x1a]\xa2.ss\xda\x1a\xac}\x1c\xe8^\x7f\
\xe9\x13E\x00@\xe2\xd4\xe9\xf2\xf4\x1f\xfd\x94\x11\x9et\
\xb8D\xea\xbb%r\x12\xe9\x1eF\xbb\xd2t\x01\x16\x8b\
%\x9b.\xd1\xa6\x10\xd2v-\xc7\xd9-\x5c!^\xba\
\xc4#\x88\xfcG\x8e\xcf%\x92\xe4\x00\xfct!?\xf5\
\x1e\x92\xf7\xf8*+\x06\xd2\xec\x12u\x99\x98\xaa}\x14\
\xe0V\x83\xea0-\x88:G\xfe0S*\x9d\xee\xa7\
\x94\xf0\x98\x9fK\x04,\x15E@[\x18\xa5y\xe2\xf5\
\xf5\xa6\x0b\x88\x02I\x9fE\xfa\xb7\x5c\xc9\x12\xdf y\
\x8a\xe9\x22\x96\x0b\xee\xa2(f\x97(\xc2\x14\xcdf\xf3\
\xe1\xcc\xe5F7L\x91(\x92\xd4\x02p\xa7\x802I\
\x8f\xeb\x02\xc5<\x97H\xba\x84\xd0\x9b\x0b\x85|*\x96\
O\xc9\x82(\x9a\xafV\x0f\xa4xhZ]\x22\x00\x90\
Tq&r\x87\x91l\xf8)'r\x0c\xbbD\xbdL\
\x02\x88h\x7f\x9bX\xb8\xc9t\x01\x11\xf1@\x00\xde>\
\xb1Z\xbc\x90\xe6kvlH\xb7K$\xcfu\x90\x1c\
\xfe\xb7gX\x10Ij\x02\xbcD\xc2\x85\xa4s\xfd\xd4\
\xd4\xd4-\x00\xd6\x90lv\xceOU\x80\x07L\xb4Z\
O\x86\xf4T\x08/ \xb9\xcd\xd0\xa0\x1eN\xf9\xa8\xfc\
z\x11'\x14\xa6\xa6~dz\x1e\x11\xe0g\x94,x\
\xa9\xce\xe8&#\xb9\xff~\xad\xa2\xea\x9fJ\xd2%\x1a\
\xdc|X\x10\xbeue\xb1h\xce\x84H\x89K\xd4\xcb\
$\x80\xd9\x04\xea\x08\x820>\xc2\xc8b\xc9\x14\xe9v\
\x89|\x0e,\x91\x0f\x1b8\xbb\xc8\xb8(\xc2\xf7Z\xad\
\xc9\x13J%\x0e\xdc\xb9\xbc\xf3I\xfe\xd6\xce\xd7\xd7%\
\x1dWo\xb5^J\xe1m\x80\x1e\xe1'\x9f\x9f\xaa%\
\xdd/\xe2=\xc5\xa9\xa9O\x19w\x13:$\xe1\x12E\
u\x95\x17\x0a\xb53\xd1\x9e\xc3\x1b<~L.\xd1\xe6\
S\xfa\xd9L\xb9t\xb6\x8f\x8a\xa2%E.Q/9\
\x00\xd3\xf1\x96\x12\x98;\xd20\xa9\xcfbYNl\xf2\
a\x96\x1821\x8b\x22O\x06\x90w\x97\xa8\x17\xba\xb9\
\xb5\x01Bm\xee\x12\xaas\xef\xc1S\xa7\xa6&\x0e\x1e\
&\x8a\xdc Y+LN\x9e759\xb1'\xa4w\
JZ\xfa:9\xa0D/UKjB\xf8h!?\
\xf5\xd0R>\xff\xf14\x88\x22\xf7\xa7\xcfs\xcb\xe09\
\x02R\xa9T\x9e\x01\xe2\xa8\xc0\xf1}\x163\xd8%\x1a\
\x16D\xeb\x08\xbd\x8ad\x14\x06\x99\x7fR*\x8a\x80\xb6\
0\x9a\x89\xaf\x94P\xdch\xba\x00\x8be91\xd8%\
\x8an\xe8,\xf8\x88G\x08\x07@z`\xd8PQ\xcf\
%\x92p\xfe\xe4\xe4\xe4{\xc2\x0cM\x91l\xe4\xf3\xf9\
\xd3 =I\xd2\xe6\x8d>\x07\x08\x22oO\xb3\xbe\x0f\
9{\x14\x0aS\xc7\x93\x5c\x1b\xb4\xb6(q\x15D\x11\
\x0f\x9dE\xf9\xc6,i\xda\x11?\x1b8\xbeOA\x14\
t\xf6\x92\x80\xd7MOO\xdf\xe6=[<\xc4-\x8a\
$\xf9\x12E@\xba\x85\xd1\xed\xa6\x0b\xb0X\x96\x03\xe9\
v\x89\x22\xa9c\xc6_\xbe\xc5\x99\xa3u\x89\xda\xb4Z\
\x13o\x89j\xbeN\xa1P\xf8skj\xea\x09\x10\xfe\
\x19\xd8%\x02\xfe\xe6\x10\x07\x14\x0a\xf9\x03\x8b&\xe7\x9b\
\xf4\x905\x97\xa8K\xa5R}?\x89\x9d\x03\xc5\x8f\xdd\
%\xda\xd4\xec[3\xa5\xd2\xd7\xbdg\x8b\x9e8\x9e\xfb\
%9\x02\xeeL\x9cfa\xb4\xd1t\x01\x16\xcb\xb8\x93\
~\x97(\xd0\xcc\x89~f\xd2\xe0\x12\xf5\xf0\xdbR\x89\
7\xf9\x0f:\x982yK\xab\xd5|\x96\xa4M\xb7\xd0\
{\xf9-J\xba\x97\xd0k\x0bS\x93{\x96\xa6\xa6~\
\x1aeMa0\xee\x12\x05\x0c\xbb\xb0\xb0\xf0$\x01o\
\xf4\x1d\xc2\xc7\x9f\x5c\x18\x97\xa8\xd3\xea\x8eV\xb3~\xac\
\xc9\x89\xf4\xad\x98\xe3\x07q\x89z\x99Dz\x85\xd1\xbc\
\xe9\x02,\x96\x98\xb8\x0d\xc0\xfa\x18\xe3?\x10\xc0\x8aa\
\x0d\xdc\x05\x91\xeb\x81\xc0t#IZ\x07`\x8d\xf7\xf0\
\xdej y\x97\xc7Bf\xe0cm\xc7\xcd\x15D.\
\x88\xba\x8d\xae\xf5\x1fx4\xa5R\xe9\xc6z\xbd~\xa0\
\xa4_\x83\x9c\x18Z\x81\xd4 \xf8\x91B~\xea\xfd$\
\xe3\xbc\x16}\xe3\xdd%\x8a(~D\xa1%\x15\x17*\
\xd5s\xe1WqD\xe2\x12y\x87\x0e_\xbdr\xe5\xca\
\xfb|u\xca\x10a\x04Q\x97I\xa4w\xf2\xb5\x15F\
\x96q\xe5M$\xbf\x13WpI_\x01\xf0\xf2\x81\xe7\
\x97|\xb3\xe4A\xb8\xfc}\x8f\x09|sbb\xe2\xb5\
\x91%\xf0S\x8b4\xd5j9y\xcf\xed]\xbe\xf3\x9e\
\xcc[\x13\x01U\xff\xc1\xbd\x91\xcf\xe7\xaf\xac\xd5\x1a\x1f\
\x02\xf0\xd6!U\x5c \xa7\xf5\xd6b\xa9\xe4k\xd2w\
\xdcx\xd7\xe8\xe9r\x89\xba,T\xab'\x83|X4\
\xc5xm\xea/\x88\xa4O\xcd\xce\x94~\xe4\xbdSv\
\x88B\x10u\xb1Ci\x16\xcb2\xc1\xd8\x5c\x22\xb3L\
ym\x18x.\xd1\xe6\xce\x1e\x9b\xf0\x91\xfe\x13x'\
\x9f\x9f|\x1f\xa0\x9b]\xf2\xff\xc5!\x9e^\xc8\xe7_\
TJ\x99(Zr[T\xd2s\x89B^\xb8\x1b7\
\xd6\x1e#\xe1m\xbe\x0a\x0a\xd5\xd4\xe7s!\x00\xd2\x0d\
\x0b\xd3\xa5\xb7x\xef\x94\x1d\xa2\x14E@[\x18\xa5u\
\x9f4\xeb\x18Y,\x11\x11\xf7\xd0Y\x0cS@\xa2b\
\xa4;\xb3x\x82\xb5O<\xbc?\xf57!\xb0o\xad\
V\xfbO\xff\xc9\xbcAr^\xe4\xb1\x9b\x0b\xd0\x9d\x90\
\xf3\xea\xc2\xd4\xe4cKSS\x97\xc6\x957\x12L\xcc\
%\x0ay\x8dJ\x9a\xe2\x84\xf3y\x8e\x18\xbe\xf4\x9b/\
\xec\x5c\xa2\xde \x92\x9c\x5c\x0e\x87mK\x8e\x95\xe1\x10\
v.\xd1 &\x01\xa4u\xad \x9f\xb3\x02,\x16K\
?I\xce%\x8a)|(H:\x8dF\xb3B\xb2\xe4\
v>\x89\xa13\xd7\xbar\xb9\xafKz2\xc9{\xfd\
'\x1eMqj\xeaG\xd5z\xfdK\x14\xd7\xe4\xf3S\
g\x90\xdc\x10G\x9eH\xc9\xc8\x5c\xa2~\xe6+\xb5\x13\
I\xee9\xb2a\xc2s\x89\x16\xabq\x9eQ.\x97\xc6\
jS\xf68\x04Q\x97I\xa4w\xc8*\xads\x9f,\
\x96L\x90\x84K\xe4\xef\x841\x16\x00,\x12F\xa6\x04\
\xd1f\xb8k\xa3\xd9\xfcM\xadV{Y\xa1P\xf8\x8b\
\xff\x22FS\xcc\xe7\x8f\x88#nr\xa4s.Q/\
s\xd5\xea\xc3\xe0\xe8=C?\xc7\x1b\x98K\xd4\xf7\xf0\
\xaf3\xe5\xe2{\xbd\x07H?q\x8a\x22\xa0=\x94\x96\
\xd6!++\x8c,\x96\x80\x0c\x9eK\x14\xa3(\x8a.\
|\xd4,Z\xa8\xd0\xbc(\xea\xc2]@\xfe\xa9\xdeh\
|V\xd2\xb6\xfe\x8b\x19W\xd2;\x97hQ(i\x22\
'\x9cK\xb2\x10E\xbeXD\x91T\x87\x93;\x8cd\
\xdd{\x90\xf4\x12\xd7\xd0Y\x7f\xc4\x1c\xaccd\xb1\x8c\
\x15\x0e\xb0\x1c\xe7\x12\x0d\x84\xe4\x8d@\xff\x5c\xa2\x00\xc3\
\x12\x91\x8a\xa2vk\x92\x04pT\xbd\xd1\xf8g\xad\xd1\
8\xabV\xab\xc5:1;\xfd\xa4w.Q?\x0b\xb5\
\xda\xeb\x08<)\x8a|\xa1'X\x0fj*\xbccv\
\xb6\xf07\xef\x95\xa4\x97\xb8\x5c\x22\xb7\xa8i\x16Fi\
\xbd[\xceb\x1e3{\xfbd\x85E\xcf\xce\xb2u\x89\
6!\xe1\xc6$\x5c\x22\xef\x91\x97\xb6&9K\xe0x\
\xe6r\xffW\xab5~_\xaf\xd7_+i;\x7f\x85\
f\x9d4\xb8D\xde~\x93\x95Jeg9:=l\
\xbe\xc8&X\xbb\x1f\xbflf\xa6t\x96\xf7@\xe9$\
N\x97hP\xd44\x0b\xa3Y\xd3\x05XR\xcb\x82\xe9\
\x02\xb2A\x1a\x5c\x22\xf3\xaaI\xd4\x8dir\x89F\xe5\
#\xf1X\x80\xe74\x1a\xcd;\xea\xf5\xc6\x1fk\xb5\xc6\
\xfb\xea\xf5\xfa\xe3%\x8d\xbe\xeb)\xb3\x04\xfb\xac\x13\xad\
K\xe4\xad\xb1$:\xe2gH.\xbe\xa3;-.Q\
\xfb\xe4\x86\xc6\x04\x8e0\xb6AlD$\xe9\x12\xf5\x92\
\xe69F;\x99.\xc0\x92Z\xac0\x1a\x8a\x83tL\
\xb06/\x8a\x00\x80\xd2\x9f}wJ\xc0%\x1a\x95\xaf\
\xd3c/\x10'\x0b\xfc]\xad\xde\xb8\xb3Z\xaf\x7f\xb9\
Vk\x1e\x22i\xb5\xe7\xd4cJ\xd2.Q\x97\xf9j\
\xf5H\x10\xfb\x07\xcd\x17\xabK\xd49\xd5\x12\x8f[]\
*\xdd\xec=`\xba\x88\xcb%\x02\xbc}\xc8K\xb3c\
\xf4`\xd3\x05XRKZ\xc5\xfc\xd80\xd4%\x1a\xf9\
z\x95\xae\xf1\xb5\xc9\xc9\xc9\xdfK\xf2\xb6=\x93!\x97\
\xc8K\x0f\x92[\x11<\x0c\xd4\xd7k\xf5\xc6\xbd\xd5Z\
\xe3\xf2j\xbd\xfe\xb6j\xb5\xea}\xb5\xe51 \xfa\xa1\
3\xef\xf1\xe7\xe7\xe7\xb7\xa7\xf0!\xef\xc5x)-*\
\x97\xa8sJ\xbah\xc5t\xf1\x8b\xde\xabJ\x17q\x0a\
\x22\xaf\xcew\x9a\x85\xd1V\x92\xec<#\x8b\x1bV\x18\
\xc5\xc88\xb8D\xbd\x90\xdcH\xf2\xaa\x91\x0d\xd3\xe3\x12\
\x8d\x84d\x8e\xc4>\x04\xcf`n\xe2\xdaZ\xbdq}\
\xad\xd68\xb3^\xaf\xef3\xceCn\xd1\x0d\x9d\xb97\
\x1e\xd6]\x12\xc5\xdc9 W\x8e.\xc6ki\xd1\xb9\
D\x9d\xd3\xf7@\xad\xff1\xb9AlP\x8c\xb8D\x03\
\xd2\xe5\x00\xdc\x1dK%\xd1`]#\x8b\x1bV\x18\xc5\
\xc4\xb8\xb8DK\x90~>\xf8\x1cR\xeb\x12\xf9`W\
\x10'\x0a\xbc\xbcVo\xdcQ\xad7>_\xadV\x9f\
/)\xad;\x1b\xf8\xc2\xa4K\xd4\xa5R\xa9\xbf\x8c\xe4\
A~\xf3\x85v\x89F\xe4\xd3\xa2\xefy\xf4\xec\xecl\
\x9a\xdf\xd3]I\x83K\xd4K\x0e@\xaa\xf6\xcc\xe9c\
g\xd3\x05XR\x89\x9dc\x141A_@F5\x12\
\xd2q\x0b\xa1\xa4o\xb9\x9f\xf0\xd0\xd7[3o\xad\x07\
\x9c\x8a\xf2m\x81\xe4\xd6\x84^\xc5\x5c\xee\xc2j\xad~\
o\xa5V\xbf\xa8R\xab\x1d\x99\xd5yI&]\xa2.\
sss[\x8b\xfax4\xa3^\x91XM.\xa7\xf4\
\x85\x15\xd3\xc5\x8b\xbc\x077O\x9a\x5c\xa2^\xd2.\x8c\
\x1ec\xba\x00K*\xb1\x8eQ\x84\x84y\x01\x19%\x8a\
\xd2\xc2\xd4\xd4\xd4\x9f \xdd\xb8\xe9@\x8a\x5c\xa2\xe8\x9f\
'A\x02$\x80d\x89\xc0A\x04\xcf\xad\xd6\xea\xb7W\
\xab\xf5//\xd4\xeb\xfbJJ\xfd\x96Kip\x89\xba\
\xe4\xa6\xa6>\x0aa\xab\xe0\xd9\xfcf\x1c\xde\xb4\xff\x94\
\x84[j\x95\xd2\xf1\xde\x83\x9b'].\xd1\xe2\x939\
\x007\x03hFTS\xd4<\xd1t\x01\x96Tb\x85\
Q\x04\x84w\x89\x22y\xf9O\x84\xce\x9c\x8b\xf3\x00\xc4\
\xe0\x12\x8d\x08\x9a\x80K\xb49b[\x14\xb9A\xb2\x08\
\xe2\xb0\x9c\xf0\xabj\xbdqM\xb5Z?aN\xf2\xfc\
f\x9f$ip\x89\xba\xcc\xcfW\x0f\xa4xh\xf0l\
>3\xfa4\x1d%\x099\x1d\xbe\xd5V\x9c\xf3\x9e\xc4\
4\xf1\xf8\xc8\xc1>\xe4-=\x99#\xd9\x04pK$\
UE\xcf\xe3\xb3\xf0\xc9\xc6\x928v(-$\xcb\xc1\
%\xeagrr\xf2l9\xaa\x8ej\xe7_\x10\xf9\x13\
Eq\xbbD^ \xf00\x10\x1f\x9a\xaa\xd5o\xad\xd4\
jgn\xd8\xa0m\x22/)\x00q\xbbD~C\xac\
]\xab\x95\x22>\x15.[t.\x91\xebi\xf2\xc3+\
\xca\xe5\xcb\xbc'\x19?\x82\xbbD\xee\x0dr\x9d\xff\xff\
\x15\xa6\xa8\x18Y\x05\xe0\xe1\xa6\x8b\xb0\xa4\x8e\x0c}2\
J\x17q\xb9D\x9eC\x18\x84\xe4\xdd$\xbe4\xe8|\
\xe4.\xd1\x00Q\x14-\xc3]\xa2Q\xb4\x87\xdax\xe2\
\xe4T\xfd\xa6J\xad\xf6\x819i\xebH\xcb\xf3A\x12\
.\x91\xe7\x10\x1dC\xa3P\xac\x9dI`\xfb`\xa5\xc5\
\xe7\x12m>\xae\xbf\xcf\x96\x8b\xef\xf2\x9eh\xfc\x88\xca\
%\xea%\xed\xc2\x08\xb0\xc3i\x96\xa5\xdcj\xba\x80,\
\x12\xa7K\x94vQ\xd4\xa5\xd9\x9c\xfc\x80\xa4%\x1bj\
f\xd5%\x02\xbc\xbbD\xc3 Y&\xf8\x96\xa9Z\xfd\
\xa6J\xadvz\xaa\x96JI\xd8%\xea6\xdeP\xa9\
\xec\x07\xe0h\xff\xd9|f\x0c\xe2\x12\x01\x90\xd4\xc8\xc9\
9\x8c\xe4H\x17t\x1c\x89\xda%\xea%\x0b\xc2\xe8\x99\
\xa6\x0b\xb0\xa4\x8a\xbbI\xda9F>X\xce.Q?\
\xa5\x12o$\xf1\xc1\xee\xe3\xac\xbbDQ\xcf_%9\
M\xf0\xed\xb5z\xe3\xeaJ\xa5\xf1\x8ch\xa3\xfb\xc4\xf7\
/'\xa4K\xd4\xdb\x98\x9a\xa6\xc3\xcf\xf9/\xcdG\xc6\
\x80.Q\x0f\xa7\xcc\xcc\xcc\xfc\xc5[\xb2\xf1\x22\x0e\x97\
\xa8\x97,\x08\xa3\xe7H*\x9a.\xc2\x92\x1an6]\
@\x96\xb0.\xd1R&''O\x97\xb4f\xb9\xbbD\
#\xb2\xfc\x07r\xfa\xd9B\xb5\xf6)I+\xe2\xcd\xe6\
^\x80\xbf\xc6\xee\xa2(h>\x82{\x93\xee\xcb\xc5\x98\
t\x89z\x1a\xfdvv\xba\xf4\x01\xef\x09\xc7\x838]\
\xa2^\xba\xc2\xe8\x1a_\xbd\x92e\x06\xc0\xb3L\x17a\
I\x0d7\x99. \x0b\xa4\xc6%\x12\xd2\xb1\x90Q\x0f\
\xed\x95\xb0q\xa4\xf7\x1e\xe3\xed\x12-\xcd\xb2\x19\x92\xaf\
\xa9\xd6\x1a\x7f\xabT\x1a\x07\xc4\x97uH\x01\x9e:\x84\
\x08\xe13_\x0a\x5c\x22HZhM\xe0\x95\x9d\x1b\xa7\
\x96\x0d\x03\x9f\x9b\x88\x5c\xa2\xde\x97\xa9\x1c\x00\x90\xbc\x11\
\xc0\x9d\x9e#$\xcf\x8bL\x17`I\x0dV\x18\x05\xc1\
\x84K\x94bKijj\xea\x12A#>q/;\
\x97h\xe9\x81\xf6\xc1\x07\x82\xfa\xc9B\xb5\xfe\xaeX\xef\
\x126\xec\x12\xf9\xcf\x16 \x88\xef\xf8.\x90o^U\
*\xa5y\x94'R\x86~\xc8\x8bH\x14\xf5\xb7\xcc\xf5\
|\x7f\xb9\xe7(\xc9s\xa0\xa4\xbc\xe9\x22,\xa9 \xb3\
\xc2\xc8\xd8\xf0\x93\x09\x97(\xc5\xa2\xa8K~r\xf2d\
\x0d|\xdd[\xbe.\xd1\xa6\x83}\x10:\xb5Z\xad}\
5\x96\xa9\x0d\xbe\x5c\xc5\xe5\xe7\x12mn\xab\x1f\xcf\x96\
\x8b\x9f\xf6\xd1%\xd3\x04w\x89\xbc=\xab\x83ZfE\
\x18\xad\x04\xf0b\xd3EXRA&\x85\x91\x96|\x93\
t\xe2`\x8d\xc6\xc9%\xea\x87d=?9q0\xa0\
k7\x1f\xb5.\xd1\xd01X\xf2\xd0J\xad~\x91\xa4\
R\xac\x85\xb9\xb2\x8c]\xa26k'\xa0Wgq\x83\
\xd8 $\xed\x12\xf5\xd2+\x8c\xae\xf0\x1c\xd1\x0c\xc7\x99\
.\xc0\x92\x0a2%\x8c6\xfd\x1d'\xed\xa2x\xca\xb7\
\xfc\x5c\xa2~H\xaemNN>\x1b\xd2\xbf\x97\x93K\
\xd4\xcd4\xfc\xc0\xe6zz!p@\xa5V\xff\xbe\xa4\
\xe9x*\x1bT\xc7\xd2#q\x8a\x22\xf7\xa3\xd1\x89\x22\
\xdfP\xc7LOO\xdf\x1e\xa4k\x96\x18\xa5\xcd}\xf6\
\x0a\xd4\xb2W\x18]\x85t/\x9c\xf78IvM\xa3\
\xe5\x8d\x83\x0c\xada\xe4\xee\x12\xa5E=,O\x97\xc8\
\x8d2yKcj\xf2\x09\x00\xfe\xea\xda`\x0c]\xa2\
%\x97\xa4\xcfw\x22\x02\xfbU\xaa\xf5\xafI\x9a\x88\xb4\
8\xd7\x1a\x22p\x89B\x8fzEb5\x05\xben\x04\
|m\xb6\x5cv\xdf\x08y\x8c0\xe9\x12\xf5\xb2I\x18\
\x91t\x00\xfc\xc6s\x063\x1co\xba\x00\x8bQ\xae#\
\xb9dq\xbe\xb41\xd8%J\x83\x82\x88\xd0%\x0a\xd4\
!\x9dL\x93\xb7OMN>E\xd2%\x9b\x0eZ\x97\
h($\x0e\xaaV\xeb\xff/|U\x83\xb0.\x11\x00\
HX\xe34j\xaf\x0f\xd8=\x13\xa4\xc1%\xeae\xb2\
\xef\xf1\xe5H\xf7\xad\xf1/\x94\xf4\x1f$o6]\x88\
O\x0e\xc6\xd2\xe7:\xcdL\x03\xf8'\x80Y\xd3\x85\xf4\
\xf1[\xd3\x05\x8c\x22\xcb.QD\xa12\x0b\xc9\x0d\x92\
\x9e\xd7h6?\x0d\xe1Unm\xb2\xec\x12\x0d?0\
\xf2\x84;\xc4\x9b\x17j\xb5\xbf\x94\x0b\x85\xaf\xfa\xaf\xca\
_\x0d\xc9\x0a\xa2\xc8\x82\xf8\x8d\xb4\xa4'\xa1Jm\xe5\
\xcaF\xe0\x10)\xc7\xbf \xf2\xd4\xc0_\xcb>\xe5\xd4\
\xfff\x9d\xf6yF\x93\x00N\x03\xf0\xdf\xa6\x0b\xf1C\
\xd6\x96l\x97t8\xd2'\x8a\x00\xe0w\xa6\x0b\x18\x84\
\xbb r=`\x08+\x8a\xbc@\xb2!\xe9\xd5\x8dF\
\xe3\x1f\x12\xdeGr\x0a\x88\xebG\x0e\xbe\xc7\x99\xbf,\
\xa3\x0e\x0c<\xe8-\xbe\xa3\xb3\x17\x16\x16\xae(\x97\xcb\
\x11lF\x1er\xd8\xccg\x87\x08$X,.\xd1\xa2\
\xde\xe4C\xcb\x0b\x95\xb30b{\x92\xac\x11L\x9bG\
?l\xe6\xd60\xd7\xf7\xf8J\xa4{\x9e\x11\x00\x1c\x22\
\xe9\xf1\xa6\x8b\x18W:\xeb\x94\x1cg\xba\x8e\x01\xa4\xd2\
1J\xb7(\x1a>k\x22\xae\xb9\x1a\xbd]\xb2\x06I\
\xe5\xf3\xf93\x00\xed%\xe1\x8fq\x0e\x9d\xc5I\x14s\
\x89\xbc\xe4 \xb9B\xb9\xdc\x97$\xf5\xbf\x9f\x04\x886\
\xea\xc8\x88\xee)\x99K\xe43\x92\x97\xdeG\xcd\xcd\xcf\
\xbf T\xc8\x14\xe1\xba:C\xd2s\x89\x86\xe4[t\
!\x93\xac\x01\xb8\xc8sv3\x10\xc0\x87M\x171\xc6\
<\x17\xc0.\xa6\x8bpa=R\xb8B\xfb\xe0\xb9D\
i\x90\x04f]\xa2\xcd]R\xb6\xf4\xb5G\x0a\x85\xc2\
\xd5\xf9\xfc\xe4\x13\x05\xbdERD\xaeo\x9a\xe6\x12\x0d\
=12~oO\x82O\xadT\xea\x91:\xf9Y\x1d\
:\x0b\xf7\xd7?\xa0\xb7\x00\x8a\x9f\x9d\x9f\x9f\xdf>p\
\xe84\x13\xd1\x5c\xa2\x91\xa1<6rS\xf8\xdf\xf4\x5c\
\x819\x9e$\xe9\xa5\xa6\x8b\x18S\x8e7]\xc0\x00\xae\
L\xd3\xfa\x1d\x9b\xfeTS\xe9\x12\x01\x91\x89\xa2\x80.\
\x91\x82vN\x19$\x9b\xc5|\xfe\x83\x90\xf3(H\xbf\
\x08\x1e)\x8d.QpQ\xe4J\x0e\xa7K*\x07\x0a\
\xda\x17\xdf\xd70H$.Q\xe8 \x9bN\x07\xc7]\
\x10\xf5\x1c\xde\xb2\xe5\xe0\x0b\xe1\x9d\xb9\x14\x11\xb1K4\
\xb2\xb5\xc7_\xb5\xdb\x13|\x09\x80\xfb=Wc\x8e\x8f\
J\xda\xcat\x11\xe3\x84\xa4G\x020\xbb\xa3\xf6`R\
3\x8c\x96n\x97h0\x81\x86\xce\x02\xe4\x08\xdc9\xc5\
\x14\x8b\xc5\x7f\xe6\xf3S\xfb;\xc43$\xbfs1;\
21\xe3.\xd1\xc8\x9e\xc2\x8e\x95J-\xd40\xbcu\
\x89\xdc\xf3mjA\x1e0\xb7qa<\xeePK\x99\
K\xd4\xcb\x12aD\xb2\x01\xe0\x02\xef!\x8c\xb1\x1d\x80\
sM\x171f\xbc\xdbt\x01C0.\x8c\xd2\xef\x12\
\x0d\xc6\xbaD\xe1!\xa9\xd2\xd4\xd4/\x0a\xf9\xc9\xa78\
\xc43\xa5Q\xcb\x9blv\x89\xd2\xb0\xa5GX\x97h\
\xa8\xce\xea\x9e$\x8f\x93T\xf0\x1b\xdf\xf1S\x99\xcf\x1f\
#\xe3.\x91[\x8b\x0fl\xd8\xb0a\x8fPiM\xd3\
\x1av\xd2\x8cK\xd4\xcb K.\x0b\xc3i\x00p\x90\
\xa4\xff1]\xc48 \xe9\xe9H\xef\xb6+B\xfb\xc6\
\x00\xa3\x05,\xfe\xa6\xfb \xdd\x22\xc0\xbaD\xd1\xd3\x11\
H?+\xe4'\xf7q\x88\x03 }_\xea\x97>\x06\
]\xa2\x81\xa2(\xa2\x1c\xc3On[\xa9\xd4_\x168\
Y\xa8b\x966\x1d,\x8aF\xf6\xbdMR#\x15.\
Q\x1f$\x0b\x0e'\xbe\x1aD\x80\xa6\x1b\xb3.Q/\
\x83\x84\xd1/\x00\xdc\x13,d\xe2\x9c%i7\xd3E\
d\x99\xce\xea\xb5\x1f5]\xc7\x10~Kr\x9d\x89\xc4\
\x8b\x5c\xa2%\xa2(\xddX\x97(^:\x02\xe9\xa7\x85\
B\xfe@\xa75\xb53\x84\xff\x85\x9c;\x97\x85K4\
0\x1f\x00*\xd4pZ\xb0b\x966\x0f\x13\x84\x0en\
\xa0\x06;\xe8\x06\x5c\xa2E\x10x\xd4\x86\xf9\x85\xd3B\
\x95\x91*\x22v\x89\xfc\x85\x5c\x82\xab0\x22\xd9\x02p\
~\xf0\xb0\x89R\x06p\x91\xa4-L\x17\x92a\xde\x09\
\xe0\x91\xa6\x8b\x18\x82\x91k1\xab.\x91\xafa\x09\xf8\
m\xdc\xdf%\xdd\xcfER\x94\xcb\xbc\xa5P\x98:9\
\x9f\xcf\xef$\xc7y\xb1\xa0\x1fJ\x8aeQ\xbeT\xb8\
DC\x1b\xf0?\xab\xd5\xea\xae\x81\x93\xfb*fi\xd3\
\xa0.Q\x7f\xd3\xe9\xe9\xd2\x99\xfd\xc3\xa5q\xbbD.\
\x0f\x87\xc0\x136l\xa8\xec\x1f\xb8\x9c\xd4\x10\x83K\xe4\
\xfb\x97$\xf4\xde=;lv\xfb\xd7\xfd\x866\xc8n\
h\x8b\xa3\xa2\xe9B\xb2\x86\xa4\xbd\x01\x9cl\xba\x8e\x11\
$:\xe7-n\x97\xa8\x19I\x94\x08\xb0.Q\xe4\x90\
l\x14\x8b\xc5\xf3K\x85\xc2s\x8b\x85\xfc\xd6\x84^!\
\xe0\xbb\x92*ac\xa7\xda%\xea\xc3q\xf0\xa2@\x05\
\xf8*fi\xf3PA\xfa\x9a\x92l\xb5&p\xb8\xa4\
\x85\xc1\xf1CT\xe7\xe2\x12\xf9\xcd\xe1@_Z\xbf~\
\xfd\x96!\x0a3\x88\xf7\x9f8^\x97hi\xa7\x81\xc2\
\x88\xe4\xaf\x00\x5c\x1d$\x8d!\xf6\x01\xf0\xe5\xce\x02\x85\
\x16\x0fH\x9a\x05\xf0\x15\xa4{\xbb\x92?'\xb9\x05L\
\xdc.Qj\xa4\x84u\x89b\x87\xe4\xfaB\xa1\xf0\xd5\
R!\xff\xc2b!\xbf5\xe4\xbcD\xc27$m\xf4\
\x1b+\xfd.Q_c*\x9c02\xe4\x12\xf5\xb3\xaa\
T\xfa\x97\xc87\xa7\xc7%Z\x0c\x89\xed11\xf5\xe9\
q~\xdf\x8b\xd7%\x92k\xd7Q\xeb!dm!\xc5\
\x97\x008\xcbt\x11Y\xa0\xb3\x16\xc6\xd7\xd1v\xdb\xd2\
L\x22\xc3hq\xbbD\xd1F\x0aA@\x8d\x17\xd8%\
J\xc5\x0fm\x1e\x92\xf3\xc5b\xf1;\xa5b\xfe\xd0\x8e\
H:\x08\xc2\x17%\xdd?\xac_\x96\x5c\xa2\xc5\x8d\xb9\
\xd7\xbau\x01\xa77$\xe9\x12y\xc87[.~Z\
\xd0O\xbc\x07\x1c\x128\x02\x97\xa8\x1f\x02/\x9a\x9b\xaf\
\x1e\x1e2L\xeaH\xc2%\x1a\xd4u\x940\xfa\x1a\x80\
;\x82\xa45\xc8q\x92>\xd3\x99Pl\x19\xcc\x07\xd0\
^\xe5:\xed\xc4.\x8c\x92p\x89R\xa1\x0f\x02\x0a\xa2\
\xe1/!\xd1\xe6[\x0e\x90\xac\x16\x8b\xc5\x8b\x8b\xc5\xfc\
\xab\x8a\x85\xfc\xb6r\xf8L@\x9f\x04\xb0\xa6\xb7]\xe6\
\x5c\xa2\xbe\xc6\x93\x85\xea\xe3|\x17\x13l\xd4\xab\xefL\
\xf8|\xbd\x87Ij\x02z5\xa0u\xa1\x02G\xe4\x12\
\xb9A8\x1f_\xb7\xae\xf2\x90\x08C\x1a\xc5\x84K\xd4\
\xcbPaD\xb2\x0e\xe0\xe3~S\xa7\x80\xa3\x01|k\
\xfcng\x8c\x06Io\x05\xf0f\xd3ux\xe0\xef$\
\xaf\x8f+\xb81\x97\xc8\xc4$\xa3$]\xa2\x80\xf9\x96\
#$\x1b\xa5\xd2\xd4\xcf\x8a\x85\xc2\xeb\x0b\xf9\xa9\x9dr\
\xc4\xe3\x05\x9d\xee\x00\xd7-j\x98\x09\x97h1\x04\x9e\
\xe0'J\xb8l\xd1\xb9Dn\xa7\xa6\xa7\xa7\xd7\x808\
6P\xe0\x18\x5c\xa2\xa5p&7\xe1\x9c')\xcd\xd3\
\x22Fb\xd2%\xea\xc5\xcb\xd2\xe2\x9f\x020\x1f\xa4\x0c\
\xc3\xbc\x10\xc0\x0f;\xf3h,\x1d$\xbd\x09\xc0\xff3\
]\x87Gbs\x8b\xdc]\x22\xd7\x03\x81\xe3G\xfc\xe1\
>\xe2B\xbct\x09e1Y|B\xd2\xc9\xe7\xf3\xbf\
/\x15\x0a\xef(\x17\xf2\xbbS\xce\xee\x12N\x82\xe4\xb2\
\x86W:]\xa2EG\xc5H7\xfb\x8e\xdb%\x1a\x15\
i\xa6T\xfa\x86\x84o\xf9\x0a\x1c\xa3K\xb4\x04\xf2\x89\
\xeb7\xcc\xbf3\xce\x14qb\xda%\xeae\xa40\x22\
y?\x80\xcf\xfb-%%\xec\x07\xe0\x0f\x92\x1em\xba\
\x904 \xe9\x9d\xc8\xce\xbc1\xa1=\x94\x1by\xd0\xc1\
.Qt\xa2hp\xe2\x04\x09e\xf4X\x97\xc8+\xf3\
\xf3\xf3;,\xd4\xebO\x89:n\xb1X\xbc\xae\x5c\xcc\
\x9fQ*\x16\x9e\x00\xb5v\x86t\x1a\xa0\xbb\xd3\xec\x12\
i\xf1\xf7\x0f\xf5\x131X\xb6\xe8\x5c\xa2Q\x91HJ\
\xad\xfa\xb1\x02\xee\xf4\x148v\x97\xa8/]{\xe1\xac\
\x93\xd7\xaf\x9f\x8f\xc5\xa9\x8b\x8b\xb4\xb8D\xbdx\xdd\x8c\
\xee#\x18\xb1\x88w\x8a\xd9\x0d\xc0\xef$\x1dc\xba\x10\
SH\x9a\x92\xf4\x05\x00\xffk\xba\x16\x1f\xfc$\xeaa\
\xb4e\xe3\x12\xf9^\xc8\xa8\xdf%\x0a\xdcyY!i\
\xaaZ\xad\x9f\x90\x9b\x98\xbc\x8eN\xbc\x1f8J\xa5\xd2\
\xcd\xa5R\xe1\x9d\xc5B\xfe\x81\x22\x0e\x91t\x95\x9f\xfe\
\x89\xb9D\x8b\x8f>(\xec\x86\xa7\xa6]\xa2~V\xae\
\x5cy_N|\xf5\xd0\xc0.Cgq\xd3]x\x9d\
\xe4\x04r\xfa\xea=\xf7\xdc\x93\x89\x91\x924\xb9D\xbd\
x\xbahI\xde\x88l\xec\x9f6\x88\x22\x80\xb3%}\
[\xd2*\xd3\xc5$\x89\xa4\x1d\x00\xfc\x0c\xc0\x11\x86K\
\xf1\xcbG\xa2\x0c\xb6l\x5c\xa2\x00\xc4\xed\x129\xa3\x9b\
d\x8e\x85z}\x9fj\xad\xf1'\x10\x1f\x229Cb\
\xafZ\xad\xb6g\xdcyI\xd6\xcb\x85\xc27K\xc5\xc2\
\xde\x90\xf3\x06I\xeb\x87\xb5O\xda%\xea\x85\xe4\xd4\xc2\
\xc2\xc2\x03\xfcd\xf0\x127I\x97\xc8\x8d\x99\x99\xe2\x0f\
\x01}fT\xbe\xa4\x5c\xa2%\xbb\xd1\x80\x0f\x9e*\x96\
\xd3\xbc\x93\x01\x80\xf4\xb9D\xbd\xf8Q\xf3\xefF\x8a\xd6\
\xa6\x0b\xc8\x8b\x01\x5c/\xe9\xd5\xe3\xbc\xeeC\x17I\xcf\
\x07p\x15\x80\xc8m\xfe\x98\xb9\x86d\x80\xdbc\xddq\
\x80\xf1w\x89\x02\x90\x84K\x94\x81\xa7\xc1\x17\x1b6h\
\x9bj\xb5\xfe\xc5\x9cp9\xb9x\xb5x\x09G%U\
\x07\xc9f\xa9T\xfaD\xab\xd9\xd8U\xc0/\xdd\xdaD\
\xe7\x12\xb9G\xf38\xfc\xb4\x93\x9f,\xc3\xe3\xfa(:\
B\x97\xc8\x8d\xeaB\xe9DH7\x0d\xca\x97\xa4K\xe4\
\x06\x81W\xdd?7\x1f~\x91MS$\xed\x12\xf5u\
\xf0,\x8cH^\x07\xe0l\xbf\xf9R\xc86\x00>\x07\
\xe0JI\x91N\x0eL\x0b\x92\xb6\x95\xf4%\x00\x17\x02\
\xc8\xe2\xaa\xa8\x1f\x8b4\xda\x22\xcb\xc2\xbaD@\xfc.\
QF\x9e\x06\xcfH\x9a\xa8\xd4\xeb\xc7LN\xd5\xaf\x07\
q\xb8k\x1b\xe0\xc8\x85\x85\x85\x07&Y\xd7\xec\xec\xec\
\xdd\xa5B\xfe\xd9\x80.\xef\xa9#b\x97\xc8]\x14y\
\xc1!}\x0d\xe9\xa4\xd5%\xeag\xeb\xad\xb9A9\x1e\
.I\xe9p\x89\x96\x92#>3??\xbfC\xcc\xe5\
DO\xd2.\x91K'\xbf\xe3\xbf\xa7\x00X\x1b$w\
\x0ay,\x80\xdfJ\xfa\xb2\xa4\xddM\x17\x13\x05\x9d\xb9\
Do\x04p=\x80W\x9a\xae' k\x01|9\x9e\
\xd0ip\x89\x04\x93\xc6\xabu\x89\xfcS\xaf\xd7\x1f[\
\xad\xd5\x7fG\xe1l\x92\xab\x06\xb5#Y\xcc\xe5&\x13\
\x9f\xc7G\xb2&\xc79LR+\x0d.Qoc:\
,\x07\xcf\xe63c\xcc.Q?+\xca\xe5\xcb)|\
0\xae\xf8nx\x11D=l\xd1l\xe1\x8ba\xe7y\
%F`U\x19\xc2%\x1a\xd0\xc9\xd7\x13\xd6\xb9C\xed\
=~\xf3\xa7\x18\x028\x0c\xc0\xdf%],\xe9\xa9\xa6\
\x0b\x0aBG\x10\x1d\x0d\xe0\x1f\x00>\x0a`\xa5\xe1\x92\
\xc2\xf0\x19\x92\xa1\xf7\x95ZL\x80\xd9\xc8\x03\x08\xe7\x12\
\x99\x95\x0c\xd6%\xf2\x87\xa4\xd5\xd5j\xed\x9c\x96\xa3+\
I\xee\xed\xa9\x13\xf1\xcaz\xbd\xbeW\xcc\xa5-\xa1\x5c\
.\xdf\x02\x0c\x19~N\xd0%\xeam\xec\x90\xd3~\xba\
\x05\xce\x98\x80K\xe4\xc6\xccL\xf9\xdd\x0e\xf0\xb7\xb4\xb8\
DK \xf6\x9f\xdb\xb8p\x5c\xf4\x15EL`\xabG\
\xc1\xbb\x0e!\x88\x92\xfc\x14\x80k\x82\xd4\x92b\x08\xe0\
y\x00.\x95t\xa5\xa4\xc3\xb2\xb0\xfe\x91\xa4\xad;\x8b\
5\xfe\x13\xc0g\x00\xfc\x87\xd9\x8aB\xd3\x04\xf0\x09\xd3\
E\xb8\x11\xde%2'\x19\xacK\xe4\x0fI\xb9J\xad\
vD\xadV\xbf\x1e\xe4kI\xfa\x9a\x8f\xd8\x12\xce\x93\
4\x13W}CXz\x17\xa7\x01\x97\xa8\xb71\x1d\xc7\
\xb3c\x14(c\xc2.Q?$\xab\x13p\x0e\x93\xd4\
\x88+G A\xb4\xb8\xff\x19k7lxTD\xe5\
DO\x92.\x91\xc7|\xbe\x85\x11\xc9&\x807\x05(\
'+<\x0e\xed\xa1\x9c\xbb%}W\xd2!\x92B|\
\xea\x89\x16IEI\xcf\x93\xf4M\x00\xb7\xa1\xbdX\xe3\
\x83\x0c\x97\x15\x15\x9f'\xb9ft\xb3d\x19\xf8wd\
]\xa2\xb1s\x89j\xb5\xda\xa3j\xb5\xfa\xaf\x08~\x01\
\xe4\xd6Ab\x10\xd8\xbdZk\x9c\x9b\xf8\x0d\x1eTi\
\xd1cC.\xd1\x22r\xaa\xf9\x09\x91\x0e\x97H\xf0s\
/\xe5\xcc\xcc\xcc_I\x9e\x128\xdd\xa0*\x82\xbaD\
}\x90\xcc\xe7\x94\xfb\xaa\xa4b\x04eEG\x88\xf1\xaf\
\x10\x06\x93'\x02\x8d=\x92\xbc\x04\xc0\x0f\x82\xf4\xcd\x10\
E\x00\x07\xa3\xbd\xd1\xea=\x92.\x92\xf4\x16IO\x94\
\x94O\xb2\x10I;Kz\xa5\xa4o\x03\xb8\x07\xc0\xc5\
\x00^\x0a \xd1:bf\x0e\xc0\xc9\xa6\x8b\xe8e\xa8\
K4\xf2\x0f\xcc\xbaDYB\xd2\x8aJ\xad\xf6aG\
\xf83\xc8'\x87\x8a\x05\x00\xc4K+\xb5F\xc2\xab\x10\
s\xe7\xc5Ex%\xa4K4$\x1f\x95\x9b\xf3\x16\xc0\
\xc7pw\xac.Q\xb0\xde\xb3\xd3\xa5\x0f@\xf8]\xa8\
\xd4\xbdUD \x88z!\xb1\xc7\xfa\x0d\xf3gD\x1a\
4q\xd4\xf3o\xa0\xae\x9e\x09\xb3\xaf\xca\x09h\xaf,\
]\x1a\xd5p\x0c(\x018\xa8\xf3\x05\x00UI\x7f\x00\
\xf0\x1b\xb4\xf74\xba\x01\xc0\x8d\x00n'\x19\xf8\x8a\xee\
L\x92{0\x80\x87\x03\xd8\x1d\xc0\x9e\x00\xf6\x01\x90\xbd\
;\x0b\xfcs:\xc9\xbbM\x17\xd1%.\x97(\x91\x09\
\x9ah\x8f\x0d\xc7\xe9\x12E\x1a\xd0 \x92X\xaf\xd7_\
V\xab\xd7?L\xf0\x01\x08\xe9\xf1\xf4\xfe\xb4$N\xad\
Tj\xab\x8a\xc5\xfc[I\xc6\xba\x9c\xd3\xdc\x9c\xb6\x96\
j\xcf\xa0\xaf\x1f\xc0\xfdw\x13\x85 \xea\xe2\xe4\xb4\xc1\
O\xb80\xf9L\x08\xa2.$\x9b\xeb\xd7W_\x89\x5c\
\xeb*\x92\x81\xdf\x13\xa3\x16D\x8b \x8f[\xb7q\xe3\
\x0fW\xcd\xcc\x5c\x12_\x928HN\x10u\x09,\x8c\
H\xfe\xa33\xbf%\x8b\x9b\xcc\x86\xa5\x08`\xdf\xceW\
/\x15I7\x03\xb8\x05\xc0\x06\x00\x1b;_\xf3\x9d\xff\
khO\x8c^\x05`u\xdf\xff\xab\xd0\xbe\xb5~9\
n|{3\x80\xb3L\x17\xd1%\xdc\x5c\xa2\xa0g\xa3\
\xc4\x01\xfc\xbe\xc3\xfb\xf8\xb0\x1eyPCT\xab\xd5\xdd\
j\xf5\xfa'\x01>#\x8axK~Z\x01 \xdf\x5c\
\xad6\x1e \xe9\x18\x92\x1e\xdd\x13\xffL\xe6k\xef\x87\
\xe8\xe3\xf5<\xe4\xb0\x99\xc7\x0e9g\x22\xba\x9f9\xa5\
\xa2\xa8\xcb\xca\x95\xc5\x7fn\xd80\xff\x16\x05\x9c'\x19\
\x97(\xea\x8d*\x87_\x9a\x9b\x9b{\xe4\x8a\x15+\xee\
\x8d%Y\xe4$#\x8a6\x7f\x98l\x13j'^\x92\
\x9f\x90\xf4l\x00\xcf\x09\x13g\x8c(\xa1\xed\xf4\x8c\xc5\
\xed\xff\x09r\x12I\x9fs\x11\xa2'\xcb.Q(b\
\x196K\xefO-\xa9\x5c\xad\xd7\xdf%\xe1D\x82S\
\xa1\xe3\x8d:@\xfcw\xb5\xd6x\xea|\xb5z\x5c\xb9\
P\xb8 \x8c\xab\xbc$\x95\xc4J\xa5\xf6f\x88G{\
\xec\xe1\xe3\xa8\xaf\x10\xae\xb4&\x9c\xf0\x8e\xd1\x88|\xe1\
\xe6\x12E\x1a\x1033\xe5s6\xcc/<\x1f\xe03\
=W\x11\xa3K\xb4\xe4R$\xb6s\x9c\xdcg%\xbd\
0\xca\xeb0z\x92\x13DnD\xb1\xbe\xc1\x91\x00R\
3\x04b\xc9\x1c\xbf#\xf9\x0d\xd3E\x04\x9fK4\xb0\
\xf7\x883)!\x96\xa1\xb3\xf4\xfe\xd4\xd5j\xf5\xa0Z\
\xbdq\x0d\xc1\x93\xc8\x04D\xd1\xa6\x83\xda!\x07~\xa7\
R\xab\xfft\xbeZ}\x81\xa4\xd0\xb9\xab\xd5\xea.\x95\
j\xfd[ \xcf\xf4\xd6#\xbe\xb9D\x83\x9a6\x17\x0a\
w\xf8\x09\xef'_\xf8\x09\xd6\xfe\xf2y\x81\xa43A\
\x1c\x09`\xe8V-\x9b\xd2\xc5\xe8\x12\x0d\xbc\x14\xc9\x83\
\xd7m\x98?2\x96\xc4\x91`V\x14\x01\x11\x08#\x92\
w\xa1-\x8e,\x16\xbf\x08\x86\xefp\x1c\xfa\x02\x12\xbc\
\xb7\xf7\x10\xa6\xf0\xf0\xae\xe2\xff\x8d'\xbd?q\xa5R\
\xd9\xb9R\xab]\x0c\xe6.B\x04wq.yn<\
^H\x04\x9e\x91\x03/\xa8\xd6\xea\xb7V*\xb5\x0f\xcd\
W\xab/\xf0\xba:\xb1$.,,<hc\xa5v\
\xf4\xc2B\xed\xa2\x96\x83\xeb\xd1\xde\xe6\xc8o\xb5.\x95\
\x05\x0a1\xb4\xa9\x80\xdb\xb6\xd8\x82\x9e\x04\x82\xdf|\xe1\
\x04\x91K\xef\xbe\xc3a&\x84MOO\xdf\xe6\x08\xaf\
\x1bZEDw\x9c\xb9\xc6\x1et\xb0\xe7\x04\x81\x8f\xae\
__\xdd%\x96\x02\x02\xd3.2\x90\xe0\x0dp}\x0e\
#\xd4PZ\x17\x92?\x90t6\x80c\xa3\x88gY\
6|\x81ddwr\xf8%\xb8 \x1a\xde0\xbd\xf2\
\xa0C,.\xd1\x10\x0c\xee\x22+\xa9P\xab5\xde*\
\xe8\x1d\x04#\xb9]\xd9\xbbK4\x94\xed@\x9c\x90\x03\
O\xc0\xc4$*\xd5\xda\xed\x80n\x15\xb8^\xd2z\x10\
\x1b\x00LB(\x11,\x03\xdai\xa1Z{0s\x13\
3\xb9\xce\x84\x08o\x13\xad\x93\x1d:\xeb\x13\x8b\xc1\xd6\
\xbbKz.\x91F\xb6\xf0\xcd\xca\x99\xd2\xd7\xe6\xe6+\
\x07\xd3E\xb8&*\x88\x06\x9e\xe0\xb4\xc3\xe6W$\xed\
C2\xb65\x98\xbcc\xde%\xea%\x12a\xd4\xe1D\
\x00O\x87\x9d_c\xf1\xc6\x0d\x00\x8e3\x918\xae\xb9\
D\x9eC\x98\x22\xe9\xb9D\x86\x9f\x8cJ\xa5q@\xb5\
\xde\xf8\x04\x89]\xfc\xdd\xad\xe5\x8e7A4\xf4\xc40\
\xb6\x07\xb8=\x00,ZO\x92\x9b\xbfa\x04\xe3^q\
\x09\x22\xb7\xe6\xa4\xae\x0d\x15 \x5c9\xa3{kd\x8b\
\xc0\x90\xd4\xdc\xdc\xdc1\xcaM\xeeK`\xdbM9\x92\
v\x89\x86@\xe0q\xeb\xe66\x9e\x8c\xf6\x06\xf1\x86H\
F\x10\x8dn\xbe\xf8ld{\xa8t\xb6q\xf8o\x00\
\x11o\xe7`\x19C\x9a\x00^Nrc\xd2\x89\xbd\xd8\
\xcc>{\xfb\x0ba\x8aX\x5c\xa2t\x8a\xa2\xf9\xf9\xf9\
\x1d+\xb5\xfa\xb7\x99\xd3O\x08D2\x5c\x10\xb3(\x1a\
}\xfdD0\xee\x15\xa7K\xe4\xd6\x9c\x82wa4\xc4\
U\x0c\xf7\xb75d\xe8,\x92\xf8\x83i\xdf\xf9\xe5\x1c\
\x05\xc47t\xe6q\x04wX\xafw\xce\xcd\xcd\x85Z\
\xb7+8\xc9\xb9D~?\xceF\xba\xb9\x1c\xc9\xbf\x02\
x\x05\x8c\x9a\xe7\x96\x0c\xf0>\x92W&\x990\xd8\x0b\
\xc8\xc8\xde\xdeC\x04j\x1c\x01\x1e_\xf5#\x1b:3\
\xa8\x10%MU\xab\xf5\x13s\x13\x93\xd7\xb9\x0da\x04\
\x8a\x89%\xc3Ca\xd5\xb5kO\xef\x05\xf8\x8f\xe6+\
\x84\xcf|\x83\x07\xea\x04\xc7\xc9]\xe1=\x92\x9f\xf8!\
z\xf7\xfd|q_\xaa+gf\xbe\xefH\xe7\xc6\x11\
;\x986_|\x92d\xce\x01\xbfr\xef\xbd\xf7\xae\x88\
\xa8,\xcf\x04\xfa\x8b\x89\xe4\xfa\x1c\xdd\x22\xf2]wI\
^\x00\xe0\xadQ\xc7\xb5\x8c\x0d\xbf\x06pZ\x92\x09S\
\xe3\x12\x99\x10E\x1e\x9ax/\xcb\xbfK\x94\xa4N\xaa\
\xd5\x1a\xaf\x03q&Cm\x5c\xba\x99\xb8]\xa2\x91=\
3\xe8\x12mr\x01\x84[gf\xf2\x81\xf7\xd4\xcc\xaa\
K\xe4F\xb3V9\x01\xd0\xcdQ\xc5\x0b\xae\xcd\x07\x9d\
\xe4\x7fL\xe6\x0b\x89\xaeG\x18\xc89\x89\xdc%\x1a\xdc\
\x22ra\x04\x00$?\x04\xe0\x93q\xc4\xb6d\x9a9\
\x00\xaf \xd92Z\x85\x09\x97(IQ\x94\x12\x97(\
i\x1dX(L}IR\xe8\x05\x05]\x7f\x9c\x18\x5c\
\xa2hE\x91\xcf\xf8!\xf2\x0ds\x896A\xfd(\xe8\
:9Yw\x89\xfa\xd9j\xab\xad\xe6\xa8\xdc\x11\x8a`\
,-\xb8K4*5_\xb9n\xc3\x86\x97\x06\xa9)\
v\x12r\x89z\x89E\x18u8\x0e\xed=\xbd,\x96\
.\xaf#y\xb3\xb1\xec\xcb\xc1%\xf2\xc08\xb9D\xbd\
\x90\xbc\x1f\xc4\xc7\xc2\xc4p\x15D\x03EQD9<\
\xe5\xf3\xde8.\xd1>\xca%\xea%\xa7\xdc\x8f\xfc\x94\
\xe1\xb3\x14\xef\xbd5\xf4ab\xacXQ\xbe\x0c\xe0\x87\
\xc3\xc4\x88\xd6%Z\x8a#~\xfa\xde\xf9\xf9\x1d\xfdU\
\x153\x09\xbaD\xbd\xc4&\x8c:\xae\xc0\xa1\x00\xfe\x14\
W\x0eK\xa6\xf8 \xc9\xaf\x18\xcb>\xee.\x91G\xc6\
\xcd%\xea\xa7\x98\xcf\x9f%\xf9\xdf\x9f\xcb\xbaDA\x9a\
\x0e\x10f\xd2\xc2\xc6r\xe1\xe7~J\x097)\xd5\x9b\
Kd\xfa\xda\x5c9[~\x97\xe0\x7f\x09\x83`\xda\xdc\
\xfbO\xdcmI`U\xae\xa9/u\xf6\xec4O\xc2\
.Q\xefE\x18\xeb\x13@r\x1e\xc0\xf3\x00\xdc\x1ag\
\x1eK\xea\xf9&L\xce;\xb3.\xd1\xd8\xbaD\xfd\x90\
\x5cK\xf0t?}\xacK\x14\xa4\xe9\x90\x00\xc4y\xdb\
&r\xc7i\xba]\xa2~HVE\x1d&\xa9\xe9\xb5\
O\xdc.Q\x7fK\x12\xfb\xad\x9b\x9b?\xc1s\x808\
\x88\xe4\xfa\xf4\x19\xac\xafI\xec\xca\x90\xe4\x9d\x00\x0e\x00\
p[\xdc\xb9,\xa9\xe4W\x00\x0eO\xef\xbe<\x11\xba\
D\x81:\xc4\xcf\xb8\xbbD\xfd\x14\x0aS\x1f\x06\xf0\xaf\
Q\xed\xacK\x14\xa4\xa9\x87\x8c\xad\x89\x04\xe6\x97f\xc3\
%\xeag\xf5\xcc\xcc\x9f\x01\xbcoT\xbb\xa4\x5c\x22\xf7\
s:\xed\xfe\x8d\x1b\x1f\xe3)P\xd4$\xed\x12\x0dx\
\x22\x12\xb1\xccH^\x8f\xf6N\xf47$\x91\xcf\x92\x1a\
\xae\x01pp\x1a6\x88u'b\x97(e\xaf\xc2q\
\xbbDC\x0e\x1b\x85d\x0d\xe2\xf1\xc3\xdaX\x97(H\
SOo4\x97\xcd\xce\x16\xae\xf6\x5c\x97o\xb2\xe5\x12\
\xb9\xb1rv\xfat@\xbf\x1ft>i\x97\xa8\x1f\x92\
Sh\xe2k\xb7J%\xcfA\xc3\x92\x02\x97\xa8\x97\xc4\
\xc6\x12;\x93n\xf7\x05\xf0\xf7\xa4rZ\x8cr\x07\x80\
g\x93\xbc\xdft!K\xb1.\x91\xe7\xd6C\xde\x87R\
\xf8co\xa2X\x9c\xfa\x81\x80\x8b\xdc\xcee\xdd%\x8a\
(\x84\xcf\xa6\xde\x82\x10\xceG\xbdg\xf3K6]\xa2\
~H6\xe1\xb4^)\xa9\xda{\xdc\xa4K\xb4\xa4!\
\xb1\xfb\xec\xdc\xfc\x07<\x05\x0eKJ\x5c\xa2\xde[\xa5\
\x13\x9ddE\xf2\x0e\x00O\x05\xf0\xc7$\xf3Z\x12g\
\x03\x80\xe7\x92L\xe1\xdc2\xb3.Q\xfa^\xb4\xc7\xc3\
%r\xa3Y\x9fz\x0d\xa4{\xbb\x8f\x97\xfc\xba2\xea\
\x12\x85\x0c\xe1\xb3\xa9\x8f \x0e~].\x97/\xf4\xd6\
\xd8\x0f\xd9w\x89\xfaY\xb9r\xe5\xf5 7\xcd\xbb4\
\xed\x12\x0d\xc8\xf7\xfa\xfb\xd6o|\xb6\xe7$~I\x89\
K\xe4\xd63\xf1\xd9\xe7$\xef\x03\xf0\x0c\xb4\xe7\x9eX\
\xc6\x8f{\x01\xecG\xf2/\xa6\x0bY\x8aY\x97(]\
/\xdc#^H2\xe8\x12\xf53;\xcb\xbb\x00\x1d\x0d\
X\x97(XS\x1fo\xbc\x8e\x04\xb4\xde\x18\xfd\x5c\xc2\
\xd1\xea<k\xd7e\x97\x953\xe5OJ\xf8y\x9c.\
\xd1\xc8P#\x1aQ\xf8\xc2\x86\x0d\x1b\xb6\xf1\x9c\xcc+\
>nC\x8c\xd3%\x1a\xd4\xd3\xc8my$\xe7\x00<\
\x0b\x80\xef\xb5.,\xa9\xe6\x16\x00\xfb\x90L\x99#\x18\
\xe1\xd0Y@\x97HA;\xc7\xc2\x08A\xe4\xe3\x05$\
\xed\x14\x8b\xc5\x0b\x1da\xf3\x96\x0c\xa9v\x89\xdc\xa3\xc5\
\xe5\x12\xb9g\xf3\x19\xa4\xdb\x948w\xa6=\xb18\x22\
\x86\x5c\x88}\xa2(\xab\x90tZ\x93|\x15\x80\xf5\x9b\
\x0eF\xec\x12\x8dl=\xa2\x11\x89m\x9b-|VR\
\xf8]\x98}\x92\xb4K\xd4\x8b\xb1\xf5\x0a:\x9b\xce>\
\x1f\xc09\xa6j\xb0D\xca\xdf\x01<\xb93\xd1>\x13\
D\xf0\x9e\xe5\xa3K\x1a^\xc2\xc7\xdf%r\xa3T\x98\
z\x03\xa4?\xa4\xdf%r\x17E\xbeB\x84\xca\x16 \
H\x9b{\xe0\xb4\xde\xe9\xbd\xa3\xf7\xc0\x83\x0e\x8f\xc3u\
\x09\x00[\x96\xcb\xffv\xa87\x02H\x8dK\xb4\x04\xf2\
\xa0\xf5\xeb\x17\x8e\xf6\x9c<\x02L\xb8D\xbd\x18]\xc8\
\x89d\x83\xe4\xb1\x00\x0e\x03\xb0`\xb2\x16K(~\x0b\
`_\x92kL\x17\xe2\x15\xeb\x12\xf5\x9d\x1a#\x97\xa8\
\x1f\x92\x15\xa7\xd5|\x01\xa0;\x16\x9f\xb1.Q\xa0 \
=M%I\x0e^>;;{\xb7\xf7\x0aF\x05\x1f\
^Z\x12\xd7e\x04\xbbwxf\xf5\xf4\xf4yp\xf4\
\xdd!\xd5x\x8e\x15\x85K\xe4\xda\x85\xad\xb3\xd6\xaf_\
\xbf\xab\xbf^\xc10\xe5\x12\xf5\x92\x8a\x15.;+\x22\
?\x0e@f\xdc\x06\xcb&~\x04`\xfft\xde}\xb6\
\x14\xeb\x12\xb9\x9c\xf6\xd7#\x93LOO\xafqZ|\
\x81\xa4J\xfb\x88u\x89\x02\x07\xe9\x85<uv\xb6\xf4\
S\xef\x01\xfc\x04_|(\x89\xebRR\xa2\xa2\x08\x00\
H*G\xe75\x12\xfa\xc4\xa5A\x97hI'\x96\x9b\
\xe0W%M\x05\x89\xe05\xcbhQ\x14,\x88\xdf\x1f\
;\x15\xc2\x08\x00H\xfe\x1d\xc0c\x01|\xc7t-\x16\
\xcf|\x04\xc0A$3\xe1\xf6Y\x97\xa8\xefT\x22.\
\x91\x10v\xc3\x87\xa8\x98\x9e\xce_I8\x07KN=\
H\x7f\xeb\x12-9\xf8\x8b\x99rq\xe4b\x85\x81\x18\
s\x97\xa8\x9f\x15+V\xdc#\xe2\x7fz\xaa\xf1\xdc\xd7\
\xf3o1\xa0(\xea\xc6'\xb8\xf7\xda\xb9\x8d\xa7\x04\x89\
2:K\xf8\x16Q~\xc8K\x8d0\x02\x00\x92\x1bH\
\xbe\x04\xc0\x09\x00</\x9bnI\x9c\xb5h\x0b\xa27\
\x91L\xfd\xef\xc9\xbaD.\xa7\xfd\xf5\x08QG,\x81\
\x03S*\x95.\xc9\x11/\xf6\xb3-\x03`]\x22\x97\
C\x7fj\xd4k/\xea\xec\x89\x19-\xcb\xc0%rc\
\x8b\x15\xd3\x17\x01\xf8B,.\x91\xef\x1f\xaf\xddi\xa9\
\x16\xd6Ik\xe7\xe6\xf6\xf5\x1bmx\x96p-\xe2\xf8\
\x90\x97*a\xd4\x85\xe4Y\x00\x9e\x06\x0f\xcb\xfa[\x12\
\xe7\x0a\x00\x8f&y\xb1\xe9B\x22g,\x5c\xa2!$\
\xea\x12\x09\x12\x90\x82\xf7\x9b%\x14\x8b\xc5\x8bE\xbcL\
\xd2\xc8\x15\xd9\xa3\x1f:\xf3\x19?D\xbex\x5c\x22\x00\
\xd0\xd5N\xb3\xfe_\xabW\xaf^\xe7\xbd\x1a\xff\xf9\xc6\
\xdd%r\xa3Y\xaf\x1c\x0f\xe8\x96Q\xed\x92r\x89\xfa\
!I\x09\xe7\xad]\xbbve\x90\xc8\x8b\xb3\x84o\x11\
\xd7\x87\xbcT\x0a#\x00 \xf9k\x00\x8f\x04p*\x80\
@\xd6\xb7%R\x1c\x00\xef\x07\xf04\x92\xe3\xb7\xef]\
\xe6]\xa2\x11$\xec\x12\xa5\xec\xfdf\x09\xd3\xc5\xe2\x05\
P\xee\x99\x92\xd6\x0dj\x13\xdd\xd0YD.QX=\
\x13^U\x01\xd0urZ\xfb\xaf\x5c\xb9\xf2>\xef\xc1\
\xfc\xb3\x5c\x5c\xa2~\xb6\xdaj\xab9\x11G\x0ck\x93\
\xb8K\xd4\x07\xc1\x07ib2\xc6\xfd\xf0\xcc\xb8D\xbd\
\xa4V\x18\x01\xed\xdd\x88I\xbe\x1b\xc0\xa3\x01\x5cj\xb8\
\x9c\xe5\xcc\x9d\x00\x0e \xf9\xaeX\xacs\x93\x04T\x07\
\x81]\xa2\xa4_\x8b\xadK4\x90r9\x7fy\x8ex\
2\xda\xebombY\xbbDC\xf3\xe9\xd2V\xb3\xb1\
Otw\xa0\xb9\xa7NB\x14\xa5\x99\xd5\xb3\xb3\x97\xa2\
=\x7fs\x11q\xbbD~\xba\x12|\xf9}\xeb6\x1c\
\x1a$\x93\x97:\x824\x89\xf2\xb7\x9aja\xd4\x85\xe4\
u$\x9f\x0e\xe0\x08\xb4WV\xb6$C\x13\xc0G\x01\
<\x8c\xe4\xcfM\x17\x139\x01\x05\x91\xbf\x97\x90p\xf9\
Ba]\xa2\x91\x14\x8b\xc5k\x1a\xf5\xfc\xde\x12~\x08\
X\x97h\xe0\x9b\x8et\xcet\xb9t@\x9cN\xd1r\
u\x89\xdc\x98\x9b\x9d~\x87\x84\xeb\xba\x8f\x93p\x89\xfc\
v%p\xce\xda\xb5\x0b;\xf9\xcd8\xac\x0eO\xcd\x82\
\xf5\xf4E&\x84Q\x17\x92_\x02\xb0\x1b\x80s\x91\x89\
\xf1\x8bL\xf3s\xb4\xe7\x12\x1dOr\xfd\xc8\xd6Y#\
I\x97(`\xbePX\x97\xc83+V\xf0\xdeR1\
\x7f\xa0\xa0\xb7JrwD\x97\xa9K$\xa9\xe6\x00\xc7\
\xce\xce\x94\x8f%\xd9\xf0\x1e0]dE\x10u\xd9\x89\
\xacP<\xcc\x91Ziq\x89\x5c\xba\xaeT\xae\xf5e\
I\x13AB\xf4\x07\x1b\xd9$\xd6\xd74\xa1\xf7\xee\xd9\
L\x09#\x00 \xb9\x96\xe4Q\x00\x1e\x0f`\xfc&\x00\
\x9b\xe7\x16\x00/&\xb9?\xc9kL\x17\x139\x01G\
\xbfB\xb9D)xM\xb6.\xd1pH:\xe5b\xf1\
LL\xe4\x9e\x00\xe9\xaaM'\x96\xb5K\x84_;\xad\
\xdc\xa3WL\x972\xbb;A\x96\x5c\xa2~V\xad\x9a\
\xfe#\xc8S\x876J\xd8%\xea\xefD\xe0\xa9k\xd7\
o8\xd1o\x18\xd7`\xc3\x9a\x05\xeb\xe9\xa3\x8e\xc5d\
N\x18u!\xf9\x07\x92\x07\x01\xd8\x13\xc0\xf9H\xc5\xdb\
O\xa6\xa9\x00x/\x80\xddI\x9eo\xba\x98X\x08e\
\xf4d\xc0%\x1aPB\x1c\xa2(\xeb.\xd1 \xa6\xf3\
\xf9?\x96\x8a\x85\xbd\x01\xbdENw1H/\x8c\x95\
K\xb4 \xf0\xb8\x99\xe9\xe2SW\xae,fv\xd1\xdd\
\xac\x0a\xa2^V\xcfN\x9f&\xc8}\xefI3.\x91\
\xdb\xf1S\xef\xbf\x7f\xe3\x7f\xfa\x0b\xe6a\xaaj\x22.\
\x91{\xb4\xcc\x0a\xa3.$\xffJ\xf2\xc5\x00\x1e\x05\xe0\
\x1bH\xcbjr\xd9\xe1>\x00\xef\x03\xf0 \x92\xa7t\
\xf6\xb0\x1b/B\xbbD\x81;\x1b%\xce\xa1\xb3q\x86\
d\xb3\x5c,~\x90p\x1e&\xe9\x0b\x92\x86\xbc\xa6\x8c\
\x8fK$\xa9%\xe839j\xb7\xd9\xe9\xe2\xc7\xb2z\
\xa3E\x96]\xa2~H6\x1c\xe8\x95\x92\xaa\x9b\x0e\x1a\
v\x89\x5cj\x9c\x12\xf4\xb55kT\xf6\x1bzhN\
\x7fe\x84K\xd0\xf70\xf3\xc2\xa8\x0b\xc9\xbf\x91<\x14\
\xc0\xc3\x01|\x19\x9e$\xe9\xb2\xe6F\x00\xaf\x07\xb0\x13\
\xc9\xf7\x90\xbc\xc7tAi!n\x97(\xee\x0b\xd3\xf1\
V\x86O\xc6\xd7%\x1aD\xb9\x5c\xbeu\xba\x5c<r\
\x22\x87=\xd0v\xa5\xfb\x08-Q\xa20xB\x07Q\
[E|\xad5\xc1\x87\xcdN\x97_3==\x9d\xd9\
\xe58\xc6E\x10\xf5\xb2\xd5\x8a\x15\xd7\x02x;\x80\xf4\
\xb8D\xfd\x10\xbb\x15\xca\x1b?\x18$\xc5\x92|I\xba\
D\x9d\x87\xfd\xf1\xc7F\x18u!y=\xc9\xc3\x01<\
\x08\xc0\xdb\xd0\xde\xf5\xdd\xb2\x99?\x00x)\x80]I\
~2+\xdby$A\x12.Q\xf6^\xb6\x97\x87K\
4\x8cb\xb1xm\xb9Txq\x8e\xda\x0d\xc2\xc7%\
gc\xe8\xa1\xb3\xc8\x5c\xa20A\xb4\x1e\xc2G\x9cV\
n\xf7\x99\xe9\xd2\xcbW\x95J\x99^Pw\x1cEQ\
\x97\xd5+f>.\xe1\x97\xfez\xc5\xe7\x12\xb95'\
q\xcc\xda\xf5\xeb\x9f\xe77\xd5\xa2 \xe1\xca\xf0\x97@\
\x03\xd3\x8e\x9f0\xeaBr\x0d\xc9\x0f\x90\xdc\x03\xc0^\
h\xdfv\x1e\xdb\xfa\x1b)\xe7n\x00\xe7\x00\xd8\x87\xe4\
\xe3H~;\xab6y\x5c\xc4\xed\x12\xa5dt\xcd'\
\x1d\x99\x98\xbd\xc2c\xa1X,\xfe\xa3\x5c.\xbc\xb1V\
*\xee(\xe8\x0d\x00~\xd7=\x97%\x97H\xc2\xef!\
\x1c5].\xed03SzS\x96\xe7\x11\x01\xe35\
t6\x08\x92\x0eZ\xb9W\x01\xd8\xe0\xadG\x02.\x11\
\x96\xbe\xae9N\xee\xf3wn\xd8\xb0\xad\xef|\x86\x5c\
\xa2A9&#\xcb\x9dbH\xfe\x19\xc0\x9f%\x9d\x08\
\xe0Y\x00^\x09\xe0 \x00\x05\xa3\x85\xc5\xcb}\x00.\
\x00\xf0M\x00\x97.g!D\xf27\x80\xb6p;\x17\
\xea\x8f\xcfc\xe7\xfe\x09*9)\xeea\xcbk%\x5c\
\x16\xbc{\xa7\xe2\xc8^\x99\xf8\x8f\xa8\x22\xa5\x81-\xda\
\xcbW|\x02\xc0'*\x95\xca\xce-\xf1\x10P/\x80\
\xb07I\x0e\xec\x18\xc0\x84\x0c\x15\xa4\xfb\x89Xr\x08\
^.\xf2\x82\x09:\x17\x96\xa7\xcb\xb7\xfa\xab$\xbd\x8c\
\xbb \xeae\x8b-\xca\xb7\xdc\xbf~\xe3\x1b\x01|a\
p\xabd\x04\xd1\xa0\xe6$\xb6\x9el\xe2\x5cI\x07\x92\
\x1c\x1d1VA\xe4\x12m\x88K\xd4\xcb\xe0?\xe21\
G\xd2J\x00O\x07\xb0_\xe7\xffG \xfb\xcf\xc7}\
h/a\xf0M\x00?\xcb\xc2\x06\xaf\x16\xcb\xb8\xb0~\
\xfd\xfa-\xa7\xa6\x8a\xfb\x09\xfa/@\x8fU{a\xd4\
<\x80D]\xa2\xf6dq\xfe\x85\xc2\xe5\x0e\x9d+\xd0\
j\xfdj\xc5\x8a\x15\xa9\x9eC8\xb7q\xe1]ho\
\xff\xe4\x898\x05QGZ\x5c\xb6jv\xe6i\xb1%\
\x09\x88$\xae[\xbf\xf1\xbb \x9f\xefr\xb6\xe7_\xbf\
\x81\xa3l*\x108v\x8bU+\x06.\xf3p\xcf\xda\
\xf5\x87\xe5\xc0\xe3B\x94\xe1\x01-\xf9vX|'\x87\
Ol\xbbz\xe5\x17\x81\xec\x0b\x81\xc8\x90\xb4\x0d\xda\x1b\
\xd7v\x85\xd2\xaeF\x0b\xf2\xc6Mho\xeazy\xe7\
\xff\xeb<\xa9t\x8b\xc5\x12;\x92&7\xd4j\x0f\x9d\
ha\x0f\x11\x8f\x00\xb4\x07\x85G\xa8=\xbf\xcfuQ\
<\xbf.\x91\x80\xdb)]\x03\xe2Z\x8a\xd7\xb4\xa8k\
k\xf3\xa5?o\xbd5=\x0e\xb9\xa4\x83\xb9\xb9\xb9\xad\
\x80\xfcV\xdeZ\xc7\xbfufsrra\x8br:\
\x9d\xb5\xbb\xee\xbak&W*\xedh\xba\x8eaL\xb6\
Z\xb5\xd5\xabW\xdfd\xba\x8e\xa0Xa4\x00I;\
\xa0-\x94\xf6@[$\xed\x06\xe0\xa107\xfcv\x0f\
\x80\x1b\xd0\x9e<}\x05\x80+H\xden\xa8\x16\x8b\xc5\
\x12\x10I\x85J\xa5\xb2M\xab5\xb1\x22\x97k\xce*\
\x97[\xe18\x5c\x91\xcbiV\x0eW\x90X!i\x06\
@\x83T\x15@Ub\x959,\xa0\xc5\xbb\xc8\xd6\x9d\
\x00\xee,\x97\xcbwgy5j\x8b%\xadXa\xe4\
\x03I9\x00;\xa1-\x92v\xed\xf9\xff\x01\x00f\x01\
\xcct\xfe\xcf\xfb\x0c]\x07\xb0\x11\xc0:\xb4]\xa0\x1b\
\xfa\xben$9\x17\xfe'\xb0X,\x16\x8b\xc52\x0c\
+\x8cb@R\x1e\x9bERW0\xcd`\xb3\x00\x9a\
\xef\xfd\xdf\xce\x05\xb2X,\x16\x8b%\x1d\xfc\x7f@\xb5\
\x0e\x91c\xc8\x18\xa2\x00\x00\x00\x00IEND\xaeB\
`\x82\
\x00\x00\x08)\
\x89\
PNG\x0d\x0a\x1a\x0a\x00\x00\x00\x0dIHDR\x00\
\x00\x00 \x00\x00\x00 \x08\x06\x00\x00\x00szz\xf4\
\x00\x00\x00 cHRM\x00\x00z%\x00\x00\x80\x83\
\x00\x00\xf9\xff\x00\x00\x80\xe9\x00\x00u0\x00\x00\xea`\
\x00\x00:\x98\x00\x00\x17o\x92_\xc5F\x00\x00\x07\xc4\
IDATx\xda\x9c\x97{X\xd4e\x16\xc7?s\
\x03\x86\xb9\xc0\x0c\x17SK\x1e`\x15\x14\xa1Z\x1eY\
\xcc\xb4R6\xd44/\xa9\x19\xa6\x22*^K\x9f,\
\xca\xad]\xb7ru\xd3\xcd\xc7L\x035\x954ES\
AE\x94\xd2-}\xbc\x91\xd7@E\x14DEPf\
\x86\xeb\xc0\x002\xc3\xfc\xf6\x0f\x7f\xe08\x0e\xa8{\xfe\
\x9a9\xbf\xdf\xcc\xe7\xfb\x9es\xdes\xdeW\x22\x08\x02\
/\xcd\xd9\x040\x0a\x18\x0c(\xe8\xd8\xee\x02+\x01\x93\
\x93\xdf\x03\xf8\x08\x08t\xf1\x1b\x09 \x88\x9fm\xc0!\
`\xe7\xc95S\x90\x8b\xce\x17\x80u\x80/Of\x81\
@\x9c\x93o\x19\xf0\x9e\xa3C*\x11h\xb4)\xb0\xdb\
%x*\xacm\x0a\x80\xb1@)pJ*:\xf6>\
\x05\x1c\xe0\x1d`\x8a\xc3\xf7M\xcep\x85\xac\x05\xa3E\
\x8d\xdd&K\xf1\x94\xb5,\xaal\xf4\x14\xe4R{\xeb\
co`'@\xab\x80n<\xbd\xb5\x86z-\x10\xff\
\x10\x5c\xda\xc2\xb5J?:{\xd6\xbf\xbek\xf2\xdaU\
\x07f\xad\xc8\x1b\x10P<\xb4\xacN\xdb\xe4\xf0ZW\
G\x01\xdf?%\xdc\x0a\xfc\x03\xf8\x18H|\x18n\xe7\
Z\x95\x1f]Uu\x033\xe2\xd7\x16\x04?w+\xdf\
+\xa08cb\xc4\xf9\x0bF\x8b\xfa\x86C\x1av\x03\
m50\x1d0\x03\xb1@\x8bX0\xcfw @\x03\
L\x04\xfe\xed\xbc\xf2\xc2*_\xfc\x95\x0d\xb1\x07\x12\xd6\
\xe4\xe9}\x8c\x154\xbbAI\xe0[+s\xfaG>\
\xa3\xae\xeb.\xb9\xff\xea\xef\xc0\xdb\x8e\x11\x00X\x00\xf4\
\x16\xc1\xf9\x1d\xc0\xbd\x80A\xc0f\xe7\x95\x17\xd7\xf8\xd0\
\xc9\xd3\xf2\xc6\xc1\x84\xd5\x17\xfc\xfd\xcb+\xb0*\x10\xac\
\x8a\x84\x11\xa93s\x8f\x95\x04f=\xab\xad\x95[\x9a\
\x159\xb7\xaa\xb4\xd1\xc5\x95^-\x8e\x11p\xb4\xcdb\
\x91\xb9\xb2n@\x1f \xcb\x19~\xa3F\x87Zn\x1d\
w >\xf9D\xe7\xcee54\xbb#\xd8\xe4\xd3G\
o\x9a\xf3\xcb\xf1\xb2n\xa5\xa1\xbeF\xf2\x0d>\x7f\xfc\
Io\xee;\xaa_.]4\x16`\xf4#\x02R\xc5\
\xd0\xba\xb2\xee\xe2N9\xec\xe8\x94K\xed\xdc\xac\xd5\xa1\
\x92\xdb&d\xc5'\xef\xed\xdc\xb9\xec\x1e\xcd\x1e\x80\xfd\
\xfdw6'f\x1f\xb9\x1dP\xda]g\xe2\x9aI\x97\
3#\xear\xdf\xa4\xc1\xa7\xd0\xfa\xd4\x80\xfd~2\x1c\
S\x90\x02Ln\x07\x1e\x01(\x81\xf3\xce+/\xa9\xf5\
\xc6Mb\x9ft >ywP@q#\xcdn`\
\x97,\x88\xdb4{\xdb\xa1[\xc17\x82u\x15\x5c1\
\xe9\xb3\x97\xc4\xe6\xf4]\x1c\x9f\xb9J\xabl\xca\xc7\xa8\
O\xa6\xd2[\xea\x98\x82\x85\xc0\x8cv\xe0/\x03u\xc0\
\x0d\xe7\x82\xbbU\xabC\x8adV\xd6\xe4\xe4-\x81\x01\
\xc5\xcd4*\xa5\xc8mI\xf1\xa9\x89\x1b\xf7_\x0f1\
\x85\xf8\x18\xe5\xd7*\xbc\x8f~3\xec\xd8\x90\x84a\xc7\
\xf7`\xd2\x8d\xa0Y\x01\x12\xa1'\xa0\x03\xc6\xb7\x0aX\
\xd4\x0e|\x10P\x08\x18\x9c\xc3~\xdb\xec\x8d\x5c\x22\xcc\
\xca\x9c\x94\x92\xd2#\xa8\xb0\x89F\xa5\x02\x99}Q\xc2\
\x0f3\xd7\xed-\x0a-\x0d\xf15\xc8\xaf\x18\xf5\xbf\xae\
\x18zbP\xc2\xf0\xe3\x99\x98\xbc\x86aU\x80\xa4m\
#\xbe\xe5\x98\x02\x89\x8b}\x1e+\x86\xfc\x11\xf8\x9d:\
-\xcd6\xf9G\x19q\x1bRzv/\xa8\xa3A\xe5\
\x8e\xc2\xfa\xe5\xcc\xadS\x97\xed\xbe\xd6\xab\xac\xbb\xde\xa4\
.0\xea\xcf,\x8b\xcd\x19\x948\xfcX\x1a\x15\x8f\xc0\
[\x19m\x02\xee9\x098#\x0e\x9d*g\xf8\xdd:\
-\xd6\x16\xf9\xa7\x99\x13\xd7\xff'<$\xbf\x8az\x8d\
\x1a\x8f\xa6\xaf\xe6\xa5%,\xd9\x96\x1fQ\x1a\xeacT\
]1\xea\xcf/\x8e9\x1d5{\xe4\x914\xaa5\xe3\
\xc5\xb0;G\xd7\xe6\x5c\x84\x8e\x16\x0d\xe49FF.\
\xb5S^\xaf\xa6\xbe\xd9\xfd\xb3\x9d\xe37-y1,\
\xd7D\x83J\x87{\xd37\xf3\xb6N\xfd4\xf5\xe2\x8b\
7C}\x0d>\x97\x0c>\xb9\x7f\x7f\xf5\x5c\xe4\xbc\xd1\
\xbf~O\xb5f<\xf7\xdc\x5c\xc1\x1f\x0c\xac'\xf1\xcb\
\xa5v\x8c\x165\xe6{\xca\xe5\x19q\x1b\xff\x15\x15~\
\xa1\x14\xb3\x97/\xca\x86\xd5\x9f\xfc4i\xfe\xc6\xdc\xc8\
;\xa1>\xc6N\x05F}\xe1\xa2\xd7\xce\xbe\x904\xee\
\xd0w\xd4\xaa\xa7>\x0e\xde\x91\x806\x93I\xed\x98\x1a\
TT6\xa8\x96\xef\x1c\xf7CRt\xc4\xb9\xdb\xd4i\
\xbb\xe2i\xd9\xb0p\xc7\xe4\xf7V\x9f\x8b\xbe\x19\xe6_\
\xee\x7f\xc9\xa0/\x9a\xffR^\x8f\xa4\xb1\x87\xbf\xc5\xac\
\x9eE\xa3\xfbc\xe1\x8f\x15 \x93\xda\xa9lPQa\
Q\x7f\xbb}\xec\x96\xa4\xfe\x7f>]@\x9d\xf6YT\
\xf5[>\xdf=a\xda\xeas\xd1\xd7\xc3\xfc\xcb\x03.\
\x1bt%\x1f\xf6\xcb\xeb\xfeE\x5c\xf6\x12\xea<\xe7\xd2\
\xe0\x0eR\xc1\xd5\x00{r\x012\xa9\x9d\xaaFO\x8c\
\x16\xf5\xfa\x1dc\xb7\xbc?\xa8\xcf\xc9+\x98\xb5!\xa8\
,?.N\x8f\x9b\xb4<\xa7\x7fA/?CP\xbe\
A\x7fw\xee_.\x07|\x1e\x97\xbd\x04\x8br!\x0d\
\x1e\xcep+\xd0\x038\xdb\x91\x00\x853\xbc\xa6Q\xc9\
\x1d\xb3\xd7\x86\xd4\x91\xdb\x13\x07F\x9d\xb8\x84\xd9+\x14\
\xady\xcf\xd2\x8c\xb7'.=\xf9J^\x98\x7fyH\
\xbeAoL\x8c\xbc\xd2e\xe9\x84\x83\x8b\xb0x,\xc4\
\xa2t\xb5r\xad8\xe4\xa2\x9c\xfc\xee\x8e\x9d\xd0\xad\x0d\
.\x11\xa8iRRj\xf6J\xdb2z\xdb\xb4a\xfd\
\x8e\x9c\xa6\xd6;\x0c\x8dy\xef\xca}cG-=\xf9\
\xea\x1fa~\x86\xf0|\x83\xbefzdA\xa7\xaf\xe3\
\xf7'\xd1\xe8\xfeO,\x9e\xf0\xe0\xc4\xd3j: \x06\
Hw\xb1x\xfb#\x07\x12\x99D\xa0\xf6\x9e;%5\
\xba\xed\xeb\xdf\xdc\x15'\xc2\xfb\xe0U\x93\xbd2s\xcc\
\xc8\xbf\xfd\x16{*\xd4\xd7\xf8\xfcU\x93w\xfd\xbb\xe1\
E\xba\x15\x13\xb3>\xa0\xc9\xed+\xea]\xc2\xbb\x88\x93\
3\xb3\x9d,\x7f\xd9\x16\x01\x09\xcc\x90H\x84\x9aR\xb3\
WLe\x83\xea\xbf\xebF\xecH\x1a3\xe0\xf0Q\xcc\
\xde}\xd0\x98\x7fK\xc9\x1a=d\xd1\xd1\x98c\xbd\xfd\
\x0d\xd1\x05&\xef\xfa\x09\xe1E\xda\xe4\x84}\xb3\xb1\xca\
\xbf\xa6N\xe5\x0a\x1e*\x8e\xee_\xda\x81\xa7\x00K\xda\
\x04\x14U\xfb \x08|\x1c\xe2gd\xf3\x98\x1f\xe9\x1f\
~!\x17\xb3W\x04\x9a\xda#k\xb3G\x0c\xfc\xf0\xf0\
\xd0\xa3=\xfd\x8c/\x17Vhmcz\xde\xd4$\xc7\
g&\xd0\x22[\xd3\x0e\xbc\xb7\x98\xd2\x9cv\xe0\xa9\xc0\
\xac\xb6\x1e\x03\x90\xf2F:ze\x03\xaf\x04_\x05u\
}>\xb5\xde=\xf15\x9dM\xfd\xf9\xcd\xd7\x16\x1c\x1a\
\xfes/?\xc3\x80\xc2\x0a\xad}X\x8f\x12\xcd\xc6i\
{\xa6 H7P\xabv\x05\xef\x0f4\x03\xd7:\x80\
Oy\xe8\xc2 \x08\x02\x14\x07\x82]\xe6\x86E}\x06\
\xab,\x02m\xf5\x99m'c\xfa\xce98b_\xb0\
\xaerhQ\xa5\x96!\xc1\xa5\x9ei3\xd3\x87\x82\xb0\
\x8bZ\x8d+\xf8_\x81\x8b@y;\xf0\xf4\xd6\x09\xd8\
f\xe1\xfb\xc5\x22\xac\xd2I\xa8\xd5\x9d\xc5&\x8b@W\
\xcd\xef\x05Q3\x13\xf7\x8fZ\x13\xe4]5\xf4F\x95\
\x86\xd7\x83\xcaTi\xd3\xf7\x0cFbo\x0f\xfe\xae8\
\xc0\xca;\xe8k\xbd\x81\xeb@1\xb0\xbeu\x03\xdc\x17\
 Sn\xc6\xde\x10\x8e`\x03\xa9\x1fJ\xb5Z\xe9!\
\xbbw\xeb\xfc\xcdgJ\x06\x06\x97\xf9\xfe4#=\x06\
\x85-\x9dj\xad+\xf8\x07\xc0V\xa0\xe61]\xb7\x07\
\x10$\xde'\xa6\x01;\x1e\xa4\xe0\xe20\x01k\x15\xc8\
\x94 \xd5\x82g}\xc1\xe9\xab\xcfM8]\xda\xc9:\
\xb7_\xee\xab\xa8\x9aV\xb5\x93\xf35\xc0\x5c\xe0\x13`\
\xe9S_m\xc2\xf7K\xc4F$)\xc6\xadS\x10\xd8\
\xc1n\x03\x8bGhT\xd8\x8dsQ\x91W\x9b\xa9\xd6\
\xb8\xb5\x03O\x15\xe1\x00W\xff\x8f\x9b\xd5-\x87F$\
\x0cG\xb0\x96 \xb4\xdc\x9f`\x12\x01\xcc*0\xea\xdc\
\xb0\xca]\xc1\x93\x9d\xaa9C\xdc\xdbOjw\xc5\xdb\
x[+\xce\x07\xe6\x8bg@\xcf\x0e~h\x17\x0f\xa7\
\xdf\xb9x\xf6\x99\xf8\xc7\xdd\x1e3e\x1b\x81#\xc0\x05\
\x80\xff\x0d\x00\xc2\x13\x0dh\xdc\xbb|H\x00\x00\x00\x00\
IEND\xaeB`\x82\
\x00\x00\xc5\xdc\
G\
IF89a\x80\x00\x80\x00\xf2\x00\x00\x00\x00\x00\x00\
%\xcd\x00A\xd4\x00]\xdb\x00z\xe2\x00\x96\xea\x00\xb2\
\xf1\x00\xce\xf8!\xff\x0bNETSCAPE2\
.0\x03\x01\x00\x00\x00!\xf9\x04\x09\x02\x00\x00\x00,\
\x00\x00\x00\x00\x80\x00\x80\x00\x00\x03\xff\x08\xba\xdc\xfe0\
\xcaX\xaa\xbd8\xebK\xba\xefS(\x8ed\xf9lh\
\x8a}\x9f\xe9\xbe\xf0\xa8\xce(\xeb\xc5x\x8e\xd3\xfcj\
\x13\xba\xa0P\xd4+\x16~\xc0\xa1r\xb90\xf6\x90\xcc\
\xe8\xd0\xc9\x83J\xaf;\xea\xcc\x8a;x\xbf\xe0\xb0x\
\x0c6\x98\xcf\xe8\xb4z\x8d\xd6n\x91\xf0\xf8\x87L\xaf\
\x87\xd9\xf8|\xda\xad\x92\xfb\xe1v\x81tz\x84x|\
)\x7f\x89,\x82\x8cw\x85\x8fm\x87\x1b\x8a\x94\x04\x8d\
\x97\x07\x90\x9a\x06\x92\x93\x95\x89\x98\x8d\x9b\x90\x9d\x1a\x9f\
\xa0\xa1\x82\xa3\x8f\xa5\x19\xa7\x7f\xa9\xaa\xab\x84\xad>\xaf\
qRlX8\xb7r\xb9k\xbb1\xbd\xb8Q\xba\xc1\
/\xc3p\xbfj\xc7\xc8\xc9?\xcbi\xcd.\xcf\xd0\xc5\
\xc0\xd3%\xd56\xd1h\xd9\xda\xdb-\xd7\xcc\xdf#\xe1\
s\xb1v\xb3\xb4\xb5\x16\xe7\x1e\xe9\xea\xeby\xed\xee\xef\
\x96\xf1\x83\xf3\x86\xf5G\xf7\xf9\xfa\xf6\xad\xe9\xe7\xef\x1d\
@2\x02\xd9\x10\xbc\x87\xef\xa0\xa3\x84{\xfa1t(\
\x06\xa2\x9a\x85\xff(\x96\xb1\x18\xa9\xff\x1e\xc3r\xbc\x86\
\x81\x1ci\x22\x19\xc9\x93\x22L\xa2\x5c\x09A%\xcb\x97\
\x0b\x5c\xc2|)s\xe6\xca\x9a6O\xe2\xc4\xc2\xb1c\
;\x86\x03\x82\x0a\x1dJ\xb4\xa8\xd1\xa1=\xcf`|w\
\xb4\xa9S\xa2I\xcd,=\xf7\xb4j\xd3\xa8\x9c$\xde\
\xb3\xca\x15j\xd4\xa9\xe1\xba\x8a\x1d\x80\x15\xec\xb6\xb1]\
\xcbje\x8a\xd6\xaaZ\x8f[\xdbV\xcdYN\xee\x5c\
\xba\xd9\xec>\xc5\x9bWoS\xbe\xd3\xfc\xfe\x05|L\
\xf0Q\xc2\x85\x0d\x17E\x1cL\xf1b\xc6X\x1c{%\
\x97\x05.[\xc9A\x8dU\xfe\x19\x173Yl\x9bk\
\x01\xf5\xfc\x99r\x0c\xb3\xd5H\x97\x96\x96\x03\xf53\xd5\
\x9aO\xaf\xa5J:6\x0c\xd7\xc9`\x83\x96m\x99\xb6\
g\xc8\xc0\x83\x0b\x1fN\xbc\xb8\xf1\xe3\xc8\x93+_\xce\
\x5c8nE\x10T\x0b\x98N\xbd\xba\xf5\xeb\xd8\xab?\
O\x14\x9dt\xf6\xef\xe0\xado\xff\xd3\xdds\xf8\xf3\xdf\
\xc7\xfb)\x8f\x19\xbd{\xf1\xb3_\xb1\x97\xfc\xbe\xbe\x00\
\xf5\xbe\x1eH\xb7\xef\x1e?1\x07\xff\xfb\xf1w\x9e\x7f\
\xca\xe8\xe7\x9d\x80\xe75\x17L}\x0a\xee\xc2`\x83W\
<\x08a\x14\x12N\xb8D\x85\x16\x0e\x81a\x86Al\
\xc8a\x0e\x1e\x061\x9ay\x08\x86'\xc5\x88\xed\x95\x08\
\xde\x89\x9d\xa5\xa8bv,^\xe6\xe2\x8b\xd7\xc5\xe8\xdb\
\x8c4VgcX\x07\xe6h\xdd\x8eg\xf5\xe8#u\
@\xa6&\xe4\x90\x02|\xa8\xe4\x92L6\xe9\xe4\x93P\
F)\xe5\x946\xe5\xd6\x95\x14\xf5\x05\xa0\xe5\x96\x5cv\
\xe9\xe5\x97\x5c\xb64\x8cXX\xbe\x07\xe6\x99hv)\
f/dRhf\x9ap\x82\xb9\xe6-m2\x91e\
\x9cx\x86\xf9\x80\x95\x5c\x95\xe9^\x9e\x80\x060\xe7+\
u^\xf8f\xa0q\x0ezJ\xa1J\xdc\x89(\x9c\x8a\
~\xc2\xa8\x86\x87>\x8a&\x95\x98f\xaa\xe9\xa6\x9cv\
\xea\xe9\xa7\xa0*(\x16\x92\xd5Y\x0a)J\xa3\x92:\
\x9d\xa9i\xae\x94\xaa\xaa\xac^\x8ajW\xaa\xae\x1a\xab\
\x9c\xb3rU\xab\x00\xb7\xe2z\xd2\xab\xa4\xf6\xfa\xa5\xab\
\xb4\xd6*\xac\x97\xc4\xeaj\xec\xb1\x03\x5c&\x00\x00!\
\xf9\x04\x09\x02\x00\x00\x00,\x00\x00\x00\x00\x80\x00\x80\x00\
\x00\x03\xff\x08\xba\xdc\xfe0\xcax\x8e\xb98\xeb\xcds\
\xf9\xe0$\x8edi>U\xa7\xae\x1a\x18\x9ep,\x8f\
)kw\xee7\xef\xfc^\xdf@L\xae\xd0+\x1ai\
\x96\xa0rxl:\x19?\xe5\x8d\xf9\xac\x1a\xa3R\x16\
\xd5\xca\x9da\xb3\xaa\xed\xecC(\x9b\xcf\xe8\xb4\xfa\x5c\
i\xbb\xdf\xf0\xf8\x1b<\x1d\xda\xef\xf8\xc2z\xcfG\xcb\
\xff\x80stZy\x85y}\x88{\x81\x8b\x7f\x83\x84\
\x86\x909\x89\x93~\x8c\x96n\x8e+\x91\x9b \x94\x9e\
\x04\x97\xa1I\x99\x1c\x9c\x9c\x9f\x94\xa2\x97\xa48\xa6\x91\
\xa8\x93\xaa\x96\xac\xa5\xae\x90\xb0\x89\xb2\x8c\xb4\x1b\xb6\x85\
Vep];\x17\xbey\xc0\xa0o\xc33\xc5\xc6w\
\xc8\xc2\xcb1\xcd\xcebM\xc1\xca\xd20\xd4\xd5.\xd0\
\xd9\xda&\xdc\xdd:U\xd8n\xe1'\xe3\xe4\xdf\xe8\xe9\
%\xeb\xdd\xedm\xef\xf0\x06\xe4v\xb8\x88\xba\x8b\xbc-\
\xf8\x92\xf4\xf1\xe1\x17\xc8\x9f\x07\x80.\x04\x0e$\xd8\xc8\
`<r\x0a\x151\x94\xe3\xf0a\xb7\x88k&R\xac\
\x880\xff!\xc64\x1a\xe3T\xbc\xd7\x91\xcc\xc7J!\
1q,\xa9\xe7$\x9b\x94*\x1d\x96\xacG\x8c\xa4/\
\x9a8\xd5\xd9\xb4\x95\xb3\xe7\x08\x8b\x90|\x0a\x8d\x00\xd4\
\xd0\xd0\xa3\x0d\x8a\xfeB\xcaT\xe91\xa6H\x9d\xe2\x81\
\x1au\xa7\xabte\x06h\xdd\xca\xb5\xab\xd7\xaf\x5cG\
\xb2l\xe92+\xd8\xb3h\xc3\xae,Y\xd6L\xda\xb7\
g\xc5\xb2lk\x16\xae\xdd\xadr\xd9\xd2\xbd\xcbw@\
\xde\x8et\x09\xf4\xbd\xfb\x17a\xe0\xc1v\x0b\x03<\x8c\
\xf8\xadb|m\xa9\xd63\xe9R\xf2;\xca'-\xa7\
\xc3\xfcQs8\xce\x18=k\x03\x1dQ\xb44\xd2\x0a\
M/C-P\xf50\xd6\x0a\xbd\xf6\xd0\xfa\x18\xe2\xde\
\xae\xb3\xfd\xae\x05|\x9bk\xee\xda\x17{o\xfd\xbd\xdb\
\xb0p\xad\xc4e\xce=> \xb9\xc1\xb1\x8c}\xf3\xa0\
]|1s\xe7\xfe\xa0\x97u\xcd\xbd\xbb\xf7\xef\xe0\xc3\
\x8b\x1fO\xbe\xbc\xf9\xf3\xe8\xbdk\x15\xc0\xbe\xbd\xfb\xf7\
\xf0\xe3\xbbw\x06\x01\xb6\xc0\xc6o\xe5\xeb\xdf\xff\x9e\xfe\
\x03\xfb\xff\xfa\xe0\x97\x16\x7f\x04\xea\xe7\x9f\x03\x00\xe2\x22\
 Z\x056\xd8\x9f1\xf5\x91U\xd6\x82g9h\xa1\
\x00\x076\x90 ,\x14\x82u\xa1\x83\x192\xb0!*\
\x1d~\xf5a\x83!.0\xe2'%zub\x81)\
*\xb0\xa2'-\x0e\x97\xde0|\xdd\x88\xe3]:v\
\x91c\x8fV\xfc\x08\xe4\x13B\x0e\xd9D\x91F\x1a\x81\
d\x92\xb9\xd9e\x05{\xda\xb5U#rU@\xb9\x9c\
\x94S>\x89\xe1\x95\x13fY\xe5\x96zaY\xa3\x96\
Qv9\xe6\x97e\xba4eshr\xa9\xa6\x97O\
X\x19\xa6\x99-2i\xe7\x9dx\xe6\xa9\xe7\x9e|\xf6\
\xe9\xe7\x9fP\x05 \xe8\xa0\x84\x16jh\xa1\x93\x04\xd9\
\xd7\x8b\xfbAp\xe8\xa3\x90\x0a\x9ah\x15\x831\xaa\x9f\
\xa3\x91fJ\xe8\xa4D.ji|\x98j\xaa)\xa7\
NT\xfa)|\xa1\x8a\x1a)\xa9Gzz\xaa{\xa9\
\xaa\xfa(\xabG\x98\xfaj{\xb1\xcaj(\xadJ\xba\
z\xab\x00\xb9\xea\xbai\x22\x8a\xf2\xf5+\xae\x80&\xab\
\xec\xb26\xcc6\xeb\xec\xb3\xd0F\x9b\x1e\x89k\x0ep\
,{BQ\xbb\xe6\xb5\xc0\xfa\xa4\xed\x94\xdcf\xcbb\
\xb5\xe1z;\xee\xb6\xd7\x8aK#\xb9\xe9\x9a\xbb.\xba\
\xc7\xaaKI\xb5\xd6^\x9b\x00\x00!\xf9\x04\x09\x02\x00\
\x00\x00,\x00\x00\x00\x00\x80\x00\x80\x00\x00\x03\xff\x08\xba\
\xdc\xfe0\xcax\xaa\xbd8c\xc3\xbb\xf7S(\x8ed\
\xf9hhZ}lg\xbep<\xaa\xf4\xd6\xb2r\xae\
\xe7u\x7f\xdc\xb8\x9dp\x18\xf2\xd5\x80\x1f\xa2r\xc90\
\xd2\x90 \xa6t\xe8TA]\xd3,\xaf\x8a\xbarv\
\x85\xb0xL.\x93\x09\xe8\xb4z\xcdn\xab\xb9>\xaf\
\xfcc\xae\xdb\xeb\xee\xbc~\x0d\xef\xcd\xff\x06w\x82\x82\
{\x85y}G\x80r\x83\x8cf\x86\x8f|\x88V\x8a\
^\x8d\x96b\x90\x99\x04\x92\x93\x94P\x97\x97\x9a\x90\x9c\
)\x9eW\xa0\x96\xa2\x8f\xa4]\xa6H\xa8\x8d\xaa\x86\xac\
\x1a\xae\xafdSnZ9\xb6\x1de\xb9m\xbb2\xbd\
\x1c\xbfR\xba\xc20\xc4\x81\xb8\xc7\xc1\xc9/\xcb\xc6L\
\xc8\xd0%\xd2\xcd\xd4\xcf\xd6$\xd8c\xc0l\xdc\xd7\xc4\
\xd3K\xd5\xe2!\xde\xb0w\xb2\x85\xb4\x19\xcb,\xeb\x83\
\xed{\xef6\xf1\xbe\xf3\xec\xf5\x87\xf7\x16\xf9<\xec\xe3\
\xd7\xaf\xcd?\x80\x01\x8b\x0d\xc4S\xd0\xe0\xc1\x1f\x09\x99\
-,\xd3\xd0\xe1\xc1\x88\x12'\x8e\xa9\xc8\xe6\xff!\xc4\
\x84\x1a)r|\xf3\x10c9t\xd1l\xa1\x5ci\xa2\
\x17\xcb\x97\x22\x5c\xc2\x9c\x09A&\xcd\x9b\x0bl\xe2\xbc\
\xa9s\xe7\xcc\x9e>_\x02\xd5Rq\x80\xd1\xa3H\x93\
*]\x8a\xd4d\xc8\x8d#\xd30\x9dJ5\xa9\xd3\xa7\
a\xa2J\xad\xca\x95\xe9U\xacZ\xd1t\x1dk5\x22\
VLa\xc9\xaa\x1d\xf0\xf5iX\x02k\xc9\xb6\x0d\xf9\
6\xee\xd8\xb9\x1a\xeb\xda\xe5\x8awb\xb8\xa0\xe2\xf2\xae\
\x01\x1c\xd8\xef`\xc2\xd6\x04\xabA\x9c\xd8\xf0b\xc6\xc9\
\x14\xa7\x81\x1c\xd9\xf1d\xca\xbb$\xa3\xc1\x9c\xd9\xb2\x9e\
\x1d{\x95\xf6]\xf8\x08t\xe8\xa6f\xcf\x16(\xad\xe3\
4j\x90\xaaY\xe7p}t\xf4@\xd92h\x1b\xb5\
\xbd\x0fw\x0c\xddlS\x9f\xf5\x0d\x038\xefy\xc4_\
\x18\x17\x0e\xf60\xe7\xe7\xd0\xa3K\x9fN\xbd\xba\xf5\xeb\
\xd8\xb3k\xdf\xfe\x1c\xb8\x80\xef\xe0\xc3\x8b\x1fO\xfe;\
\x04\xcd\x1c\x81+-\xcf\xbe=\xf8\xf3\x9e\xd3\xabG\xea\
\xbe>y\xf8\xa4\xd3\xce?j\xbf\xff\xfb\x07\xff\xe8\x15\
\xb5\x9fQ\xfe\xf9\x87\xdfm\xfa\x0dX`\x7f\x07\xf6\x96\
\xe0~\x0b\xda\xd7 r\x0f\xce\x17a}\x13\xae\xa3\x17\
R\xdc\x09\xa3\x87R\x1d\xee\xf2aR!\x12\x95\x07\x88\
%\x82\xd3\x06\x8a)j\xe3\x06\x8b-*1\x22\x871\
\x9as\x22\x895\xcax#\x8dL\x5cH\x9ej\xabU\
8\xc0\x14>\x8e\x07\xe4\x86G\x11YdxG\x0a\xa9\
\xe4\x92\xdf5\xa9\x15\x8cJ@\x09\x9e\x94QQI\x84\
\x95Q\xc6\xe6\xa4\x14\x5c\x0a\x80\xe5HZ\x0e\x11\xe6\x98\
\xf2\xf1\x98\xe3\x9al\xb6\xe9\xe6\x9bp\xc6)\xe7\x9ct\
\xde\x14a\x00x\xe6\xa9\xe7\x9e|\x06\xa0\x22\x1b\x03\x12\
(\x1e\x04w\xf6i(\x9f\x7f\xae\x11\xe8\x00\xe3\x11\xba\
\xe0\xa1\x90\xe6\x99\xa8\x1a\x8b6\xfa@\xa1\x91\x1e:\xe9\
V\x0a\x0ez\xe9\xa3\x99j\xea\xcc\x8b\x81Z\xea\x00\xa6\
\xa1\x22:\xea\x8a\xa5zz*\xa8\xa9\xaa\xea\x22\xab\x9d\
\x86\xe7h\x81\xb1\xf6\xb9\xa9X\xad\xdaZ\xe7\xaf\xc0\x06\
+\xec\xb0\xc4\x16k\xec\xb1\xdcA\x8a\xa4\x85/\xae\xb2\
\xa4\xac\x90\xde5\xbb\xd2\xb3S\xf6\xfa\xdfK\xd4fi\
\xady0eK\xe6\xb6\x02\xcc\xe4m\x9a\x10J\x8b\xd2\
\xb8\x02\xd6z\xad\xb3\x87.\xab\xdex\x09\x00\x00!\xf9\
\x04\x09\x02\x00\x00\x00,\x00\x00\x00\x00\x80\x00\x80\x00\x00\
\x03\xff\x08\xba\xdc\xfe0\xcaH\xaa\xbd\xe4\xe8\xcd\xbb\xff\
\xc7$\x8edi>X\x0a\xae\xacv\xbepL\xa6X\
k{r\xae\xe7\xf4u\xff\xae\x9dp(\xeaY\x80?\
\xa2r\xc90V\x907\xa6\x94\xe8\xcc@[\xd3\xac\xae\
z\xc5\xea\x0c\xe0\xb0\xd8P(\x9b\xcf\xe8\xb4\xfa\x5cm\
\x1b\xbb\xb7\xb1|N\x97\xaf\xefx\xb4{_\x83\xb7\xea\
\x80\x81`y\x84w|\x87V~+\x82\x8cs\x85\x8f\
z\x88{\x8a,\x8d\x96a\x90\x99\x05\x92\x93\x94 \x97\
\x97\x9a\x90\x9cn\x9e\x9f\xa0\x8d\xa2\x8f\xa4m\xa6\x1f\xa8\
\xa9\xaa\x84\xac\x5c\xae\x1d\xb0`SkZ9\x7f\xb8\xba\
j\xbc2\xbe\xb0\xc0i\xc21\xc4\xa8\xc6h\xc80\xca\
\xa0\xccg\xce/\xd0\x97\xd2f\xd4'\xd6\x96\xd8e\xda\
&\xdc\x8d\xde\x05\xe0%\xe2\xb8b\xb2\xb3\xb4o\xb6\x1c\
\xe9\x81\xeby\xed\xee\xef\x1a\xf1\x80\xf3x\xf5=\xf7\x1b\
\xf9\xea\xec3\xd4O\xc5\xbf\x03\x01\xe9\x0c\x5cS\xd0\xe0\
\xbf\x84\x8e\x16\xa6i\xd8\xe7!\xc41\x12'R<r\
\xf0\xff\x22\xc6\x8cl6>\xe9\xf8\xcb\x9c\x8c\x01(S\
\xaa\x1c\xc0\xc8\xa4\xcb\x13+c\xb6|ISD\xcc\x95\
3k\xea|pSe\xce\x9d@\x15\xf4L\xf93\xe8\
\xce\xa1(\x8b\x1a\xad\x89\x94\xa5\xa0\xa5A\x9b*\xd5B\
O$\x81\xa6X\x87zT\x07\xd2\x8c\xd5\xabY\xc3\xfa\
\xdc:\xa8k\x99\xafb\xd3:%k\xf6\xacU\xb5b\
\xc9\x965\x8b\x16nV\xb9d\xda\xd6\xb5+Un\xdb\
Mo\xf9\xf6e\xab7\xb0`\xad~eA5'O\
\xf1bm\x8dU=\x86\xac\xcf\xf1dd\x91E]v\
\x96Y\xd3f\xcc\x95%\x7f\xe6\xd59\xd3h\xd2\xa1%\
\xee\xa8r\x18)\xde\xae\xab\x9d\xb4FL8cl#\
\xb3{\xbe\x06y\xbbG\xee\x9b\xbbmo\x91\xfd\x1bg\
b\xe1<\x88\x17'z\x5c\xf5p\xdc\xcb\x99\xd7v\x9e\
\x1cz\xf4\xb5[\xd7\x9d\xde\xce\xbd\xbb\xf7\xef\xe0\xc3\x8b\
\x1fO\xbe\xbc\xf9\xf3\xddY_\x1f \xa0\xbd\xfb\xf7\xee\
!\xc0\x9f\xffwo\xf4\xf9\xf8\xe5\xe3w_\xdf\xf0\xfd\
\xfd\xff\xef\xe9\x07`\x7f\x22\xad\xc7\x1e\x80\xf1=\x80\xa0\
\x00\x04nd\xe0\x82\xed\x09\xb8_\x83\x14=\x08\xa1\x84\
\xf8Q\xd8\x90\x85\x0bbH_a\x05\xae\x07\xa1\x00\x1e\
\xc2\xa7!\x1f\xe8\x09sH\x8a\xbc\xac\xc8b\x16.\xbe\
(E\x8c2.Ac\x8dT\xa0\x88\xa3\x8d:\xee\x98\
\xe3\x1eS45\xe2\x90&\x82(I\x90H\x11\xa9$\
\x83F\x22\x82\xe4PK\x12y\x22\x90R\x08\x19\xe5\x88\
S\xba\xf1dOWb\xd9\xe4\x8dDX\xd9%\x82Y\
\xb6\xb1\xe5Mc.Xf\x15g\xc6\x94&\x99_\xf6\
\xe8\xe3\x9ct\xd6i\xe7\x9dx\xe6\xa9\xe7\x9e|\x02\x95\
\xd2\x9b\x00\x06 \xa8\xa0Sl\xc8\x17\x04\x7f\x02\x8a\xdf\
\xa0\x84\xceX\x90`\x88\xa2\xa4\xe8\xa2\x8c\x16\xfa\xe8\xa1\
<I:)|\x8c\x06`i?\x90fz\xe0\xa6\xee\
u\xfai=\xa1:\x90(\xa9\xed\x99\xea(\xa8\x98\xaa\
\xaa)\xab\x02\xb8\xca\x84\xa1vE:*\xab\xb6\xf2\x08\
k\xae}\x06+\xec\xb0\xc4\x16k\xec\xb1\xc8&\x8b^\
\xa77\xcc6\xebl\x00\xf6\xa9\xa5\xd3\xb3\xd4:\x1bm\
Z\xd3V\xab\xed\xa0\xd7\x8a\x95\xed\xb6\xdav\x1b\xd6\xb7\
\xe0R+nV\xe4\x96k\xad\x7f\xd2\xd6\xa4n\xb5\xe7\
b\x95\xee\xbb\x9d\xc6\xdbT\x02\x00!\xf9\x04\x09\x02\x00\
\x00\x00,\x00\x00\x00\x00\x80\x00\x80\x00\x00\x03\xff\x08\xba\
\xdc\xfe0JI\xaa\xbd8\x93\xc3\xbb\xff\xdd$\x8ed\
i>Z\xaa\x81\xecw\xbepL\xaa\xb4\xd5\xde\x87\xac\
\xefz]\xe3-\x9ep8\xf2\xd1\x80,\xa2r\xc90\
\xaa\x90 \xa6\x94\xe8LA]\xd3l\xaf\x9a\xb9zv\
\x86\xb0xL.\x87\x0b\xe8\xb4z\xcdn\xab\xb9\x5c\xaf\
\xfc`\xae\xdb\xeb\xee\xbc~\x0d\xaf\xce\xbdw\x81\x81{\
\x84y}N\x7fW\x82\x8bf\x85\x8e|\x87>\x89P\
\x8c\x95b\x8f\x98\x05\x91\x92\x93@\x96\x96\x99\x8f\x9b?\
\x9d8\x9f\x95\xa1\x8e\xa3G\xa57\xa7\x8c\xa9\x85\xabO\
\xad-wSnZ:\xa5\xb7R\xb9\xba1\xbcv\xb8\
m\xc0\xc1\x9d\xbdL\xbf\xc6'\xc2u\xc4l\xcc/\xce\
f\xd0k\xd2\xcd\xc8\xc3\xbe\xc5\xd8%\xd4e\xd6j\xde\
\xdf\xda\xaf\x83\xb1{\xb3V\xb5,\xe7\x82\xe9\xea\xeb]\
\xed \xef\xe8\xf1n\xf3\xf4\xf5\x1e\xf7w\xf9\x0c\xed\xbb\
\xd0\xef\xc3?;\x01\xf5\x0d\xb4Q\xb0\xc3A<\x09\xd9\
,d\xd8\x90\xce\xc32\x11%N\xdcP\xd1\xff\xe2\xc5\
1\x19!M\xec\xe81\x1c9\x1d\x03R\xaa\x5c\xc9\xb2\
\xe5\x800'c\x9epI\xd3%L\x998E\xd4\xdc\
\xa9\xf2f\xce\x9f\x0fx\xf2\xf4\x09\xb4\xa8\x02\xa1;\x89\
\x1a\x05\x8a\xb4\xa6\xd2\xa59\x9b\xd2|\x0aU\xa6T\x9b\
\x06\xa4\xe5\xdbH\xe0\xea\xd5\x8fdB\xbe\xd9\xe8U*\
X\x90b\xd1p-\xdb\xf4\xec\xa5\xb4\x9a\xc8\xb2\x15\xea\
\xf6\x0c\xdc\xb5s\x87\xd6\x85\x1bwb^\xbdn\xf9\xe2\
\xfd;u\xef]\xb9\x84\xb1\x06\xceS\x95\xdc==\x8d\
\xbd=f\x1cY\xda\xe4e\x95\x81]\xee\x96Y\xf3;\
\xc8\x9d=\x9f\x03\x1dZ\xcb\xe6h\xa5M\x7f\xce\xc4c\
T\xe2\xc2\x8b1\xb5\xde\xf4Z\xf1\xd9P\xb3#\xd5n\
Y\xd7\x00\xee\x1d\xaew\xaf\xec\xfd{\x8bn\xe1=\x0d\
\xcb\x06N\x1byJ\xe2\xac\x99\x1fw\x0e}\xb9\xf1C\
\xce\x9f+G\x9d\xba\xbb\xf7\xef\xe0\xc3\x8b\x1fO\xbe\xbc\
\xf9\xf3\xe8\xd3w_\x95}\x80\x00\x01\x10\xde\xcb\x9fO\
\xbf\xfe{\xc1\x88\x91\xbf\x8fo\xbf\x7f}\xfc\xff~e\
\xb7\xdf\x03\xfe\x15(\x1f\x80\x0b\xb57\xa0\x03\x06\x1a\x88\
\xe0@\x0a\xc2G`\x83\xfe=\xb8O\x84\xfcQh\x9f\
\x85\xf3`8\xa1\x86\xff\x1d\x16\xa0s\x0b6\x00\xe2\x86\
\x22j\xa0\x1e0\x1a\xa5\xb0\xa2.-\xaa\xf8b\x161\
f0#\x8d\x22\xc9x\xa329\xda\xb8#\x8fc\xb9\
\xf8\xe3\x125b0$\x91=\x1a)\xc5_'\x9e\xc8\
\xa1\x05S0\xd9\xa4\x86OV\x10e^SR\x99\xa2\
\x8fLH\x99\xa5\x83[*\xd9%\x96_\x82\x99\x16\x0d\
W\xceU\xa6\x99b\xa1\xb9$\x99k\xf6W%\x01i\
\xb2\x15g\x85aBy\xe4\x9e|\xf6\xe9\xe7\x9f\x80\x06\
*\xe8\xa0\x84\xc64\x00\x04M\xddY\xa2\x12\x014\xea\
\xe8`.!\x8a\x94\xa2\x122\xe1\xe8\xa3\xf9\xb5$\xa9\
P\x94Nqi\xa3\x90j\x1a\xd4\xa4\x8az\xfai\xa8\
,m\xcaS\xa7R|\x1a\x00\xaa+\xa9\xba\x13\xab\x96\
\x9e\x9ai\xaa\xa3rZj\xab\xb6\x8e\x18i\xae\xab\xee\
Z\xeb\xa5\xb0\xa6T\xe8\xb1\xc8&\xab\xec\xb2H\xcc6\
\xeb\xec\xb3K\x1c\x9aS}\xaeVk\xed\xb5\xa0\xde\x1a\
\xeb\xb4\xf4a\xeb\xad\xb7\xc5\x1a\xcb\xed|\xdf\x96[m\
\xb8\xd2\xe2D\xad\xb9\xecf\xeb\xab\xa8\xeav\xdb.\xbb\
\xe8\xfe\xb4\xee\xbc\xe5\xd6;\xae|\xf8\x9a\xabo\xbc\xe4\
\xf6\xfbm\xb8\x09\x00\x00!\xf9\x04\x09\x02\x00\x00\x00,\
\x00\x00\x00\x00\x80\x00\x80\x00\x00\x03\xff\x08\xba\xdc\xfe0\
JI\xaa\xbd8\xebz\xba\xffS(\x8ed\xf9lh\
j}\xeca\xbep<\xaa\xb4\xd6\x82r\xae\xcbu\xbf\
\xde\x9d\x9dp(\xf2\xf9\x80A\xa2r\xb90\xf6\x90.\
\xa6t\xe8\xacA\xa7X]\x95v\xcd\x19\xbe\xe0\xb0x\
L\x06\x17\xce\xe8\xb4z\xcdNo\xad\xd08\xb4L\xaf\
\x8b\xdb\xf8\xbc\xfa\xcd\x95\xfb[v\x81tz\x84x|\
*\x7f\x89\x1e\x82\x8cw\x85\x8fn\x87(\x8a\x8a\x8d\x96\
\x06\x90\x99\x05\x92\x93\x94\x7f\x97\x8d\x9a\x90\x9c\x1b\x9e\x9f\
\xa0\x82\xa2\x8f\xa46\xa6r\xa8\xa9\xaa\x84\xac\x19\xae\xaf\
\x06SmY9\xb6H_\xb9l\xbb2\xbd@\xbfR\
\xba\xc20\xc47\xc6L\xc8\xc9&\xcb\x80\xb8\xc7\xc1\xd0\
\xd1\xd2\x1f\xcdK\xcf\xd7#\xd9\xda\xd4\xce\xd6\xde\xdf\xe0\
\x1d\xdbJ\xdd\xe5\x13\xe7\xe8\xb0v\xb2\xb3\xb4\x17\xee\x8b\
\xf0u\xf2z\xf4\xf5\xf6\x07\xf8\xf9\xf4\x19\xe2\xc7\xc1\x1f\
\xc0A\x02\xdb\x10,h\xef`\x99\x84\x0a\x17\xfa\xfb\xe7\
p\x0cD6\x0b\x09L\xach\xf1\xff\xe2\x1e\x89\x069\
\x86\xf1\xf8\x91\xe0Fv:\x06\xa8\x5c\xc9\xb2\xa5\xcb\x95\
(c\x9axI\xb3\xa6\xcc\x9b\x22j\xeal\x89\xb3g\
\x84\x9d@\x07\xf8\x1c\xda \xe8N\xa2H\x01\x18\xd5\x99\
\x94\xe8R\x9bM}>\xa5y\x8d$\x9a\x8cS\x97\x8a\
\x1ci\xf5\x0c\xd6\xacA\xb7\x9a\xe9\xbai!\xd8\xb0b\
1\x91\xfdzVgZ\xb5]\xd9\xb6\xa5\xf9\x96lY\
\x82s\xdd\xa6\xb5+7o\xcb\xbak\xcd\xfa}\x098\
j9\xb1g\x0c{C\x5c@\xf15\xc6\x8e\xa1A\x8e\
,l2\xe5,\x96/O\xc9\xac\x99\x09\xe3u0\xf0\
\x0ev\x09\x18\xf4\x0b\xd1\xa3Y\x96&\xc7\x83_\xea\xbf\
{\xf1\xec@\xfdz\xc0\xea5\xb3]\xd7Vy[M\
nz\xbby\xc76m\x82\xf6\xeb\xdei~\xd3\x0an\
{o\xe7\xe7\xd0\xa3K\x9fN\xbd\xba\xf5\xeb\xd8\xb3k\
\xdfNT\xb0_\x08\x02\xc2\x8b\x1fO\xbe\xbc\xf9\xf0|\
\xbd\xe7\x05\x7f\xbe\xbd{\xf4\x81\x8d\xb7e\xff\xbe>\xf9\
\xf4\xf2\xcf\xd2\xb7\xcf\x1f\xbf\xee\xef\xff\x0f\xf0'\xa0\x00\
\xfe\x017\xd8~\x03\xbaW\xe0r\x07\x06\x98`}\x0b\
\xb22\x1a\x82\x0f\x9a\x97\x1ew\xbb\xacB\x00\x86Yh\
\xc8!\x16\x1e~X\xcd<\x22\x8e\xb8\xcf\x86%rS\
H\x05)\xaaHb\x8bD\x84\xc8\xc4n\x15\xdaw\xa1\
\x144\xd6\xf8\xde\x8d3\xd6\xa6\xe3\x8e\x81M\x91\xe3\x8f\
\xe7\xf1\xb8\xc4\x90D\x96g\xa4\x12H&9\xde\x92D\
4\xe9$|q\xa1\xd8\xe3kS*\xb9\x16\x8c\x5cv\
\xe9\xe5\x97`\x86)\xe6\x98d\x96\x99\x85P\x0f\xcc\xf5\
\xe0\x14\x01\xb4\xe9\xe6\x9bo~\x05\x81\x9a\x09\xb2\x09\xe7\
\x9dm\xca\x99f[kJ\x81'\x9ez:@\xe7\x80\
v\xfe\x19\xa7`s\xf2Y\xa7\x9f\x86\x1e*Z\xa2g\
\xf5\xc9D\xa3\x8e\xea\x06)X\x92.A\xa9\x9b\x81\x16\
\xa5(\xa1\x8cn\x8a\x95\x99\xa4\x96j\xea\xa9\xa8\xa6\xaa\
\xea\xaa\xac\xc2\x80\xe6M\xfcm*+\xa0\x88\xe2\x14\xeb\
\xac\xb8\xe6Y+\xac\xf6\xe5\x9ak\xa71\xdd\xea\xab\xac\
\xc0\xa2$\xec\xb0\x94\x16\xcb\xce\xb1\x12\xc8\x1a\xaal9\
\xcc6K\xeb\xa3\xb6\xf6*m\xa3X%\x00\x00!\xf9\
\x04\x09\x02\x00\x00\x00,\x00\x00\x00\x00\x80\x00\x80\x00\x00\
\x03\xff\x08\xba\xdc\xfe0JYj%8\xeb\xcd\xbb>\
\xe0$\x8edi>\xd6\xe5\xad\xec\x17\x9ep,\x8fi\
\xd1\xde+x\xcc|\xcf\xd7\xb8\xe0F\xe7+\x1ai)\
\xa1\x92@<:\x9f\x0b\xe02\xd8\x84Z\x8b\xd2\xe9\xad\
z\xed\xca\xb2Z\x167\xa6\xd3\x19\xce\xe8\xb4z\xcdN\
\xd7\xde\xf0\xf8;\xbc-\xdb\xef\xf8\xfc\xa1\xcd\xef\xab\xe5\
\x80\x81*t9z\x86\x87{~\x8am\x82\x8dp\x84\
b\x88\x92w\x8b\x95\x7f\x8e\x98\x83\x90\x1c\x93\x9df\x96\
\xa0\x99\x99\x9b\x1e\x9e\x9e\xa0\xa1\xa2\x8e\xa4\x1d\xa6\x9d\xa8\
\x96\xaa\xab\xacC\xae\x92\xb0\x95\xb2\x8d\xb4\xb5\xb6wW\
\x97\x05^<\xbd\xbee\xc0n\x15\xc33\xc5\xc6/P\
\xc1\xcb2\xcd\xce\xc8h\x16\xd21\xd4\xc6\xd6g\xd8\xd9\
'\xdb\xbe\xdd\x06\xdf\xe0%\xe2\xb6\xe4\xe6\xe7#\xe9\xae\
\xeb\xca\xed$\xef\xce\xb8\x8b\xba\x82\xbc.\xcey\xf7\x8a\
\xf9\x02\xed\xcb\xd0O\xcf??\x01\x01\x0d\xc4P\xd0\xdf\
A>\x09\xe5,d\xd2\x90\xd2CF\x11\x1f-\xach\
\xf1\xff\xe2\x9a\x8c\x1a\x07r\xb4\xe3\x91\x0d\xc89\x1bG\
~*\x99\xec\xa4\x85\x89\x15\xe7\xf5\xd80\xa0\xa6\xcd\x9b\
8o\xca\xdc\x19NC\xce\x9f9y\x0au\xe7\x13\xa8\
\xd1\x01C\x93F\xa0y\x14\xa8\xd2\xa7\x0d\x986\x0d\x0a\
\xb5\xaa\xd4\xa9:\xabB\xbd\x8a\xb5\xa6\xd6\xadE\xbb\xda\
\x04\xf7\xd1\xe5\xcb\x85b\xd3\x0e`\x19\xcc\xecD\xb5b\
\xd9\xb6t\x8b\x16.V\xb9\xd7\xccj\xe2e\xf7.\xde\
rzm\xd4\xed{\xf4/`\xbdo\x09\x17\xfe\x1bX\
\xf0@\xc5\x8b\xf16N\x0c\xf9'\xcb\xaf\xf3p^\xc6\
|NsI\xce\x9don\x06-\xcd\xb3G\xd2\xd9L\
_D]Z\xf4g\xd6\xc3T?\x84\x1d\xdb\xb5dy\
?\x92\x0c\xae,\x9b%\xbb/\xba\x1f\xf3\xcei\xf8w\
\x0c0|\x87\xf7.i\x1c\x06rZ\xca\x97{l~\
\xe29\xab\xe8\xb6\xe5R7a\x9d\x14v\x9b\xc5q\xcf\
\xe8\xbe\xe9{\xcd\xf0\xc2z\x90\x87d~\xedi\xda\xf0\
\xe3\xcb\x9fO\xbf\xbe\xfd\xfb\xf8\xf3\xeb\xdf\xcf?>J\
\xe1\xffjA\x80\x93\x00\x04\x16h\xe0\x81\x08&h\xe0\
d\xbb\x89%\xe0M\x0aF(\xe1\x81\x0c\x02\x98\xd6\x83\
6M\xa8a\x84\x15\xeec\x17\x865m(\x22\x85\x81\
Qv\xe1\x03\x03\x8e\xa8b\x87\xc9\x05\x88\x22\x84*\x8e\
\xc8\x22tp\x818@\x8c2\x96\xd8`W6\xe2(\
\xe2I\xfd-\x93I\x90\xc3\x0cId\x17F\x1eiE\
\x92J>\xc1d\x93G<\x09%\x16\x98L\xe9d\x95\
Vp\xa5\x9c\x8f\x1b\x02\x99eX\xd8q\xa9\xa1\x97P\
h9\x9c\x98\x13\x92\xf9\x84\x99\xbc\xa1)\xa1\x9aN\xb0\
Y\x99\x9b\x1c\x82t\x85\x9c\x90\xd1\xa9 \x9cG\xe0\xa9\
\x98\x9e\x09\xf2i\x84\x9f\x84\x01\x8a\xa0\x9dV&\xaa\xe8\
\xa2\x8c6\xea\xe8\xa3\x90F*\xe9N\x04\xd88\xa7\x84\
W\x04\xa0\xe9\xa6\x9cv\xea)-\x96\xe6\x89\xa9\x15\x9e\
\x96j*\xa8/n9*\x14\xa6\xb6\xca)\xaa\x0e\x84\
\xb9\xea\x13\xae\xd6\x0ak\x03\xb2F\x98i\xad\xad\xde\xca\
@\xae\x0a\xee\xcak\xa9\xbe.\x00l\x82\xc2\x0e\xdbi\
\xb1K\x0a\x1c\x8b`\xb2\xcan\xca\xca\xa4\xd4Vk\xed\
\xb5\xd8f\xab\xed\xb6\xdc\xae\x99\x94\x98\xd1\x86\x1b\x00\xb3\
\xed\x80+\xae\xb2\xe4\x9ec\xee\xb9\xbc\xa6\x0b\xce\xba\xec\
\xba\xean6\xf0\xc6{\xea\xb4C\xd5k\xef\xa7\xf8\x0a\
\xa5\xef\xbe\xaf\xf6\xcb\xd3\xbf\x00k\xcaJ\x02\x00!\xf9\
\x04\x09\x02\x00\x00\x00,\x00\x00\x00\x00\x80\x00\x80\x00\x00\
\x03\xff\x08\xba\xdc\xfe0\xcaY\xaa\xb5$\xeb\xcd\xbb\xd7\
S(\x8ed\xf9\x5c\xe8\xa7\xae\x9b\xe9\xbe\xf0\x88^l\
\xfd\xc5x\x8e\xcf\x98\xed\x83\xba\xa00\xc4\xab\xfc\x8e\xc3\
\xa4\x92Q,\x1c\x7f\xcb\xe8\xb0\xf9\xf4I\xaf9j\xb5\
\x86;x\xbf\xe0\x83aL.\x9b\xcf\xe8rs\xcd6\
nk\xe1\xb8|\x1eO\xdb\xef\xe6\xb6\x9e\xf7\x86\xd3\xff\
\x80bx\x83i{\x86=}*\x81\x8br\x84\x8ey\
\x87\x86\x89+\x8c\x95_\x8f\x98\x06\x91\x92\x93\x1f\x96\x96\
\x99\x8f\x9b{\x9d\x9e\x9f\x8c\xa1\x8e\xa3z\xa5\x1e\xa7\xa8\
\xa9\x83\xabm\xad\x1d\xaf`RiX8\x8a\xb7^\xb9\
h\xbb1\xbd\xbe\xc0g\xc20\xc4\xb7\xc6f\xc8/\xca\
\xaf\xcce\xce.\xd0\xa7\xd2d\xd4&\xd6\x9f\xd8c\xda\
%\xdc\x96\xde\x06\xe0$\xe2\xbe\x97\xb1x\xb3l\xb5\x1c\
\xe9\x7f\xeb\xec\xedZ\xef\x19\xf1t\xf3w\xf5\xf6\xf7\xf9\
s\xf6\xd9\xe9W\xe4\x9e\x06\x80\x8d\x04\xa2!\xc8\xc7 \
\x01\x84u\x14\x9ea8\xc3\xe1C\x88`$N\xa4H\
\xc3\xff!\xc6\x8c\x1a\xd5pD\xf4o\x99\xb9\x1c*\x06\
\xa8\x5c\xc9\xb2\xe5\xc9\x97\xdb>\xb4\x9c\xc9\x12\xa6M\x11\
)i\xd2\xbc\xc93BN\x9d.{\x0ae\xf0\x13\xe8\
\xca\xa1H\x01\x145: \xe9\xd0\xa5F\x9d\x0a\x85\x0a\
\xd4\x19\xbd\x91N\x1c2\xdd\x0a4\xa4H\xac\x16\xb9\x8a\
m\xe9\x95\x0cV7\x06\xc7\xaa\x1dPv\xcc\xd9\xaci\
\xd7\x8am\xab\xe9lX\xb9\x5c\xe9\xbe\xbd\x8b\x97\xa9^\
\xbbZ\xfb\xfam\xbb7\xb0\xe0\xae\xf3\xa4\x82C\xbcN\
\xb16\xc6\xb1\x1cS\x83\x9cJ\xb23\xca\xa1,#\xc3\
\x9cI\xb30\xce\x98<\xef\x02\xfdH4\x16\xd2\x89\xb3\
\x144|\x98f[\x1d\xfe\xde\xb5F\xddXu\xc3\xb8\
\xb3g\xbe\xb6]\x91u\xee\x95\xbbw\xac\xc6\xfd\x1bx\
Y\xd8\xc3\xef\x15'{\x9cw\x0a\xdf\xc5\x83\xc7\x88]\
k9\xcb\xda\xa6\xb3k\xdf\xce\xbd\xbb\xf7\xef\xe0\xc3\x8b\
\x1fO\xbe|Ow\xd0\xab>\x00*\xa0\xbd\xfb\xf7\xf0\
\xe3\xcb\x7f_\x988S\x08\xec\xe7\xeb\xdfO\x1f\xb0\xfd\
\xa8\xff\xeb\xe9\xc4\xdf\x80\xfa\xd5\xa7\x9cX\xf8\x09H\xe0\
\x82\xfd\x81\x95\x9eN\x09\xd2\xc4\xe0\x84\x02\x18(\x1b\x82\
\x01JH\xe1\x82\x16V\x87\xa1\x03\xf9m8`\x87\xad\
\x8c\x15\xe1L\x22\x12X\x8fy\xbb\x1c\xc2\x22\x16.\xbe\
(E\x8c2.Ac\x8dI\xdc\x88\xa3\x10:\xee\x88\
\xdc\x1e>\xe6h\x88\x14T\xe5\x96\xe2\x88\xed\x10)\x93\
u*\x1d\xc9\xdf\x8aQ\x149\x9b\x93\xfbA\xb9\x84\x94\
\xadQY`\x92Q.\xc9\xa4\x96\xf3Y\xa9\x04\x96\x87\
\x81)\x9f\x98I\x90)\x98\x99\xf1\xa19\x84\x9a}\xb1\
\x09\xdf,A\xd6i\xe7\x9dx\xe6\xa9\xe7\x9e|\xf6\xe9\
'\x16\x19@@\x00\x93M\xc6'E\x00\x88&\xaa\xe8\
\xa2\x8c*:\x89\xa0\x84\x0e \xdf\xa1\x8dVj\xe9\xa3\
\x0f\x0cJ\xe8\xa4QX\xea)\xa3\x98:\xa0\xe9\x97\x86\
v\xfa\xe9\xa9\x01\x84\xda\xc0\xa8\xd6q\xba\x04\xaa\xa7\xaa\
JT\xa4\xae*\x01\xeb\xa7\xb2.\xc0\xear\xb5&q\
\xab\xa7\xb9*\xb0kq\xbd\x0e\xf1\xeb\xa5o\xfc\xa9\xec\
\xb2?\xcc6\xeb\xec\xb3\xd0F+\xed3\x04\xf0\x04\xe6\
\xb1\xb7\x06\x0b\xce\xb5\xd8\xa2\xaa\xad6\xdcv\x8bk\x22\
\xd6j)n\xac\xe4\xde\x14\xee\xb9\x95~K\xcd\xba\xec\
\x82\x9a\xaeM\xf0\xc6\xeb\xe8\xbc0\xd5k/\xa2}$\
\x00\x00!\xf9\x04\x09\x02\x00\x00\x00,\x00\x00\x00\x00\x80\
\x00\x80\x00\x00\x03\xff\x08\xba\xdc\xfe0\xcaY\xaa\xbd\x96\
\xe8\xcd\xbb\xf7S(\x8ed\xf9`h\xf5\xad\xecf\xbe\
p<\xa6hk\x83r\xae\xcb4v\xff\x9a\x9dp(\
\xea]\x80?\xa2r\xc90f\x906\xa6\x94\xe8TA\
[\xd3\xac\xaeZ\xb8be\x87\xb0xL6\x98\xcf\xe8\
\xb4z\x8d\xe6\xba}\xde\x1fyN\xaf\xcf\xd9\xf8|\xfa\
\xcd\xef\xc6ov\x81\x82az\x85x}o\x7f\x80\x83\
\x8cw\x86\x8fm\x88\x5c\x8a6\x8d\x96b\x90\x99\x06\x92\
\x93\x94,\x97\x97\x9a\x90\x9cU\x9e\x9f\xa0\x8d\xa2\x8f\xa4\
N\xa6+\xa8\xa9\xaa\x85\xacF\xae\x1f\xb0SlZ9\
r\xa8\xb9k\xbb2\xbd\xa0\xbfj\xc11\xc3\x97\xc5i\
\xc70\xc9\x96\xcbh\xcd/\xcf\x8d\xd1g\xd3&\xd5\x8c\
\xd7f\xd9%\xdb\x83\xdd\x06\xdf$\xe1\xb0e\xb2z\xb4\
=\xb6\x1e\xe8\x83\xea\xeb\xec)\xee\x1d\xf0\x82\xf2y\xf4\
\xf5\xf6\x1b\xf8\x81\xf4\x1d\xe2\x07\xc7\x1f\x01\x80v\x04\xb2\
!X\xd0\x1f\xc2:\x0a\xd70<b\xf0\xe0CG\x11\
#M\xf4c\xf0\xff\x22\xc6\x8cf6Z\xe9\xa8\xac\x9c\
\x8e\x1f\x03R\xaa\x5c9\xc0\xa4Km7X\xca|I\
S\x04J\x99+k\xea\x8cp\x13g\xca\x9d@\x1b\xf4\
\xf4\x19\xb4(\x80\xa18\x8d\x06E:S\xe9N\xa6,\
\x9b\x8d\x12Y\x91\x80\xcf\xabXY\x82\xd48\xb1j\xd6\
\xafW\xb7\x9e\x11\xc9\xd1\x1f\xd8\xb3Z\xc5n\xa2Z\x11\
\xad\xdb\x01j\xd7n\xf4\xfa\xf6l\x5c\xb2t\xeb~\xbd\
\xcb\xd6\xa0^\xb0|\xe7\xb6\xfd\x9bU\x95\xd3o\x80E\
\x1d\xce\x96X\xd3\xe2i\x8d3=n\x16\x19\xd2\xe4c\
\x95\x1f]\x0e\x96\xd9\xd0\xe6]\x9d\x0b}\xd6\x12\xda\xf0\
\x96R\x83\x09\x87\x8d\xb8\xa3\x93_\xd5\xab\x15\xb6F\xfd\
\x1a6\xce\x8c\xb3[\xa5\xb6\x9dV\xf6i\xdd\xb5y\xaf\
\xc4\xfd\xbb\xd6n\xe1)\x89\xe7pm\x16\xf9p\xd6\xc5\
\xdb\x1dG\xeex\xb4\xf5\xeb\xd8\xb3k\xdf\xce\xbd\xbb\xf7\
\xef\xe0\xc3\x8b\x07\x9ahz\xd4\x07`\x05\xa8_\xcf\xbe\
\xbd\xfb\xf7\xec\xf1\x9a\xcf\x89\xfe+\xfc\xfb\xf8\xdb\xcb\x0f\
\x9e\xb4~\xd6\xfc\xff\x00\xde\xb7_sWA\x90^\x80\
\x08\xc6\xd7\x17\x81D\xf9\x87U\x82\x10\x0a0\xa0=Y\
\x19h_\x84\x08N\xe8N\x85\x0e^\x85a\x86\x0bR\
\x88\x95\x85\xff}\x08\xa0$\xe3\xed\xc2G\x8aZ\xac\xc8\
\xe2\x14.\xbe\xc8D\x8c2*Ac\x8dC\xdc\x88c\
n\x5c\xech\xe3\x1bS@\xc5\x9b\x89'\x22\x12dL\
\xce\xa9Dd~(J!\xa4mK\xe2\xd7$\x13O\
\xc2\x16\xa5\x80F:\x89d\x92\x03\x5c\x09\xdf\x94KT\
\xa9\x9a\x97\xef\x81\xa9\x84\x98\x84\x91\xe9\x9e\x99D\xa0\xf9\
\x97\x9a\xfa\xe9\xe8\xe3\x9ct\xd6i\xe7\x9dx\xe6\xa9\xe7\
\x9e|\x9eI\x00\x04\x1dp\x99\xd2zS\x04`\xe8\xa1\
\x88&\xaa\xe8\xa2\x01\xc4\x01(\x07\x82v\xa9^\xa1\x8c\
Vji\xa3^<\xbaA\xa4\x84Jq\xe9\xa7\x8a:\
\xfa@\xa0\x82v\xca\x04\xa8\xa8\x1a*\xaa\x03\xa4ri\
\xea\x12\xa9\xa2\xba\xaaP\x90\x96:\xa9\xa7\xb1~:+\
\x03\xad&\xf9\xaa\x12\xb9\xea\x9a\xe9\xa8\xb5\xbaz\xeb\xa9\
\xc1ZzE\x9fC\xcc6\xeb\xec\xb3\xd0F+\xed\xb4\
\xd4:\xf3gMp\x0a\x90,\xa8\xbb\x9a\x94\xed\xb6\xc2\
.\x8b-\x9c\xe0^\xdam9\xdf\x96[\xe9\xb9\xdf\xa4\
\xab\xee\xa2\xecf\xe3\xee\xbb\x89\xc6;\xcd\xbc\xf4\x1ej\
o3\xf8\xe6\x8b)\x12\x09\x00\x00!\xf9\x04\x09\x02\x00\
\x00\x00,\x00\x00\x00\x00\x80\x00\x80\x00\x00\x03\xff\x08\xba\
\xdc\xfe0\xca\x09\x8a\xbd8\x93\xcd\xbb\xff\x1d%\x8ed\
iVYz\x81lK\x9cp,Kj\xed\xde\xe1\xac\
\xefg\xad\xe2@\x9epH\xf3i\x807\xa2r\x892\
\xae\x90.\xa6\x94\xe7\xc4@\xa3\xd3l\xac\xfa\xbc\x82d\
\x87\xb0xL\x16\x1b\xce\xe8\xb4z\xcdNs\xdfG/\
\xb0L\xaf\xdb\xc3\xed\xbc^\x0d\xef\x17\xe4Hw\x82\x82\
{\x85y~p\x80s\x83\x8ce\x86\x8f|\x88\x5c\x8a\
8\x8d\x96f\x90\x99\x92\x93\x94.\x97\x97\x99\x9a\x9bN\
\x9d\x9e\x9f\x8d\xa1\x90\xa3\xa4\xa5,\xa7\xa8\xa9\x86\xabF\
\xad\xae\x97RmZ2P\x9f\xb8l\xba1\xbc\xb7L\
\xb9\xc0'\xc2\x96\xbek\xc6\xc7\x81\xc3K\xc5\xcc$\xc8\
\x8d\xcaj\xd2%\xd4\x8c\xd6i\xd8\xd3\xce\xc9\xc4\xbf\xde\
\x22\xda\xafu\xb1\xb2\xb36\xb5\x1f\xe7\x83\xe9\x85\xeb\xec\
\xed\x1d\xef\x84\xf1z\xf3?\xf5\xf6\xf7v\xf9\xf4\xed\x8b\
\xd3\x8f\xc0?\x80\x01\xdb\x0c$\xd8\xef \xba\x84l\x16\
Z)\xb8\xc1!\x1d\x88\x11%Z\xa0X\xd1\xff\x22\x19\
\x8ck4n\xe4X\x8d\x9c\x0e(\x03R\xaaTi\xb2\
\xe57 +c\xba\x9c9\x01eL\x964s:\xb0\
ys\x80\xce\x9f\x0bx\xde\x04\x0aT\xa8L\xa2:\x8d\
\xaeD\x9a\x14I\xcf\x94\xc0R\x89\xfc\xc3\xf1\xa9\xd5\xab\
1AF\xd2\xc8\x91\x00\xd6\xafV\xb5\xba\x11\xd9\x15\xac\
\xd9\xacb\xcfL-{\xb6mZ\xb5d\xab\xb6=\xfb\
\xd6\xc0Z\xb9s\xc1\xd6\xbdK1\xaf\xd9\xbdq\xfb\xfa\
\xfd\x1a\x8a)6\xba\x99\x0cKC\x0cI13\xc6\x8f\
\x1c\x1b\x83lH20\xca\x85,\xeb\xc2\xbcG\xb3\x16\
\xcez<g\x01]XG\x22\xbc\x83\xc3&\xdcqZ\
pj\xd5\x01Y\xbfa\xfb\xfa)D\xd9\x9c\x5c\xd7\xbe\
y\xdb\xf4l\xd4\xbbW\xf6\x9e\xd1\xba`\xf0\x9e\xc3e\
\x14\xefw\x9c\xf7j\xdf\xb9\x8d7\x17^Y\xb4\xf5\xeb\
\xd8\xb3k\xdf\xce\xbd\xbb\xf7\xef\xe0\xc3\x8b\xd7\x89\x88\xf6\
\xd0\x07g\x05\xa8_\xcf\xbe\xbd\xfb\xf7\xec\xf9J\xef\x09\
!=\xfc\xfb\xf8\xe3\x07\x9e\x7f\xde\x81\xfd\xfc\xff\x00\xbe\
'\x1fsO\xd5gV\x80\x08\xb67`=V\x19\x08\
V\x82\x10\x0a\xb0`;\x0d\xa2w`\x84\x08NXK\
\x85\xfe]\x88!\x80\x1a\xb6\xc2a\x03\xff}\x88\x9f\x1f\
\xe3i\xd1G\x8aY\xac\xc8\xa2\x14.\xbe\xb8D\x8c2\
\x12Ac\x8dB\xdc\x88#n\x5c\xech#\x1cR(\
u\x9c\x89 \xea(\x84\x90\xc1\x11\x99\x1f\x8aL \xb9\
\x9b\x92'\x1a\xc9\x83\x93\xb5Ay\x1f\x93KP\xf9\x9a\
\x95\xf0a\xa9\x84\x96\xa9q)\xa0\x94;\x809\x98\x98\
\xeeyI\x84\x99~\xa1\xa9`\x8f>\xc6)\xe7\x9ct\
\xd6i\xe7\x9dx\xe6\xa9\xe7\x14\x1c@\x00\xc2t+\x09\
 E\x00\x84\x16j\xe8\xa1\x88&Z\xa8\x17~~\x00\
\xa8J\x822\xa1\xe8\xa4\x94\x1a\xca\xe8\x03\x7f>:@\
\xa4KT\xea\xa9\xa2\x97\xee\xe4\xa8\xa6\x9c*\xf1\xe9\xa9\
\x96^\xd1\xa8\x07\x9an:(\xaa\xa8\x86\xda@\xa6\x8f\
\x96J\x04\xac\xb1\xaa\x8a\xe9\xa8\xb5\xbe\x8a\xab\xa7\xb22\
@+\xa0\xb6\x0e\xf1\xeb\xa7H\xec\xa9\xec\xb2C\xcc6\
\xeb\xec\xb3\xd0F+-\x0c}\xce\xe4\xe6z\xc7\x22\xab\
\xabK\xd7\xaa\x97-\xb0\xdb\xb6\xd4\xad\x00\xdfV\x1a,\
9\xe3\x96K\xe9\xb9\xde\xa4\xab.\xa8\xe1\x9a\xe4\xee\xbb\
\x88\xb2\x8b\xcd\xbc\xf4\xa6\x0a\x05M\xf8\xe6K(\x12\x09\
\x00\x00!\xf9\x04\x09\x02\x00\x00\x00,\x00\x00\x00\x00\x80\
\x00\x80\x00\x00\x03\xff\x08\xba\xdc\xfe0\xca\xa9\x8a\xbd8\
\x17\xc2\xbb\xff`G\x8ddi\x9e\x80\xa6^a\xeb\xa2\
p,K\xeb\xea\xde\xdf\xac\xefp\xad\xe2@\x02oH\
\xa4\xf92A\x5cq\xc9L\x1d1\xc9[s\xca{B\
\xa3-\xaaVfeaC\xb1\x83xL.\x97\x0d\xe8\
\xb4z\xcdn\xab\xbbp\xef7h\xae\xdb\xefb\xb7~\
\xbf\x8e\xc7\xe7Ix\x82\x82|\x85z~p\x80t\x83\
\x8cf\x86\x8f}\x88V\x8a@\x8d\x96c\x90\x99\x06\x92\
\x93\x947\x97\x97\x9a\x90\x9cO\x9e\x9f\xa0\x8d\xa2\x8f\xa4\
G\xa6.\xa8\xa9\xaa\x85\xac>\xae-\x97Sn[2\
X\xb8M\xba\xbb0\xbd\x96\xb9m\xc1\xc2Q\xbeL\xc0\
\xc7&\xc3\x8d\xc5l\xcd'\xcf\x8c\xd1k\xd3\xce\xc9\xc4\
\xbf\xc6\xd9$\xd5\x83\xd7j\xdf\xe0\xdb\xb0\x84\xb2|\xb4\
5\xb6!\xe8\x83\xea\xeb\xec?\xee\x1f\xf0\xe9\xf2n\xf4\
\xf5\xf6\x1d\xf8x\xf4\x1d\xe2\x87\xc4\xdf?\x80v\x04\xee\
#x\xc5 \x01\x84\x09\x15\xb2a\xd8\xd0 \xc4:\x12\
'R\xb4\xe0\x90\xff\xc3EG\x19\xdfl\xdc\xd0Q\x5c\
\xb9\x1dX\x06\xa8\x5c\xa9\xf2\xa4\xcb\x12)Y\xae|I\
sBL\x99\x03j\xea|pS\xe6\xce\x9f\x0bz\xb2\
\x04\x0aT\xe8L\xa2;\x8d\xb6D\xaaSi\xce-\xb2\
F\x92t\x88\xb3\xaa\xd5\xab*C\x8a\xdc\xd8\x91\x00\xd6\
\xaf_\xb5\xa6\x91\xda\x15\xac\xd9\xaab\xd1\x90\xedx\xb6\
\xed\xca\xb4\x9bF\x96u\xdb\x16\xeeZ\xaat\xcf\xda\x95\
\xcb6\xaf\xd9\xbd\x5c\xfb\xfa\x0d\x0b\x89i6\xb7\x99\x0c\
OC\x5cX\xf11\xc6\x8f\x1c?\xae\xdbX\xf2\x16\xc8\
\x86,\xef\xc2\x5cH\xf3e\xca\x91=S\xe1\xacj\xc7\
\x1f\xc1\x83\xaf\x0a4\x9d\x08uj\xb4\xfaXw\x99\xfb\
\xda\xeaj\x1d\xa7\xf1\xd6\x86-Ov'\xdd\xbbe\xde\
\x9e\x91\xdb`p\xde\xea|\x97r}|\xc0p.\xad\
\x817w\xceG\xb4\xf5\xeb\xd8\xb3k\xdf\xce\xbd\xbb\xf7\
\xef\xe0\xc3\x8b\xff\xc9\x89\xb6\xcf\x07n\x05\xa8_\xcf\xbe\
\xbd\xfb\xf7\xec\xef\x1a\xaf\x0a!=\xfc\xfb\xf8\xe3\xf3\x95\
~\xd4\x81\xfd\xfc\xff\x00\xbe'\x9f?V\xd5\xd7V\x80\
\x08\xb67\xa0=\x05\xa2w`\x82\x10.\xe8N\x83\xfe\
=\x08!\x82\x12\xdaBa\x03\xff]\x08`\x86\xael\
\xc8@\x87\x1e\xe2\x17\xc7x[\x9c\x88\x22\x15*\xae\xd8\
D\x8b..\x01c\x8cD\xccHc\x15p\xdc(c\
\x8e:\xd6\xc8#\x13N\xedVb\x806\x0e\x11dm\
C~\xf8\xe3\x12G\xbe\x96d~E\xf2\xd0djO\
\x9a\xb8d\x11S\x0eV\xe5}Q\xa2\x14\xc5t,m\
\x09_\x97:d\xe9\x97\x98\x02^I\x84\x99y\xa1\xe9\
\xde\x13=\xc6)\xe7\x9ct\xd6i\xe7\x9dx\xe6\xa9\xa7\
\x16\x1e@\xd0\x02\x98\xfd-\x11\xc0\xa0\x84\x16j\xe8\xa1\
\x88\x16\x8a\x85\x9f!\x00\xba\x14\x13\x89F*\xa9\xa1\x8b\
\xf2\xd4\xa8\xa3SL\xaai\xa4\x95:\xf0'\xa6Ml\
**\xa5Q0\x0a\x82\xa3OA:\xea\xaa\x9d6\xf0\
)\xa0\x99\xae:j\xab\x0c\xbc\x0af\xac\xb2nJk\
P\x97\xc2\x1aj\xae\xba*\xb1\xe7\xb0\xc4\x16k\xec\xb1\
\xc8&\xab\xec\xb2<(\xf4I\x93\x9b\xed\x01\x1bl\x12\
5A\xcb\x9e\xb4\x9a\xee\xfa\x8d\xb5\xeba;\xa9\xb6\xd9\
p\xab\x9e\xb7\x92\x82;\x8d\xb8\x02\x90\xcbi\xa9\xcf\x8a\
\xabn\xa2\xe66\x83\xee\xbb\x88\xc6{\xcc\xbc\xf4\x92z\
C\x02\x00!\xf9\x04\x09\x02\x00\x00\x00,\x00\x00\x00\x00\
\x80\x00\x80\x00\x00\x03\xff\x08\xba\xdc\xfe0\xca\xa9\x8a\xbd\
8_\xc2\xbb\xff A\x8ddi\x9e\x80\xa6fa\x1b\
\xa2p,Kk]\xb8x7\xef<l\xaf\xb9\x5co\
H\xa4\xfd4A\x5cq\xc9L\x1dY\xc9Vs\xda{\
B\xa3 \xaaVf\xc5`_\xb0\x83xL.\x9b\x0f\
\x86\xb4z\xcdn\xbb\xd7\xdd\xf8\xed\x8b=\xdb\xef\xf6\xb7\
~\xcf\x96w\xe9ux\x82x|\x85z~V\x80Q\
\x83\x8cg\x86\x8f}\x88G\x8aI\x8d\x96c\x90\x99\x06\
\x92\x93\x949\x97\x97\x9a\x90\x9c?\x9e\x9f\xa0\x8d\xa2\x8f\
\xa46\xa68\xa8\xa9\xaa\x85\xac5\xae.\x8dSo[\
2\x80\xb8M\xba\xbb0\xbd\x8c\xb9n\xc1\xc2t\xbeL\
\xc0\xc7&\xc3\x83\xc5m\xcd'\xcf\x82\xd1l\xd3\xce\xc9\
\xc4\xbf\xc6\xd9$\xd5x\xd7k\xdf\xe0\xdb\xb0\x82\xb2\xb3\
\xb4*\xb6-\xe8\x83\xea|\xec\xed\xee \xf0\xe9\xf2\x87\
\xf4W\xf6\x1d\xf8\x84\xf4\xbd\xe1\xd7\xcf\x1f\x01\x80w\x04\
\x0e$\xb8\xc1\xe0?\x84\x8e\x14\xb6a\xd8\xd0\xe1A\x88\
f$N\xa48\xc7\xff\x22\xc6\x8c\x1a\xe1p\xb4\xc8A\
\x5c9\x1e\x80\x06\xa8\x5cy\xb2e\x89\x94+U\xba\x9c\
9\x01fL\x9a8\x1f\xd8d\x99\xb3\xa7\x82\x9d2}\
\xf6\x04:@\xe8P:1\x83\x1a\xa5It\x97<\x8e\
\x1d\x1d&\x9dJ\xb5\xea\xd4\x90\x22)\x92$`\xb5\xab\
W\x95X\xd5@\xdd\xfa\xb5,\xd5\xb0i\xc6\x924\xcb\
v%\xdaM#\xd7\xb6e\xfbV\xad\xc5\xb9t\xd1\xda\
\x95\x8a\xb7l\xdd\xb8w\xfb~}\xb44\x1b^\xc2\x85\
\x9b\x1d6\x94X\xf1\x5c\xc4\x8dw-.\x149\xd8d\
>\x95%?f\x9cY\xcb\xe5=\x9d=o\x96\xc5\xc3\
\x0fY\xc1^\xe5\x95\x96s\x1a\xb5U\xd5;L\xcbu\
]\x15\xf6\x0c\xd9\x81i\x9fU\xb7:Nk\xddIm\
sa=\x1bxL\xe11p\xf35~\x9cwl\xe2\
\xb9\x99\x83\xd5\x13\xba\xba\xf5\xeb\xd8\xb3k\xdf\xce\xbd\xbb\
\xf7\xef\xe0\xc3\xf7$\xf5[i\x03\xbc\x02\xd2\xab_\xcf\
\xbe\xbd\xfb\xf5{\x0dN\x85\x80\xfe\xbd\xfd\xfb\xf0\x01/\
\xe7\xe9\xa0>\xfe\xff\xff\xee\xc5\xe7\xcf|\x0f\xf8\x07\xe0\
\x81\xe9\x09h\x0f\x81\xfd\xcd\x85\xe0\x83\x02(\xe8\x0e\x83\
\xe79\x08\xe1\x81\x12\xdaB!\x03\x06^x_\x86\xae\
l\xb8@\x87\x1e\xbeg\x85x[$\xf8\x04\x8aZ\xa8\
x\x04\x8bT\xb8\xf8\x03\x8cS\xc8h\x03\x8dM\xd8X\
\x03\x8eL\xe8\xb8\x02\x8fK\xf8\xa8\x02\x90E\x08\xa9\xc1\
\x14D\x19W\xe2\x7f'6\x91$pK\xe2\xd7$\x13\
O\xea\x16\xe5\x87+:\x89\x94t+]i\xdf\x94K\
TI\x9b\x97&fI\xe5\x96\x5c\x0e@f\x80f\x86\
\x89&\x97k\xb6\x07f\x11b\xba\x16'{7\x12\xa9\
\xe7\x9e|\xf6\xe9\xe7\x9f\x80\x06*\xe8\xa0Tx\x00\x01\
\x0ei\xd6(@\x00\x8c6\xea\xe8\xa3\x90F\xeah\x14\
\x87\xba\x90h\x8e\x8bJ\xaa\xe9\xa6\x93&Qi\x0b\x97\
\xf6\x98)\xa7\xa4FJ\xa9N\x96r\xa9h\xa9\xac>\
z\xaa\x03\x88\xaa\x8ai\xab\xb4\x06\xf0j\x03\xb1J\xb7\
j\xad\xac\xde\xca@\xae\xcc\xed\xca+\xa9\xbe.\x00\xac\
q\xc2\x0e\xbb\xa9\x12P\x846\xeb\xec\xb3\xd0F+\xed\
\xb4\xd4V\x8b\x82\xa13\xa9t\xe7z\xca\x12\xebi\xb6\
jn\x9b^\xb7\x9c\x16\xfb\x8d\xb6\xe2\x8eJ\xae\xa9\xdf\
\xba\x84\xae\xb8\xebjj\xaea\xe1\xc2\x1b/\xbbA\xd0\
\xf4\xee\xb6\xf7\xe2+\x04\xb8\xe9\xaa\xdb/\xa3\xf3N\xb3\
\xef\x9d\x03\xbb\xeaB\x02\x00!\xf9\x04\x09\x02\x00\x00\x00\
,\x00\x00\x00\x00\x80\x00\x80\x00\x00\x03\xff\x08\xba\xdc\xfe\
0\xca\xb9\x8a\xbd8c\xc2\xbb\xff %\x8edi\x02\
Z\xaa\x81l{\xbep,\xa9\xb4\xd5\xde\x9e\xac\xefo\
M\xe3@\x9ep8\xf3\xa5\x808\xa2r\x892\xae\x90\
.\xa6t\xe7|BC\xd3,\xac\x9a\xb9\xb2^\x87\xb0\
xL.\x8b\x0d\xe8\xb4z\xcdn\xab\xb9\xf0\x82wN\
0\xdb\xefv\xb7~\xbf\x8es\xe9^x\x82\x82|\x85\
z~U\x80W\x83\x8cf\x86\x8f}\x88F\x8aP\x8d\
\x96g\x90\x99\x92\x93\x94@\x97\x97\x99\x9a\x9b5\x9d\x9e\
\x9f\x8d\xa1\x90\xa3\xa4\xa57\xa7\xa8\xa9\x86\xab?\xad-\
\x8cRnZ1\x8a\xb7L\xb9\xba/\xbc\x83\xb8m\xc0\
\xc1\x80\xbdK\xbf\xc6%\xc2\x82\xc4l\xcc&\xcex\xd0\
k\xd2\xcd\xc8\xc3\xbe\xc5\xd8#\xd4w\xd6j\xde\xdf\xda\
\xaf\x84\xb1\x85\xb3*\xb5\xb6\xe7\xe8\xe9{\xebG\xed \
\xef\xf0\xf1n\xf3V\xf5\x1d\xf7x\xf9\xe4\xed\xdb\xd0\xcf\
\xc3\xbf;\x01\x0f\x0d\xbcP\xd0\xe0AG\x09\xdb,d\
\xd8\x90\xc3C\x88\x11#M\xach\xf1\xff\x22\x99\x8cl\
&\xda\xe0h\x87\x9c\x10E\x03R\xa64\xc9\x92\x04J\
\x95\x03Z\xca\x9c\xf0R\xe5\xcc\x9b\x0fj\xae\xc4\xc9S\
\x81\xce\x98=y\xfe\x0c*\x14\x10L\xa0Dg\x0e\xcd\
\x92P\xa4\x1c\x8eG\xa3J\x9d\x1a\x15\xa4\xc6\x85\x1c\x09\
P\xdd\xca5\xa5\xd57\x22\xb3v\x1d+\xf5k\x1a\xa7\
b\xc9\xaa\xf5j\xd6\x00Z\xa8k\xd5\xb6u\x1b\x16n\
\xdc\xb1s\xdfV\xbcK6o\xdd\xbd|\xbb\x1aJ\x8a\
\x8d\xef`\xc2\xcc\x0c\x17B\x9c\xf8\xeea\xc6\xba\x14\xf3\
\x81\x0cL\xf2\x1e\xca\x91\x1d/\xc6\x9c\xc5\xb2\x1e\xce\x9d\
5\xc7\xa2\xe2'm\xe0\xad\xf1H\xc71}zjj\
\x1d\x88X\xb7\xae\x9aN5\x1c\xd9\xb3a\xbe\x96\x11\xdb\
n\xee\xa3\xbbc\xf4\x06\xfc\x1bxm\xd8\xa5}\x17g\
;\x1a\xf9j\xe5\xcb\x97\x81\x9eN\xbd\xba\xf5\xeb\xd8\xb3\
k\xdf\xce\xbd\xbb\xf7\xef3g\xc9\x86\xc0W\x80\xf9\xf3\
\xe8\xd3\xab_\x8f^o\xc3\xa3\xe4\xef\xb2\x9fO?\xbd\
\xfb\x82\xf0\x1f\x94\xaf\xcf\x9f\xfd\xfd~\xff\xf99\xb0_\
\x7f\x04\x9e\xf7_=\x0160`\x81\x04\x1e\xd8N\x82\
\x0c,\xc8 \x7f\x0e\xd6\x02\xe1\x02\x12NH_\x85\xad\
\x5c\xa8@\x86\x1a\xfag\x04xZ\x188\x22\x89S\x98\
\xe8\x03\x8a)\x9a\xe7\x04\x8bR\xa8X\x03\x8cL\xc8H\
\x03\x8dK\xd8\xa8\x02\x8eJ\xe8\x98\x02\x8fD\xf8\xa8\x81\
\x14?-\x17b\x7f/2QdqGRx\xe2\x12\
K\xfe\xd6d}IBi\xd4r0M\xb9\xe1\x93J\
D\x99\x9b\x96\xf3U\xd9\xe5\x95X\xa6\x04\xa6\x88+*\
If\x99g\xae'&\x11^\xce\xd6\xa6z;\x02i\
\xe7\x9dx\xe6\xa9\xe7\x9e|\xf6\xe9\xe7\x9fS|\x00\x01\
\x10e\xc6h^\x00\x88&\xaa\xe8\xa2\x8c6\xaa(\x14\
\x83\xe2Ph\x8d\x87:j\xe9\xa5\x8f\x22\x11\xe9\x0d\x93\
\xe6X)\xa6\xa06\x0aiN\x92bi\xa8\x00\xa1\xa6\
\xba\xe8\xa8\x0e\x10j*\xa5\xa8\xaa*+\xab\x0d\xb8\xba\
\xdc\xa9\xb2\xce\xaa)\xa9\x9c\xbe\xeai\xac\xb9\x86J+\
\x03\xb6\x16\x87k\xb0\xc2~\x01\xe8\xb2N\xcc6\xeb\xec\
\xb3\xd0F+\xed\xb4'\x08*\x93Js\xa6\x87l\xb2\
A\x5ckf\xb6\xe7m\x0b\xea\xb0\xe4`\x0b\xee\xa7\xe2\
:J\xae7\xe6\x9e\x9b\xee\xa5\xeb\x16\xf6\xad\xbb\xef\xaa\
\xbbkK\xed\x82[\xaf\xbd\xdd\xe2;\xaf\xbe\xfb2\x1a\
\xaf4\xf9f\x1b\xb0\xc0,$\x00\x00!\xf9\x04\x09\x02\
\x00\x00\x00,\x00\x00\x00\x00\x80\x00\x80\x00\x00\x03\xff\x08\
\xba\xdc\xfe0\xca\xc9\x8a\xbd8g\xc2\xbb\xff\x1f%\x8e\
di\x02Z\x9a\x82,{\xbep,\xa9\xf4\xd5\xde\x9d\
\xac\xefo]\xe38\x9ep8\xf3\xa9\x807\xa2r\x89\
2\xae\x90.\xa6t\xe7|BC\xd3,\xac\xaa\xb9\x82\
N\x87\xb0xL.\x93\x0d\xe8\xb4z\xcdn\xab\xb9\xf0\
\x82wN0\xdb\xefv\xb7~\xbf\x8es\xe9^x\x82\
\x82|\x85z~U\x80W\x83\x8cf\x86\x8f}\x88F\
\x8aP\x8d\x96b\x90\x99\x06\x92\x93\x94@\x97\x97\x9a\x90\
\x9c>\x9e\x9f\xa0\x8d\xa2\x8f\xa4?\xa67\xa8\xa9\xaa\x85\
\xac4\xae\xaf\x82RnZ1\x94\x83\xb9m\xbb0\xbd\
\xb8L\xba\xc1'\xc3x\xbfl\xc7\xc8\x8a\xbe\xc5\xc0\xcd\
%\xc9w\xcbk\xd3\xd4\xcf\xc4K\xc6\xd9\x22\xd5v\xd7\
j\xdf#\xe1\xb0y\xb2|\xb4G\xb6,\xe8\x83\xea\xeb\
\xec]\xee \xf0\x84\xf2\x87\xf4\x1b\xf6\x1f\xf8x\xf4\xed\
\xe3g\xc3\x9f\x07\x80w\x04\xba!\x88\xc1\xe0A\x84\x8e\
\x14\xb2aX\xd0a\x1d\x88e$N\xa4(\xc7\xff\xe2\
E\x8cc4F\xa2\xe8\xf1\xa3\x98rC(\x0dX9\
\x00\xa5K\x12*Y\xbe\x9c9!\xe6J\x9a8\x1f\xd8\
l\x99\xb3\xa7\x82\x9d>}\x02\x0d\x9as(Q\x9aF\
\xa3\x09\xe4\xd8\xd1\x22\xcb\xa7P\xa3J\x95*\xf2\x0d\xc7\
\x92S\xb3j\x85Z5\x0dS\xac[\xc3N\xed\x8a\xe6\
\xabG\xb1h\xb9\x925\xeb4\xad[\xb2\x9b\xae\x9eu\
\x9b\x16.[\x87t\xeb\xae\x95\xdb6o\xd8BG\xb3\
\xf9\x1d\x008p\xb3\xc1\x85\x0d\x07C\xccG\xf11\xc6\
{\x1c/\xf6\x9bX\xf2\x14\xc8z,k\xc1\xecM3\
\x13\xce\x90\xa8 \x02;X\xab,\xd1~H\x97\x1e\xab\
\x0au\x1c\xd5\xab\xa3\x9e\xd6!\x09v\xec\xa7\xb3e\xd4\
\x9e{[vk\xda\xa3y\xf7\xc6\xfd[w\xf0\xbe\xc3\
Y\xe6\x8e\xb1\x1byr\xc2\xd8<K\x9fN\xbd\xba\xf5\
\xeb\xd8\xb3k\xdf\xce\xbd\xbb\xf7\x9c\xf4TC\x18,\xa0\
\xbc\xf9\xf3\xe8\xd3\xab?\x7f\xd7\xe0\xd3\xf1~\xd7\xcb\x9f\
\x8f\xbe\xbd\xbf\xf7\x0f\xc8\xd3\xdf\xbf\xde\xbe=\xfc\xff\x0e\
\xe8\xc7\xdf\x80\xe6\xf9\xe7\x0e\x80\x0d\x08H\xe0\x80\x06\xda\
\x82 \x03\x0a.\xb8_\x83\xae<\xb8@\x84\x12\xceG\
\xa1)\x16*\x80a\x86\xfd\xf9\xf0\x9d\x16\xec\x898\xe2\
\x14%\xd6p\x22\x8a\x05\x9a\xb8\xe2\x12)\xd2\xf0\x22\x13\
1\xaa0#\x8c-\xaax#\x115\xa6\xb0#\x8f9\
\xca\xc8\xc4N\xcf\x81\xc8\x9f\x11R\x10\x99\x9c\x91\x13\xba\
\xa8\x84\x92\xc31I\x1f\x92C*\xf2\xdcSRj\xe8\
$\x11P\xf6\x96\xa5|T.\xd1\xe5m_\x86\xa8\xa3\
\x98V^\xb9R\x99\xea\x85\xf9d\x9aj\xb2\x99\x9e\x06\
?\xd6i\xe7\x9dx\xe6\xa9\xe7\x9e|\xf6\xe9g\x16_\
\xe8\x04\xc4sR\x9c\x17\xc0\xa1\x88&\xaa\xe8\xa2\x8c&\
\x8a\x04\x04H\x10J\xa3y\x8dVj\xa9\xa2\x8f\x0a\x8a\
\x83\xa48\x96w\xe9\xa7\x95f\xea@\xa4\xc9\x15J)\
\xa8\xa8:\x0a\x04\xa4\x83\x96:\xa9\xa7\xa9\xc6*j\x03\
\xa4\x0eg*\xac\xb1\xa2:+\x03\xb5\xf6v\xab\x00\xb9\
\xa6\xba\xeb\x02\xbd\xde\xf6k\xb0\xbab\xf1\xe7\xb2O\xcc\
6\xeb\xec\xb3\xd0F+\xed\xb4&\x04\xfa\x12\x96r\x1a\
\x8a\xec\xa7\xc3~\x83m\xb6\xb8n\x1b\xea\xaa3}\x0b\
\xae\xb8\x97v+\x18K\xe0\x9e\x8an\xa3\xeaNcn\
\xb6\xef\x8e\x1bD\xb9\xec\xb6\x0bl\xbd\x8c\xc6{X\xbe\
\xed\xf2\xdb/\xb9\xd7\x02|\xae\xc0\x98~\x90\x00\x00!\
\xf9\x04\x09\x02\x00\x00\x00,\x00\x00\x00\x00\x80\x00\x80\x00\
\x00\x03\xff\x08\xba\xdc\xfe0\xca\xd9\x8a\xbd8g\xc2\xbb\
\xff\x1f%\x8edi\x02Z\x9a\x82,{\xbep,\xa9\
\xf4\xd5\xde\x9d\xac\xefo]\xe38\x9ep8\xf3\xa9\x80\
7\xa2r\x892\xae\x90.\xa6t\xe7|BC\xd3,\
\xac\xaa\xb9\x82L\x87\xb0xL.\x97\x0d\xe8\xb4z\xcd\
n\xab\xb9\xf0\x82wN0\xdb\xefv\xb7~\xbf\x8es\
\xe9^x\x82\x82|\x85z~U\x80W\x83\x8cf\x86\
\x8f}\x88F\x8aP\x8d\x96b\x90\x99\x06\x92\x93\x94@\
\x97\x97\x9a\x90\x9c>\x9e\x9f\xa0\x8d\xa2\x8f\xa4?\xa67\
\xa8\xa9\xaa\x85\xac4\xae\xaf\x82RnZ1\x94\x83\xb9\
m\xbb0\xbd\xb8L\xba\xc1'\xc3x\xbfl\xc7\xc8\x8a\
\xbe\xc5\xc0\xcd%\xc9w\xcbk\xd3\xd4\xcf\xc4K\xc6\xd9\
\x22\xd5v\xd7j\xdf#\xe1\xb0y\xb2|\xb4G\xb6,\
\xe8\x83\xea\xeb\xec]\xee \xf0\x84\xf2\x87\xf4\x1b\xf6\x1f\
\xf8x\xf4\xed\xe3g\xc3\x9f\x07\x80w\x04\xba!\x88\xc1\
\xe0A\x84\x8e\x14\xb2aX\xd0a\x1d\x88g$F\xa2\
h\x91\xff\x03\xc6\x8c\x1a\xd3P\xb4\xd0\xf1\xa2\x98rD\
(\x0dX9\x00\xa5K\x12*Y\xbe\x9c9!\xe6J\
\x9a8\x1f\xd8l\x99\xb3\xa7\x82\x9d>}\x02\x0d\x9as\
(Q\x9aF\xbbI\x1c)\xa7#\xcb\xa7P\xa3J\x95\
\x1a\xf2\xcd\xc8\x92S\xb3j\x85ZU\xe4U\xa7[\xc3\
N\xed\x8a\x86)V\xb1h\x9f\x92\xdd\xf4\xd5b\xda\xb7\
\x03\xd6\x9a\x05\x0bW\xac\xdc\xb6\x0e\xeb\xa2\xbd\xcb\x91\xae\
^\xad\x85\x8ef\xfb\x1bXp3\xc2|\x0c\x1f\xd6[\
X\xf1.\xc4{\x1c\x07\x83\xacG\xf2c\xc6\x89-g\
\xa1\xecM3\x13\xce\x90\xa8 :\xfb\x17\xb0*\xd1~\
H\x97\x1e{Z\x87$\xd5\xab\xa3\xcaB\x1d\x07vl\
\xb5\xade\xbc\xf6{\x1b\xb7(\xdapl\xf7\x8e\x9b;\
\xc6n\xb7\xc3\xb9\x16\xdf2\x9awrl\x9e\xa3K\x9f\
N\xbd\xba\xf5\xeb\xd8\xb3k\xdf\xce\xbd{N~\xaa!\
\xfc\x15@\xbe\xbc\xf9\xf3\xe8\xd3\x9b\x9f\x8b\xfc\xe6\x83\xf1\
\xea\xe3\xcb_\x8f\xd7\xe0S\xf1z\xe7\xeb\x8f\xcf>\xaf\
\xcc\xf7\xff\xf9\xed' }}\xb5\xc7\x93\x03\xf0\x0d8\
`\x7f\xf6\xfd\x87`\x80\x0a\x0a\xc8\xa0?\xf7\x01XW\
\x84\x0b\xd6G\xa1\x83\x0d$\x88\xe1|Fx\xa7\x05\x81\
4\x88\x98\x05\x89*\x988\x05\x8a)\xa8(\x05\x8b\x1a\
\xb8\xc8\x04\x8c\x19\xc8\xb8\x04\x8d\x18\xd8\xa8\x04\x8e\x17\xe8\
H\x04\x8f\x16H\xb1Sr\x03|\xb8_\x88L\x0c\x99\
\x9c\x91\xfa!\xb9\x84\x92\xc31\x09\xa2\x0fB*B\xe4\
SR\xca\xe7\xa4\x12P\xf6\x96%\x7fT&i\xe5\x95\
+}\xa9\xde\x96)\x8dI\xa6\x99\xe9\xa19D\x97\xb7\
\xb1\x89^\x8d>\xd6i\xe7\x9dx\xe6\xa9\xe7\x9e|\xf6\
\xe9\xe7\x14Q8\x80\x04\x91/\x96\x17\xc0\xa1\x88&\xaa\
\xe8\xa2\x8c&\x8a\x04\x04\x83&W(y\x8dVj\xa9\
\xa2\x8f\xea\x04\x04\xa13\x1az\xe9\xa7\x8df*\xe8\xa6\
\x92vJ)\xa8\xa8:\x0a\x04\xa4\xa4\x0e7\xa9\x00\xa9\
\xc6\x1a\x80\xa8\x0dD\xea\xaa\xa9\xb0\xca\x8a*\xad\x0c\xd8\
\xda\xdb\xab\xba\xee\xba\xaa\xa68pz\xa3\xa7\xc1^\x8a\
\xc5\x9fP\xcc6\xeb\xec\xb3\xd0F+\xed\xb4\xd4\x9a\x10\
\xa8KX\xcai^\xb2\x9f\xf2ZN\xb6\xda\x9e\xcam\
\xa5\xde~\x03n\xb8\xe3ZZ\xee`,\x85\x8bl\xba\
\x8b\xae;\xcd\xb9\xda\xc2\x1b\xea\xb0/\xd1+\xa7\xbd\x8c\
\xca\xbbX\x99\xee\xe6\xca\xaf\xaaA\xcc\xa4/\x9b\x03c\
\xeaA\x02\x00!\xf9\x04\x09\x02\x00\x00\x00,\x00\x00\x00\
\x00\x80\x00\x80\x00\x00\x03\xff\x08\xba\xdc\xfe0\xca\xe9\x8a\
\xbd8g\xc2\xbb\xff\x1f%\x8edi\x02Z\x9a\x82,\
{\xbep,\xa9\xf4\xd5\xde\x9d\xac\xefo]\xe38\x9e\
p8\xf3\xa9\x807\xa2r\x892\xae\x90.\xa6t\xe7\
|BC\xd3,\xac\xaa\xb9\x82J\x87\xb0xL.\x9b\
\x0d\xe8\xb4z\xcdn\xab\xb9\xf0\x82wN0\xdb\xefv\
\xb7~\xbf\x8es\xe9^x\x82\x82|\x85z~U\x80\
W\x83\x8cg\x86\x8fo\x88F\x8aP\x8d\x96b\x90\x99\
\x06\x92\x93\x94@\x97\x97\x9a\x90\x9c>\x9e\x9f\xa0\x8d\xa2\
\x8f\xa4?\xa67\xa8\xa9\xaa\x85\xac4\xae\xaf\x82Rn\
Z1\x94\x83\xb9m\xbb0\xbd\xb8L\xba\xc1'\xc3x\
\xbfl\xc7\xc8\x8a\xbe\xc5\xc0\xcd%\xc9w\xcbk\xd3\xd4\
\xcf\xc4K\xc6\xd9\x22\xd5v\xd7j\xdf#\xe1\xb0y\xb2\
|\xb4G\xb6,\xe8\x83\xea\xeb\xec]\xee \xf0\x84\xf2\
\x87\xf4\x1b\xf6\x1f\xf8x\xf4\xed\xe3g\xc3\x9f\x07\x80w\
\x04\xba!\x88\xc1\xe0A\x84\x8e\x14\xf6ah\xc1a\x07\
\x88\x11%\xa6\xa1X\xd1\xffb\x1d\x8cd4N\xa4\xe8\
\xf1c\x98rJ(\x0dX9\x00\xa5K\x12*Y\xbe\
\x9c9!\xe6J\x9a8\x1f\xd8l\x99\xb3\xa7\x82\x9d>\
}\x02\x0d\x9as(Q\x9aF\x95\x88\xe4(\xc7#\xcb\
\xa7P\xa3J\x95*2\x12I\xa7S\xb3j}Zu\
#\xc7\x92[\xc3f\xed\x8a\x86)X\xb1h\xb9\x925\
\x8b5mZ\xb2\x9b\xbe\xb6u+\x16.[\x8bt\xdf\
\xae\x95\x8b7o]>G\xb3\xf9\x1dP(\xf0\xb4\xc1\
\x85\x0d\x1fC\x0cXq0\xc6{\x1c?\xf6\x9bXr\
\x16\xc8z,k\xc1\xecM3\x13\xce\x90\xa8 :;\
X\xab,\xd1~H\x97\x9ezZ\x87$\xd5\xab\xa3\xb6\
\x96\xf1znl\xa8\xb3c\xd4\xee{[\xb6*\xd4q\
`\xf7^\x99{\xcbh\xdb\xc3\x09\xffv}\x9cwr\
\xe2i<K\x9fN\xbd\xba\xf5\xeb\xd8\xb3k\xdf\xce\xbd\
\xbb\xf7\x9e\x04UC\x18,\xa0\xbc\xf9\xf3\xe8\xd3\xab?\
\x7f\xd7\xe1\xd3\xf1~\xd7\xcb\x9f\x8f\xbe\xbd\xc1\xf7\x0f\xc8\
\xd3\xdf\xbf\xde\xbe?\xfc\xff\x0e\xe8\xc7\xdf\x80\xe6\xf9g\
\x0f\x80\x0d\x08H\xe0\x80\x06\xba\x83 \x03\x0a.\xb8_\
\x83\xb6<\xb8@\x84\x12\xceG\xa1+\x16*\x80a\x86\
\xfd\xf9\xf0\x9d\x16\xec\x898\xe2\x14%\xd6p\x22\x8a\x05\
\x9a\xb8\xe2\x12)\xd2\xf0\x22\x131\xaa0#\x8c-\xaa\
x#\x115\xa6\xb0#\x8f9\xca\xc8\xc4N\xcf\x81\xc8\
\x9f\x11R\x10\x99\x9c\x91\x13\xba\x98\x92\x22\xcf=\xc5$\
}H\x0e\x09e\x94+M\xa9\xa1\x93D(9\x9c\x96\
\xf2U\xb9\x84\x97\xbd\x81\x19\xa2\x8ec^\x89\xa5\x99\xea\
\x89\xf9$ Xf\xc9f}\x17\xfch\xe7\x9dx\xe6\
\xa9\xe7\x9e|\xf6\xe9\xe7\x9fY\xb4\x00\x01\x12\xcfIq\
^\x00\x88&\xaa\xe8\xa2\x8c6\xaa(\x12\x83\x02Q(\
\x8d\xe69j\xe9\xa5\x8bB\xaa\x93\xa4\xc9\x19Z)\xa6\
\xa0:\xaa\xa9\x03\x84vJiy\xa1\xa6\x9a)\x10\x91\
\xe20)\x8e\xa8\xaa*\xeb\xa8\x0d\x94:\x9c\xa7\xb1\xca\
\x9a*\xad\x0c\xd8\xda\x1b\xae\x02\xe8\xaa*\xaf\x0b\xf8z\
\x1b\xb0\xc2\xee\x9a\x03\xa0R\xcc6\xeb\xec\xb3\xd0F+\
\xed\xb4\xd4:\xf3\xc5LR\xceyh\xb2\xa0\x12\xfbM\
\xb6\xda\xe6\xca\xad\xa5\xde\x0a\xc6R\xb8\x9f\x8eK.\xab\
\xd8\x9e\x8bn\xb0\xea\xae\x1bD\xbbr\xa2\x1b\xaf\xbcI\
\xd0;\xc0\xbb\xf0\xde\xcbh\xb9\x87\xb9k\xaf\xbf\xff\xb2\
\xfb\x12\xb8\xe1\x12\x5c0\x07\x09\x00\x00!\xf9\x04\x09\x02\
\x00\x00\x00,\x00\x00\x00\x00\x80\x00\x80\x00\x00\x03\xff\x08\
\xba\xdc\xfe0\xca\xf9\x8a\xbd8g\xc2\xbb\xff\x1f%\x8e\
di\x02Z\x9a\x82,{\xbep,\xa9\xf4\xd5\xde\x9d\
\xac\xefo]\xe38\x9ep8\xf3\xa9\x807\xa2r\x89\
2\xae\x90.\xa6t\xe7|BC\xd3,\xac\xaa\xb9\x82\
H\x87\xb0xL.\x9b\x0f\x86\xb4z\xcdn\xbb\xd7\xdc\
x\xc1K'\x9c\xefx\xf2{\xcfg\xcb\xb9u^y\
\x83w}\x86{\x7fU\x81W\x84\x8dz\x87\x90p\x89\
F\x8bP\x8e\x97h\x91\x9a\x93\x94\x95@\x98\x8e\x9a\x9b\
\x9c?\x9e8\xa0\x8d\xa2\x91\xa4\xa5\xa6-\xa8\x84\xaa\x90\
\xac4\xae7\x83RoZ1\x95\xb8L\xba\xbb/\xbd\
y\xb9n\xc1\xc2\x8b\xbeK\xc0\xc7%\xc3x\xc5m\xcd\
&\xcfw\xd1l\xd3\xce\xc9\xc4\xbf\xc6\xd9#\xd5g\xd7\
k\xdf\xe0\xdb\xb0x\xb2\x87\xb4G\xb6,\xe8y\xea\x86\
\xecV\xee\x1e\xf0\xe9\xf2|\xf4]\xf6\x1f\xf8\x85\xf4!\
\xe2\x87\xc1\xdf?\x80f\x04\x0e$h\xc1\xe0=\x84e\
\x14\xbeah\xc3!\x07\x88\x11%\xb6\xa1\xd8\xd0\xff\xa2\
\x1d\x8cc4n\xe4\xe8\xf1\xe3\x81rK*\x0dX9\
\x00\xa5K\x12*Y\xbe\x9c9!\xe6J\x9a8\x1f\xd8\
l\x99\xb3\xa7\x82\x9d>}\x02\x0d\x9as(Q\x9aF\
\x89\x88L\xc3q\x8eG\x96P\xa3J\x9d:u\xa9$\
\x8a%\xa9j\xdd\x1a\xd5\xaa\x9a\xa6Y\xb9\x8a\xa5\xea\x95\
)\xc9\xa7c\xd3B-k\x00,Z\xb5j\xd9\xba\xb5\
\x08\x17\xae\xdc\xb3t\xeb\xa6\xbd\x8b\xf5\xad^\xae\x86\x8e\
f\xfb; \xb0\xe0f\x84\x0d\x1f\x0e\x96\xb8\xcf\xe2c\
\x8d\xf9<f\xfcW\xf1\xe4)\x91\xf7\x5c\xd6\x92\x99\xd9\
f&\x9d#QI\x14\x96\xf0Vu\xa3\xff\x946M\
VVj9\xabYKE\xadcRl\xd9k]\xd7\
&\xed\x17wnU\xaf\xe3\xdc\xf6]X\xb7\x0c\xdb\xbd\
\x89\x17\x07\xbe[ur\xe2j>K\x9fN\xbd\xba\xf5\
\xeb\xd8\xb3k\xdf\xce\xbd\xbb\xf7\x9e\x0cWC ,\xa0\
\xbc\xf9\xf3\xe8\xd3\xab??\xd7!\xd4\xf1\x7f\xd7\xcb\x9f\
\x8f\xbe\xbd\xc1\xf7\x0f\xc8\xd3\xdf\xbf\xde\xbe?\xfc\xff\x0e\
\xe8\xc7\xdf\x80\xe6\xf9g\x0f\x80\x0d\x08H\xe0\x80\x06\xba\
\x83 \x03\x0a.\xb8_\x83\xb6<\xb8@\x84\x12\xceG\
\xa1+\x16*\x80a\x86\xfd\xf9\xf0\x9d\x16\xec\x898\xe2\
\x14%\xd6p\x22\x8a\x05\x9a\xb8\xe2\x12)\xd2\xf0\x22\x13\
1\xaa0#\x8c-\xaax#\x115\xa6\xb0#\x8f9\
\xca\xc8\xc4N\xca\x0d\x00\x22\x7fFHA\xa4rGN\
\xe8\xa2\x12K\x12\xd7$}I\x0e\xb9H\x91PM\xa9\
\xe1\x93DD\xe9\x9b\x96\xf2U\x99\xd2\x95X\xae\x04f\
\x88:\x8e\x19H\x99f\x9e\x99\x9e\x98P\x92Y\xa6\x9b\
oZ\xf0\xe3\x9dx\xe6\xa9\xe7\x9e|\xf6\xe9\xe7\x9f\x80\
f\x91\x84N@\x14)\xc5y\x01$\xaa\xe8\xa2\x8c6\
\xea\xe8\xa2H@\x80\x84\xa14\x9a\xf7\xe8\xa5\x982\x1a\
)\xa18P\x8acy\x99\x86z\xe9\xa6\x0eL\xaa\xdc\
\xa1\x96\x8a\xaa*\xa4@HZ\xe8\xa9\x95\x82\xba\xea\xac\
\xa46`*q\xa8\xca:\xab\xaa\xb52p\xabo\xb9\
\x0a\xb0\xeb\xaa\xbd.\xf0+n\xc1\x0e\xcb+\x07R\x81\
6\xeb\xec\xb3\xd0F+\xed\xb4\xd4V\x8bL\x14/e\
I'\xa2\xca\x86Z\xec7\xdan\xabk\xb7\xa3\xb6:\
S\xb8\xe2\x92\x9b\xe9\xb7\x83\xb1$n\xaa\xea>\xca\xee\
4\xe8n\x1bo\xb9A\x9c\xeb\xee\xbb\xc2\xde\xeb\xe8\xbc\
\x88\xed\xfb\xae\xbf\xff\x9a\x9b\xad\xc0\xe9\x12\xac)\x07\x09\
\x00\x00!\xf9\x04\x09\x02\x00\x00\x00,\x00\x00\x00\x00\x80\
\x00\x80\x00\x00\x03\xff\x08\xba\xdc\xfe0\xca\x09\x8b\xbd8\
c\xc2\xbb\xff %\x8edi\x02Z\xaa\x81l{\xbe\
p,\xa9\xb4\xd5\xde\x9e\xac\xefoM\xe3@\x9ep8\
\xf3\xa5\x808\xa2r\x892\xae\x90.\xa6t\xe7|B\
C\xd3,\xac\x9a\xb9\xb2F\x87\xb0xL.\x9b\x0f\x86\
\xb4z\xcdn\xbb\xd7\xdcx\xc1K'\x9c\xefx\xf2{\
\xcfg\xcb\xb9u^y\x83w}\x86{\x7fU\x81W\
\x84\x8dz\x87\x90p\x89F\x8bP\x8e\x97h\x91\x9a\x93\
\x94\x95@\x98\x8e\x9a\x9b\x9c5\x9e\x9f\xa0\x84\xa2\x91\xa4\
\xa5\xa67\xa8\xa9\xaa\x87\xac?\xae-\x84RoZ1\
\x8b\xb8L\xba\xbb/\xbd\x83\xb9n\xc1\xc2\x81\xbeK\xc0\
\xc7%\xc3y\xc5m\xcd&\xcfx\xd1l\xd3\xce\xc9\xc4\
\xbf\xc6\xd9#\xd5w\xd7k\xdf\xe0\xdb\xb0x\xb2\xb3\xb4\
G\xb6,\xe8y\xea\x86\xec\xed\xee\x1f\xf0\xe9\xf2|\xf4\
V\xf6\x1d\xf8\x85\xf4!\xe2\xb7\xc1\x9f\x07\x80g\x04\x0e\
$h\xc3\xe0?\x84e\x14\xbeax\xc1\xe1C\x88c\
$\xba\xa1\xd8\xd0\xff\x22\xc6G\x1a%Q\xb4\xc8AL\
9&\x8b\x06\xa8Ty\xb2%\x89\x94+\x07\xb8\x9c9\
\x01\xe6J\x9a8\x1f\xd8d\x99\xb3\xa7\x82\x9d2}\xf6\
\x04*th\xa0\x98A\x8b\xd2$\xaa$d\x1a\x8es\
H\x22\x9dJ\xb5\xeaT\xa7\x22\x19\x92$`\xb5\xabW\
\x95X\xd5@\xdd\xfa\xb5,\xd5\xb0O9\x925\xcb\x16\
,\xda\xb1R\xdb\xb2Ek\x00\xaeE\xb9s\xdf\xaa\x8d\
\x8b\xf7+]\xbb\x0e\xfb\x96=\xa44[_\xc2\x85\x9b\
\x1d6\x94X1^\xc4\x8dw-\xee\x139\xd8d>\
\x95%?f\x9c9\xcb\xe5=\x9d=o\x96E\xe5\xcf\
Z\xc1]\xe5\x95\x96s\x1auU\xd5:\x12\xb5v}\
U\xdd\xea8\xb3i\xc7\x84-C6_\xddHy\xc7\
\xf0}\x17xm\xd2\xb1M\xff6\xee\x16yo\xe5\xc5\
\x99\xafT\x13\xba\xba\xf5\xeb\xd8\xb3k\xdf\xce\xbd\xbb\xf7\
\xef\xe0\xc3\xf7\xd4\xba\x1cB_\x01\xe8\xd3\xab_\xcf\xbe\
\xbdz\xc0\x06\x91\x9a\xc7\xeb\xbe\xbe\xfd\xf5\xf0\xfd\xc9\x7f\
p\xfe\xbe\x7f\xf7\xff\xf9\xd9\xb3\x9f\x03\xfd\xfdg`z\
\x01\xba3`\x03\x05\x1eh`\x82\xb6,\xc8@\x83\x0e\
\xfa\x07\xa1+\x12.@a\x85\xf6]hJ\x86\x0al\
\xc8!\x80F\x88\xa7\x05\x82%\x9a8\x05\x8a>\xa8\xb8\
\x22zN\xb8(\x05\x8b5\xc8\xc8\x04\x8d4\xd8\xb8\x04\
\x8e*\xe8\xa8\x04\x8f)\xf8H\x04\x90\x1aH\x01\x14s\
#\xfe\x17#JGI\xb7R\x92\x16\xa6\xb8\xc4\x91\xc6\
Ay\xdf\x92S6\xe9\xe4\x00Vv(\xa5\x12T\x02\
\xd7e}X\x82\xa9\xa5\x93c\x92\xd8\x22\x93ul\xa9\
R\x9a\xed\x95ID\x98\xba\xc1\xc9\xde\x05B\xe6\xa9\xe7\
\x9e|\xf6\xe9\xe7\x9f\x80\x06*h\x16I\xe8\x84\x83\x93\
3\xa2\x17\xc0\xa2\x8c6\xea\xe8\xa3\x906\x0a\x05\x04@\
 z\xa3\xa2\x91f\xaa\xa9\xa4HPz\xa8t\x89\x0a\
\xb0\xe9\xa8\x99Nj\xe8\x0d\x96\xee\x88)\xa9\xac2j\
\xaa\x03\x95\x82z\xa9\xa8\xad\xd6\xfaj\x03\xb12\x17j\
\xad\xb6vzj\x0b\xa9\xfe\xb8*\xaf\xa3\xde\xca@\xae\
\xc6\xedJ,\xa9R\x1d\x0c\xea\xec\xb3\xd0F+\xed\xb4\
\xd4Vk-2Q\xb8\xf4\xa4\x9d\xea-\xcb\xac\xaf\xda\
\xbe\xc9mz\xde\x16\x0bnK\xdb\x8eKk\xb9\xa5\x9e\
{R\xba\xe3\xb2\xab\xa9\xb1\xe5\xc0\xcb\xad\xbc\xed\x061\
\x93\xbdv\xe2\x1b)\xbd\xdf\xf0\x0b\xa7\xbf\x90\x02l\x98\
\xb8\xea\x12\xfch\x07\x09\x00\x00!\xf9\x04\x09\x02\x00\x00\
\x00,\x00\x00\x00\x00\x80\x00\x80\x00\x00\x03\xff\x08\xba\xdc\
\xfe0\xca)\x8b\xbd8_\xc2\xbb\xff A\x8ddi\
\x9e\x80\xa6fa\x1b\xa2p,Wk\xed\xde\xdd\xac\xef\
pm\xe37\x9epH\xf3i\x80A\xa2riT!\
]\xcb\xe8\xb0y|\xbe\xa4\xd8\x19\x95e\x05Q\x0e\xe0\
\xb0xL.\x83\x0d\xe8\xb4z\xcdn\xab\xb7\xf0M\xd7\
j\xae\xdb\xc7\xee\xbc~\x1d\x8f\xcf\xe9w\x81f{\x84\
y}p\x7fO\x82\x8bx\x85\x8eo\x87T\x89H\x8c\
\x95\x07\x8f\x98\x06\x91\x92\x938\x96\x8c\x99\x8f\x9bM\x9d\
\x9e\x9f\x82\xa1\x8e\xa3F\xa57\xa7\xa8\xa9\x84\xab>\xad\
.\x8bRnY3\x7f\xb7Q\xb9\xba1\xbc\x82\xb8m\
\xc0\xc1s\xbdK\xbf\xc6'\xc2\x81\xc4l\xcc(\xcew\
\xd0k\xd2\xcd\xc8\xc3\xbe\xc5\xd8%\xd4v\xd6j\xde\xdf\
\xda\xafv\xb1\xb2\xb3+\xb5-\xe7w\xe9{\xeb\xec\xed\
 \xef\xe8\xf1\x86\xf3U\xf5\x1e\xf7u\xf9\xf4\xed\xc3\xd0\
\xef\xc3\xbfA\x01\xdb\x0c\xe4R\x90\xc3\xc12\x09\x15.\
\x94\xd3\x90\xc0C2\x11\xd9L\xa4\xd8\xf0\xffb\xa3\x8c\
i6Z\xa8\xe8\xf0\x00\xb9,\x7f\x06\xa8\x5cy\xb2e\
\xb6.+Y\xba\x9cI!e\xcc\x014sF\xb0\x19\
S\xa7\xcf\x06<e\xfe\xfc\x19T\xe5\xd0\xa1Eq\x1e\
\xf5\x99\x94\x08H4\x22\x0b\x90$p\xb3\xaa\xd5\xabU\
\x9f\x86\x149\x15\xab\xd7\xaf*\xb5B\xe5J\x12\xacY\
\xabb5\x91\xadx\xb6\xed\xca\xb4Q\xbb\xbam\x0bw\
m\xc3\xb9t\xc5\xc6-\x8b\xd7l\xdd\x8dr\xfb~u\
\xb4\x94\x1c^\xc2\x85\xb1\x1d.\x94X\xf1\x5c\xc4\x8d\x8d\
-&\x14\x99\xd9\xe4=\x95%?f\x9cY\xd7e=\
\x9d=o\x8e\xb5\xe3P`\xc1X\xe3\x95\xees\x1a5\
\xdat\xab\xfd\xf0u}U\xb5\x0e\xd3\xb3ig\x85}\
\x9bun\xdd1mk\xf1\xcd\x16\xf8n\xd2\xbde\x17\
7\x1e\x9c\xf7p\xe5w\x997\x0fM\xbd\xba\xf5\xeb\xd8\
\xb3k\xdf\xce\xbd\xbb\xf7\xef\xe0\xad\x03\xfe\xad\xd4\x01^\
\x01\xe8\xd3\xab_\xcf\xbe\xbd\xfa\xbd\xcb\x8568\xef\xbe\
\xbe\xfd\xf7v\x0bV\x85@\xff\xbe\xff\xf6\xff\xf0E\xd7\
\xd3\x03\xfd\xfdg z\x01\xeaw\x13\x7fs\x1d\xe8\xa0\
\x00\x09\xf6\xb3\x1f\x81\x0d>h`\x84\xf5Lh^\x85\
\x16\xfa\x87a;\x1a\xce\xc7a\x87\xf6m\x11\x1e0\x08\
Rq\xa2.)6\xb1b\x16-\x1a\xf1\x22\x161\xfa\
0\xa3\x145\xd6pc\x149\xae\xb0\xe3\x12=\xaa\xf0\
\xa3\x12Aj ER\xc6\x91\xe8\xa1\x8aQ \x09\x9c\
\x92\xf7\x99\xd8\xe4\x1c\xd2\xc5\x04e\x89L.\xe1\xa4n\
W\xd6'\xa5\x96TV\xa9R\x97\xee}\xa9\xc4\x96\xb4\
\x91\x09`\x96g\x86)\xa6\x9a\xec\x99I\x04\x9a\xae\xc1\
\xb9\x9e\x05C\xe6\xa9\xe7\x9e|\xf6\xe9\xe7\x9f\x80\x06*\
\xa8K@@p\x83\x988\x0a\x10\xc0\xa2\x8c6\xea\xe8\
\xa3\x906\xfa\x84\xa1. \xca\xa3\xa2\x91f\xaa\xa9\xa4\
HP\xda\x82\xa5@b\xba\xe9\xa8\x90N\xfa\xc0\xa1U\
&J\xea\xaa\x8e\x9a\xea\x00\xaa\xd2\xa9\xca\xea\xac\xae\x02\
Ui\xaa\x97\xceJk\xa7\xa7\xde\x1ak\xae\xba\xaeZ\
+\x03\xb02'k\xb0\xa3r0\xe8\xb2N\xcc6\xeb\
\xec\xb3\xd0F+\xed\xb4m&1\xd3\x98v\xa6\x87,\
\xa9\xc3\x9e\x84m\xb6\xa2n\x9bi\xb7\x86\x0d\x00.z\
\xe2nJ\xae7\xdff\x9b\xae\xa6\xeb:vn\xb8\xef\
\xb6\xca\xeb\xb5\xe6\x9e[o\xa4\xf1J\xd3\xae\x9d\xfb\x96\
z\xafK\xff\xc2\x19\xf0\xa3\x1c$\x00\x00!\xf9\x04\x09\
\x02\x00\x00\x00,\x00\x00\x00\x00\x80\x00\x80\x00\x00\x03\xff\
\x08\xba\xdc\xfe0\xca9\x8b\xbd8[\xc2\xbb\xff G\
\x8ddi\x9e\x80\xa6ba\xdb\xa2p,Kk\xed\xde\
\xde\xac\xefp\xbd\xe2@\x9epH\xf3i\x808\xa2r\
\x992f\x907\xa6\x94\xe7|B_\xd3l\xac\xca\xba\
\x86&\x87\xb0xL.\x9b\xc3\x86\xb4z\xcdn\xbb\xd7\
\xdc\xf8\xc5\xeb=\xdb\xef\xe4\xb7~\xcf\x96\xcb\xe9Wx\
\x82v|\x85z~q\x80P\x83\x8cy\x86\x8fp\x88\
U\x8aH\x8d\x96\x07\x90\x99\x06\x92\x93\x948\x97\x8d\x9a\
\x90\x9cN\x9e\x9f\xa0\x83\xa2\x8f\xa4F\xa67\xa8\xa9\xaa\
\x85\xac>\xae.\x8dRoZ2t\xb8L\xba\xbb0\
\xbd\x8c\xb9n\xc1\xc2u\xc4\xbf\xc6\xc7'\xc3\x83\xc5m\
\xcd\xce\xc9\xd0\xcb\xd2\xd3%\xcf\x82\xd1l\xd9\xda\xd5\xdc\
\xd7\xde\xdf#\xdb\xb0g\xb2\xb3\xb4?\xb6!\xe8x\xea\
|\xec\xed\xee\x1f\xf0w\xf2{\xf4*\xf6 \xf8\x84\xf4\
\xbd\xe1w\xc4\x9f\x07\x80\xe9\x04\xba!h\xc5 \x07\x84\
f\x14.d8\xc7\xe1C\x88\x8e$F\xa2X\xc0\xff\
\xe2E\x8cb4\xf6\xe1\xd8\xd1c\x98rY\xe8\x0cX\
\xc9r\x00\xca\x97\xe0\xae\xb4d\x09\xb3\xe6\x04\x953]\
\xda\xdc\xe9\x00\xe7L\x9e@\x17\xf8l\x194\xe8P\x9a\
Ey\x1e]\x99T\xa9\x97\x9c:y\x88LC\xb2\xa4\
E\xa8X\xb3b\x9d\xaa\xa6\xaaG\x02Z\xc3\x86\xe5J\
\x95\xe4W\xb1h\xa1\x92\xddd\xd6c\xda\xb7,\xd7z\
u\x0b\xf7\xad\xdc\xb6W\xeb\xa6\xbd\xcb\xf1\xac^\xb4|\
)\xfa\xfd;\xf6Q\xd3lu!\x1d\x9e\x96\xd8\xf0\xe2\
c\x8d\x0d=\x86\x0cW\xf1\xe4]\x91\x0b]\xc6\x5c\xd9\
\xf1\xe6)\x99\xf9|\xce\x12Z\xd4\x0e?\x83\x09g\xd5\
w\xfa\x0f]\xd5\xab\xe5\xb5N\xf4\x1a\xb6Z\xd9:P\
\xd7\xb6=\x93un\xd7yy\xe7\xf4=Cwp\xe1\
-\x89\xcb0\xee\x10\xf9p\xdc\xc5\x817w\x9e\xdc\xc0\
\xe8\xeb\xd8\xb3k\xdf\xce\xbd\xbb\xf7\xef\xe0\xc3\x8b\x1f\x0f\
\xb4\xefn\xa6\x0f\xea\x0aX\xcf\xbe\xbd\xfb\xf7\xf0\xdb\xcf\
=\x8e\xd4\x81\xfa\xf8\xf8\xf3\xcb\xc7;\xfdgz\xb8\xff\
\xfa\x05\x88\xdf|\xfd\x11\xf5\xdf[\x02&\xe8\x1e\x81\x06\
A\x05\xc1}\x0a*\xc8\xa0?\x0e\x1e\x98V\x84\x11N\
hO\x85\xf6\x01\x88a\x82\x1a\xba\xc3a\x03\x10~\xa8\
_\x1c\xe4i!\x00\x8a)N\xb1\x22\x17-\xba\xc8b\
\x8cK\xbcX\x05\x8dL\xd8\xe8\x04\x8e5\xce\xc8\xa3\x10\
:\x1a\xf1#\x11A\xfa \xc5R\xc8\x99(\xa0\x8fD\
 )\x9c\x92\x0129\x84\x93\xbcAy\x22\x8cLP\
i\x9b\x95\xf9I)\x84\x96\xb0q9 \x96K\x80\xa9\
\x9a\x98\xf1y\xc9\x83\x99\x84\xa1\x09\x9f\x9a;\xb0\xf9\x97\
\x9b\xefY0\xe4\x9dx\xe6\xa9\xe7\x9e|\xf6\xe9\xe7\x9f\
\x80\xa6\x14\xc4\x03.PW\x9f\x12\x02\x04\xa0\xe8\xa2\x8c\
6\xea\xe8\xa3\x8c^\x01A\xa1\x86F\x85(\xa4\x98f\
\xda\xa8\xa4\x84\xb6P\xa9\xa5Dj**\xa6\x9c\xf6\xe4\
i\xa5R$:\xea\xaa\x91B1\xe9\xa9\x86\xa6\xca\xea\
\xac\x01\x94\xda\x00\xa5\xb1\xe6H+\xab\xb62\x80+u\
\xb2\xee:j\xafB\xc1\x0a\xac\xae\xc2\x8a*B\xa0O\
\xcc6\xeb\xec\xb3\xd0F+\xed\xb4\xd4\xa2\x80\x84M\x03\
\xd0\xe9^\xb2\xca\xbaZS\xb6\xda\xb2\xc7\xad\xa6\xc4~\
\x03n\xb8\xaa\x8e\x0bi\xb9\x88\xa1\xbb\x9e\xba\xa4z\x0b\
\xd3\xb9\xe1\xc2\xbb\xae\xbc/\xd1\xab\xad\xbd\x8f\xb2\xcb\x98\
\xbb\xe9\xf2\xbb\xa8\xbf\xcd\xe8K\xa7\xc0\x9b\x12\x90\x00\x00\
!\xf9\x04\x09\x02\x00\x00\x00,\x00\x00\x00\x00\x80\x00\x80\
\x00\x00\x03\xff\x08\xba\xdc\xfe0\xcaI\x8b\xbd8[\xc2\
\xbb\xff G\x8ddi\x9e\x80\xa6ba\xdb\xa2p,\
Kk\xed\xde\xde\xac\xefp\xbd\xe2@\x9epH\xf3i\
\x808\xa2r\x992f\x907\xa6\x94\xe7|B_\xd3\
l\xac\xca\xba\x86$\x87\xb0xL.\x9b\xc5\x86\xb4z\
\xcdn\xbb\xd7\xdc\xf8\xc5\xeb=\xdb\xef\xe4\xb7~\xcf\x96\
\xcb\xe9Wx\x82v|\x85z~q\x80P\x83\x8cy\
\x86\x8fp\x88U\x8aH\x8d\x96\x07\x90\x99\x06\x92\x93\x94\
8\x97\x8d\x9a\x90\x9cN\x9e\x9f\xa0\x83\xa2\x8f\xa4F\xa6\
7\xa8\xa9\xaa\x85\xac>\xae.\x8dRoZ2t\xb8\
L\xba\xbb0\xbd\x8c\xb9n\xc1\xc2u\xc4\xbf\xc6\xc7'\
\xc3\x83\xc5m\xcd\xce\xc9\xd0\xcb\xd2\xd3%\xcf\x82\xd1l\
\xd9\xda\xd5\xdc\xd7\xde\xdf#\xdb\xb0g\xb2\xb3\xb4?\xb6\
!\xe8x\xea|\xec\xed\xee\x1f\xf0w\xf2{\xf4*\xf6\
 \xf8\x84\xf4\xbd\xe1w\xc4\x9f\x07\x80\xe9\x04\xba!h\
\xc5 \x07\x84f\x14.d8\xc7\xe1C\x88\x8e$F\
\xa2X\xc0\xff\xe2E\x8ch4n\xa4\xe8\x91\xc0\x81r\
Z\xe8\x0cX\xc9r\x00\xca\x97\xe0\xae\xb4d\x09\xb3\xe6\
\x04\x953]\xda\xdc\xe9\x00\xe7L\x9e@\x17\xf8l\x19\
4\xe8P\x9aEy\x1e]\x99T\xa9\x97\x9c:w\x88\
T\xc3q\x83G\xa8X\xb3b\x9dJ\xb5jI\xad`\
\xc1rMS\xb5\xe3\xd5\xb0hs\x8e\xdd\xe4\xf5l\xda\
\xb7\x03\xd6\x96\xfd\x0a\xf7\xad\xdc\xb6\x16\xeb\xda\x1d;\xd7\
\xad^\xb1|\xf1:\xfc\x8b\x16R\xd3lu\x0d\x1fn\
\x96\xf8\xd1b\xc6p\x15?\xde\xd5\xd8\xd0\xe4`\x95\x0b\
]\xa6\x1c\xd9\xf1\xe6,\x99\xf9|\x06\xddY\xdd\x0e?\
t\x09k\xd5w\xfa\x8f_\xd5PY\xeb@\xfd\x1a\xf6\
L\xd93h\xe7\xb5\xbdU^\xebD\xb5y\xaf\xc4-\
C\xf7`\xe1j}\xcfv\xbd\x1byK\xe2[\x98\x1f\
w\xce\xd2\xc0\xe8\xeb\xd8\xb3k\xdf\xce\xbd\xbb\xf7\xef\xe0\
\xc3\x8b\x1f\x0fT\xb0A\xa8\x10\xea\x0aX\xcf\xbe\xbd\xfb\
\xf7\xf0\xdb\xf7mN\xf4\x81\xfa\xf8\xf8\xf3\xcb7\xef\x0f\
\xbd}\xb8\xff\xfa\x05\x88\xdf|\xd3\xd5\xe7\xc0}\x02&\
\xc8\x1e\x81\xe7\xe5\x94\x1e\x80\x0aF\xc8`\x7f\x0e\xfe\xf7\
V\x84\x12\xf2g\x8f\x7f\x07B\x88\xa1\x80\x13nXa\
\x87\x17~\x08\x22\x17\xe4i!@\x1c)f\xb1\x22\x8a\
-J\xf1b\x151\xca\xc8b\x8dK\xcc\xe8\x04\x8e9\
\xde\xc8\xe3\x10:\x1a\xf1#\x11A\xfa \xc5R\xc8\x99\
x\x22\x8dL )\x9c\x92\x01\xfa\xa8\x84\x93\xbcA\xa9\
\x9f\x94DPi\x9b\x95\xf9a9\x84\x96\xb0q9 \
\x8cK\x80\xa9\x9a\x98\xf1y)\x84\x99\x84\xa1\x09\x9f\x9a\
<\xb0\xf9\x97\x9b\xef\x150\xe4\x9dx\xe6\xa9\xe7\x9e|\
\xf6\xe9\xe7\x9f\x80f\x01\x05\x04.P\x87T\x8e\x01$\
\xaa\xe8\xa2\x8c6\xea\xe8\xa2W\x10\xda\x82\xa1L1!\
\xc0\xa3\x98f\xcah\xa4\x0f\x14J\xa9\x8c\x9a\x86\x8a)\
\xa7=M\xfa\xa9\xa5\xa2\xa6\xba\xe9\xa0\x9d\x9aj(\xa8\
\xaa\xc6Jj\x03\x9e\xbe\x8aj\xac\xaa\xce\xca@\xad\xd4\
\xc1\x8a\xab\xa8\xba\x0a\xe5j\xaf\xb7\xfe\x1a*\x01\x81&\
\xab\xec\xb2K\xcc6\xeb\xec\xb3\xd0F\x8bL\x105\x0d\
@\xa7{\xc6\x02\xcb*L\xd6^\xcb^\xb6\xc7n\xfb\
R\xb7\xde^\x0an\xa6\xc1~C\xae\xb7\xe7\xa2+.\
J\xeb^\xdb\xee\xa8\xef\x96\x13/\x9d\xf3>\x9a.b\
\xe5\xae\x97\xaf\xa3\xfbNs\xaf\x9b\xff6J@\x02\x00\
!\xf9\x04\x09\x02\x00\x00\x00,\x00\x00\x00\x00\x80\x00\x80\
\x00\x00\x03\xff\x08\xba\xdc\xfe0\xcaIU\xb98k\xc2\
\xbb\xff\xa0W\x8ddiVZ\x9a\x85lK\x9cp,\
Kj\xed\xde\xe2\xac\xefg\xad\xe2@\x9epH\xf3m\
\x807\xa2r\x090\x1e\x91-\xa6\x94\xe7\x5cA\xa3\xd3\
l\xac\x8a\xb9b\x1d\x87\xb0xL.\x9b\xc5\x86\xb4z\
\xcdn\xbb\xd7\xdc\xf8\xd3\x8b;\xdb\xef\xe4\xb7~\xcf\x96\
\xfb\x0btHx\x83v|\x86z\x7fr\x81@\x84\x8d\
y\x87\x90p\x89\x5c\x8bu\x8e\x97\x91\x99\x06\x93\x94\x95\
.\x97\x98\x9a\x90\x9cU\x9e\x9f\xa0\x8d\xa2\xa3\xa4F\xa6\
-\xa8\xa9\xaa\x86\xac\xad\xae!\xa0RoZ2P\xb8\
L\xba\xbb0\xbd\x97\xb9n\xc1\xc2\x82\xc4\xbf\xc6\xc7&\
\xc3\x8e\xc5m\xcd\xce\xc9\xd0\xcb\xd2\xd3$\xcf\x8d\xd1l\
\xd9\xda\xd5\xdc\xd7\xde\xdf\x15\xdb\xb0\x85\xb2|\xb4>\xb6\
\xb7\xe8x\xea\xeb\xec?\xee\x1f\xf0\xf1\xf2\x88\xf4)\xf6\
\xf7\xf8\xe9\xf4\xb9\xe1\xd7\xcf_\x07\x80\x01\x05\xf6!h\
\xc5 \x01\x84g\x14\x0ed\xd8\xc5\xe1C\x88e$\xb6\
\xa1X\xd1\xff!\xc6\x8c\x1a%q\xb4\xf8\xb0\x5c0(\
\x03R\xaaTi\xb2%8 +c\xba\x9c9\x01e\
L\x964s:\xb0ys\x80\xce\x9f\x0bx\xde\x04\x0a\
T\xa8L\xa2:\x8d\xaeD\x9a\x14I\xcf\x94;B\xaa\
\xe1x\x81\xe4\xd3\xabXcJ\x9dJ\xd5j\xd6\xafO\
\xb7\xa6\xa1\x0a\xc8\x22\xd8\xb3Z\xc5\x92\xf5\x8a\x16\xad\xd8\
M]\xcd\xb6u\xab6\xae\xc3\xb9t\xb7\xae\x95\x8b\xf7\
\xeb\xdb\xbdw\xfb\xfa\xcd\xc44[^H\x85\xa7\x1d>\
\x94\xb8\xd9bC\x8d\x8f=\xe6\x139\xd8\xe4=\x95w\
]\xd6\x93Y\xcbf`\x9d\xa5|\x8e\xb4C\x11_\xc1\
W\x15\x96\x8e\xc3\x16uX\x81\xab;\x05v\xfdZ_\
\xecR\xa7i\xa7\xb5\xad\xc3\xf4l\xdd\xbb\xe5\xddv\xd2\
\x1a\xb8J\xd5\xbdY\xe76>\x00\xf9\x0c\xdf\x06\x99k\
\x0dM\xbd\xba\xf5\xeb\xd8\xb3k\xdf\xce\xbd\xbb\xf7\xef\xe0\
\x7f\xda\x8d\xfe\x14\x02Z\x01\xe8\xd3\xab_\xcf\xbe\xbdz\
\xc0\xe4{\x9a?\xeb\xbe\xbe\xfd\xf5\xf0\xfd]\x9d\x0f\xf6\
\xbe\xff\xfa\xff\xf9\xd9\xb3\xdf\x03\xe7\xfdg\xe0{\xe3\xe9\
W\x1e\x81\xf4\x1d\xe8`\x80\xee\x0c\xe8@\x81\x0e\x1a\x08\
\xa1-\x126@a\x85\xfe]\xe8J\x86\x0cl\xc8\xa1\
}\x7f\x84\xa7\x85\x1f&f\x81b\x8aR\xac\xc8\xe2\x12\
.\xbeHD\x8c2\x0aAc\x8d\xc39\x81\xe3\x8cr\
H\xa1\x94q#\xfeW\x22\x13?\x02\x17d\x877\x0a\
Q\xa4nG\xde7\xe4\x12K\xd2\xd6$\x89I\xf2\x10\
\xa5kS\x02X\xe5\x0eW\xa2\x96\xa5{O*\xd1\xa5\
`_\xb6\x17&\x11c\xf6U&{\x05\xec\xe8\xe6\x9b\
p\xc6)\xe7\x9ct\xd6i\xe7\x9dY\x5c\x01A\x08\xd2\
\xad$\x80\x14\x01\x04*\xe8\xa0\x84\x16j\xa8\xa0^\xec\
\x09B\x9f*\xfd\xc9\xc4\xa1\x90F:h\xa2\x0f\xf0\xc9\
\xe8\x00\x8e.!\xe9\xa6\x87R\xba\xd3\xa2\x97f\xaa\x04\
\xa7\xa4N\xaag\xa5\xa02**\x11\xa5\xb6\xeai\x03\
\x96\xaa\x0ah\xab\xa4\xbe\xca@\xac}\xae:\x04\xad\xb5\
\x9e\xfa\xe9\x07\x97b:+\xaf\x92\xbe\x80\xe7\xb1\xc8&\
\xab\xec\xb2?\xcc6\xeb\xec\xb3'\xf8\xda\xd2\x9a\xea\x11\
\xcb\xa9\xad\xe5P\x9b\x9e\xb5\x9bb\xfb\x8d\xb6\xe8q[\
\xac\xb4&\x81+\x80\xb8\x91z\x9b\x8d\xb9\xe8B\xaa\xee\
4\xec\xb6k\xe8\xbb\xcd\xc4+/\xa1\xf4\x1ec\xef\xbd\
\x88&\x00\x00!\xf9\x04\x09\x02\x00\x00\x00,\x00\x00\x00\
\x00\x80\x00\x80\x00\x00\x03\xff\x08\xba\xdc\xfe0\xcaIW\
\xb98g\xc2\xbb\xff\xe0W\x8ddiVZ\x8a\x85l\
\xcb\x9dp,K\xaa\xea\xde\xe2\xac\xefg\x9d\xe2@\x02\
oH\xa4\xf96\xc1[q\xc9\x04\x1c\x91\xc9Vs\xca\
{\xae\xa2R\xaa6f\xbd`\xb3\x8d\x83xL.\x9b\
\xcfc\x83z\xcdn\xbb\xdf\xec\xae\x5c\xf3\x0d\xa2\xef\xf8\
2|\xcfo\xcf\xff\x05u@y\x84w}\x87{\x80\
s\x828\x85\x8ez\x88\x91q\x8a]\x8c7\x8f\x98\x07\
\x92\x9b\x06\x94\x95\x96-\x99\x8f\x9c\x92\x9eV\xa0\xa1\xa2\
\x85\xa4\x91\xa6O\xa8,\xaa\xab\xac\x87\xaeG\xb0!\xa2\
Sp[2v\x99\xbbo\xbd1\xbf\x98\xc1n\xc30\
\xc5\x8f\xc7m\xc9'\xcb\x8e\xcdl\xcf&\xd1\x85\xd3k\
\xd5%\xd7\x84\xd9j\xdb$\xddy\xdf\x06\xe1#\xe3\xb2\
d\xb4\xb5\xb65\xb8 \xeay\xec}\xee\xef\xf0\x1e\xf2\
x\xf4|\xf66\xf8\x1d\xf4\x19\xe2\x07\xc7\xdf\x0f\x80\x1c\
\x04\xa2!X\xd0 \x14\x80\x0a\xcf0|\xe3\xf0!\xbe\
\x88f&\xba\xa9x\x05\xff!FH\x1a\xd7p\xf4\x82\
\x90\xc0\x81s\xc9\x82\x0cX\xc9\xb2%\xca\x97\xe2\x80\xb4\
\x9c9\x00\xa6\xcd\x09*i\xb2\xbc\xc9\xf3AN\x9d5\
{\x0aU\xf0S\xe7\xd0\xa1Ei\x1e\x15\x9at\xe6\xd2\
\x9eM]\xce\x08)rdI\x02@\xb3j\x9dI\xb5\
*\xc7\xab[\xc3f\xed\xaafd\xa0\x92b\xd3r%\
k\x16\xac\xda\xb7d;YE\xfbVm\xdc\xb6t\xeb\
\x8a\xbd;\x17\xa1\xde\xb4|\xbf\xe6\xfd\xab\x95\xd4\xd3m\
\x809\x1d\xae\x96x\xd3\xe2g\x8d%=N\x169\xd2\
\xe4a\x95\x11]\xee\x95\xf9\xd0\xe6-\x9d\xfb|\xd6\x12\
\xda\xb0\x0e9n\x09\x17f\xb8\x03\xf5`\xd5:'\xb6\
\xfe\xe4\x17\xf6X\xd6\xa7i\x03\xb4}\x9b\xe0\xecS\xaf\
y\xb3\x94\x9d\x1bxm\xe1k}\x17\x7f\x15\x1c9\xf1\
\x19\xae\x8f#\x1f>\xba\xba\xf5\xeb\xd8\xb3k\xdf\xce\xbd\
\xbb\xf7\xef\xe0\xc3\x0b\xed\xbb;+\x84\xb4\x02\xd2\xab_\
\xcf\xbe\xbd\xfb\xf5x\xa5+}\x80\xfe\xbd\xfd\xfb\xf0\xc9\
\xe3\xd3z^,\xfe\xff\xff\xf6\xc5W\x1eP\xfd\x85\x05\
\xe0\x81\xec\x09\xb8\x9fy\xf4\xf9\x87\xe0\x83\x0a\xc2\xc3_\
\x83\x06>\x88`\x84\xb8L\xe8@}\x16\x02\x88!,\
\x1a6\xc0a\x87\xf8\x15\xe0\xc4\x1c\xe2m\xf1G\x8aZ\
\xac\xc8\xe2\x14.\xbe\xc8D\x8c2\x16Ac\x8dC\xdc\
\x88\xe3o]\xecH\x04 SD%\x1c\x89\x1e\x02\xd9\
\x84\x90\xbc\x11\xf9\x9f\x22A\xca4]KJ\x96h$\
\x13H\xda\x16\xe5}L\x1e\xe9\xe4\x93+]\x19\xe0\x94\
KT\x09\x9b\x97\xefeI\xe5\x96\x5c\x92\xe9\x9e\x99a\
\xa2\xf9\xa4\x9a\xed\x99\xe8\xe3\x9ct\xd6i\xe7\x9dx\xe6\
\xa9\xe7\x9e|R\x81\x05\x04 p\xc9RzS\x04`\
\xe8\xa1\x88&\xaa\xe8\xa2\x86~\x01\xe8\x07\x82v)@\
\xa1\x8cVji\xa3\x7f\xfa\x04i\xa4\x846q\xe9\xa7\
\x8b:\xaa\xa9\x07\x91\x0e\xd0)\x13\xa0\xa6z\xa8\xa8\x0e\
\x04\xca\xe9\xa4\x9e\xaa\x9a*\xab\x0d\xb8*\xe8\xa9K\xc8\
:k\xa6\xadnz+\xac\xa8\xea\xfa)\xad\x0c\xd8\x9a\
&\xb0\xb9\x0a{\xa9\x10E}6\xeb\xec\xb3\xd0F+\
\xed\xb4\xd4V\x0bM\x147\xc1\xa9\x9e\xb2\xa0\x12{\x8e\
\xb6\xe9q;,\xaf/\x81+\x80\xb8\xcb\x92\x8b\x92\xb9\
\xe8Z\xeam8\xec\xb6\xcb\xe8\xbb\xdb\xc4+\xaf\xa2\xf4\
Vc\xef\xbd\x88\xe6\xfb\xcc\xbe\xfc6\x9a\x00\x00!\xf9\
\x04\x09\x02\x00\x00\x00,\x00\x00\x00\x00\x80\x00\x80\x00\x00\
\x03\xff\x08\xba\xdc\xfe0\xcaI[\xb98_\xc2\xbb\xff\
`X\x8ddiVZZ\x84l\xeb\x9dp,K\xaa\
\xe6\xde\xe2\xac\xefg\x9d\xe1\xc0\x0eoH\xa4\xf96A\
`q\xc9\x04\x1c\x91\xc9[s\xca{\xae\xa2R\xaa6\
f\xc5f\x17\x87\xb0xL.\x9b\xc5\x86\xb4z\xcdn\
\xbb\xd7\xd6\xb8\xca\x1b<\xdb\xef\xe4\xb7~\xcf\x96\xfb1\
t@x\x83v|\x86z\x7f\x7f\x818\x84\x8dy\x87\
\x90p\x89r\x8b7\x8e\x97\x07\x91\x9a\x06\x93\x94\x95-\
\x98\x8e\x9b\x91\x9dq\x9f\xa0\xa1\x84\xa3\x90\xa5]\xa7!\
\xa9\xaa\xab\x86\xadO\xaf\xb0\xa9So[2\x8c\xb9M\
\xbb\xbc0\xbe\xa1\xban\xc2\xc3\x96\xbfL\xc1\xc8%\xc4\
\x98\xc6m\xce&\xd0\x97\xd2l\xd4\xcf\xca\xc5\xc0\xc7\xda\
#\xd6\x8e\xd8k\xe0\xe1\xdc\xb1\x85\xb3|\xb5G\xb7 \
\xe9x\xeb\xec\xed5\xef\x1f\xf1w\xf3{\xf5\xf6\xf7\x1d\
\xf9\xd4\xeds\xd3o\xce?\x0e\x01\xcf\x0c|S0\xc5\
A\x84\x09\xcb,$\xd8\xf0\xc7\xc3\x88\x12'\xf6\xa9\x08\
\xe8\xff\x22\xc61\x1a7r\xbcr\xf0\x809j8\x06\
\xa8\x5c\xc9R\xe5\xc9\x97$R\xb6\x9c\x09\xb3\xe6\x04\x99\
3Y\xda\xdc\xf9\x00gN\x97<\x83*\xf0\xf9S\xa8\
P\xa29\x8d\x06EJS\xe9N\xa6-e\x84T3\
\x12\xca\xbf\x9fX\xb3\xb6\x9cJ\xb5\xeaC\x02Z\xc3b\
\xe5\x9a\xa6*\xc9\xabb\xd3\xb2$\xcb\xc9\xebC\xb5p\
\x07\xb05\xfb5\xae\xda\xb9n\x0f\xdaM\x8bwd\xdd\
\xbda\xfbr\xfc\x0b8\xeb,\xa7\xda\x02\xafBLM\
\xf1(\xc6\xce\x1co\x82\x8cL\xb2&\xca\xc2,G\xc2\
\xccK3$\xce[<\x1f\x02\xadE\xf4a\x1d\xae\xf4\
\x166\xacqGj\xb4\xab\x7f\x86tm\xebml\xd9\
\xadQ\xd7V}{\xe6l\xdd\xeel\xf7\xde\x9a{\xc6\
\xeb{\xc3}\x17\x97q\xfc]r\xe2\x13i\x07\xe7\xfd\
\x5c.\xe9\xeb\xd8\xb3k\xdf\xce\xbd\xbb\xf7\xef\xe0\xc3\x8b\
\x1f\x1f4/l\xac\x10\xc2\x0aX\xcf\xbe\xbd\xfb\xf7\xf0\
\xdb\xd3\x15\x8e\xfe\x81\xfa\xf8\xf8\xf3\xcb7\x8f\x5ckz\
\xad\xff\xfa\x05\x88\xdf|\xd4\x15e\x1f\x80\x02&\xb8\x9f\
_\xf4\x19\xe8\xc0}\x0a*H\xe0y\x0e6\x00a\x84\
\x02N\xd8_V\xffe\x85\xa1\x84\xfc9\xe7\xdf\x81\x1e\
~\x98\xe1\x02\x7f\x90\xb7E\x8a*R\xc1b\x8bM\xbc\
\x08\xe3\x122\xceHD\x8d6V\xe1G\x8e4\xee\xc8\
\xa3t8\x0e\x01\xd5m&f\xd8\xc9\x14C\xc6Vd\
\x80\xa5 yCu+-\xa9_\x93M$\xb9\x9a\x94\
\xf9Q\xc9\x84\x95\x85a9\xe0\x91U>\x09\xe5\x00^\
\xc6\xa7\xe5\x12\x5c\x02V&|g\x16\x91\xe6^k\xbe\
W\xc0\x8ft\xd6i\xe7\x9dx\xe6\xa9\xe7\x9e|\xf6\xa9\
\x05\x1d\x10x0&\x99\xecM\x11\xc0\xa1\x88&\xaa\xe8\
\xa2\x8c\x06\x12h\x07\x83\xb6g(\xa3\x94V\x8a\xa8\xa3\
=A:\xa6\xa4MX\xeai\xa3\x80f\xcaA\xa4\x85\
v\xfa\xe9\xa9\x87b\xea\x80\xa0\x9b\x96\xca\x04\xaa\xa8\xaa\
\xda\x00\xabPr\xfa*\xac\x9f\xca\xca\x00\xad\xd5\xd9\xba\
\x04\xae\xb9\x86\xba\xaa\xa6\xb5\xba\xfa+\xb0\x96\x12\xe0\xe7\
\xb2@\xcc6\xeb\xec\xb3\xd0F+\xed\xb4\xc9`aS\
\x9c\x02 \x1b\xab\xb0/a\xab\xed\xa9\xba\x9a\xe3\xed\xb7\
\x9e\x86\x0b\xce\xb8\xe4Vj\xae6\xe8\xa6\x0b\xaa\x17\xd7\
\xc6\xe9\xae\xba\xdc\x9e\xd4\xee\xbc\x89\xaeK\xcd\xbd\xf8\xa6\
\x9a\x00\x00!\xf9\x04\x09\x02\x00\x00\x00,\x00\x00\x00\x00\
\x80\x00\x80\x00\x00\x03\xff\x08\xba\xdc\xfe0\xcaI]\xb9\
8_\xc2\xbb\xff`X\x8ddiVZZ\x84l\xeb\
\x9dp,K\xaa\xe6\xde\xe2\xac\xefg\x9d\xe1\xc0\x0eo\
H\xa4\xf96A`q\xc9\x04\x1c\x91\xc9[s\xca{\
\xae\xa2R\xaa6f\xc5f\x15\x87\xb0xL.\x9b\xc7\
\x86\xb4z\xcdn\xbb\xd7\xd6\xb8\xca\x1b<\xdb\xef\xe4\xb7\
~\xcf\x96\xfb1t@x\x83v|\x86z\x7f\x7f\x81\
8\x84\x8dy\x87\x90p\x89r\x8b7\x8e\x97\x07\x91\x9a\
\x06\x93\x94\x95-\x98\x8e\x9b\x91\x9dq\x9f\xa0\xa1\x84\xa3\
\x90\xa5]\xa7!\xa9\xaa\xab\x86\xadO\xaf\xb0\xa9So\
[2\x8c\xb9M\xbb\xbc0\xbe\xa1\xban\xc2\xc3\x96\xbf\
L\xc1\xc8%\xc4\x98\xc6m\xce&\xd0\x97\xd2l\xd4\xcf\
\xca\xc5\xc0\xc7\xda#\xd6\x8e\xd8k\xe0\xe1\xdc\xb1\x85\xb3\
|\xb5G\xb7 \xe9x\xeb\xec\xed5\xef\x1f\xf1w\xf3\
{\xf5\xf6\xf7\x1d\xf9\xd4\xeds\xd3o\xce?\x0e\x01\xcf\
\x0c|S0\xc5A\x84\x09\xcb,$\xd8\xf0\xc7\xc3\x88\
\x12'\xf6\xa9\x08\xe8\xff\x22F4\x1a%q\xbcr\xd0\
\x9c6\x1c\x03R\xaa\x5c\x99\xd2\xa4K\x12(Y\xca|\
IsBL\x99+k\xea|p\x13g\xcb\x9d@\x15\
\xf4\xf4\x194\xe8P\x9cE\x81\x1e\x9d\x99T\xe7R\x96\
1B\x8a\xe4\xf8\x90\x80\xcf\xabXYJU3\x12\xca\
\xbf\xac`\xafnM\xd3\x95\xe4\xd7\xb0hW\x8e\xe5\xd4\
\xb5j\xda\xb7\x03\xd6\x96u\x0b\x17\xad\xdc\xb6\x0f\xeb\xda\
\x1d;7\xaf^\xb0wG\xd2\xfd\x8buVSm\x80\
W\x1d\xa6\x96x\xd4bg\x8d7=F\x16Y\xd3d\
a\x95#]\xe6\x95\x19\xd2\xe6-\x9d\x0f}\xd6\x12\xda\
\xb0\x0eW\x07\x09g\x0d\xb9\x03\xf5Y\xd5>Y\x9f\xb6\
\xe5\x176N\xd93\x5c\xdf\xb3\x1d[ck\xda\xa9y\
\xcb\xc4-C\xf7;\xe1\xc3}\xcfvW\x1byJ\xe2\
\x5c\x80\xbfv>`\xb4\xf5\xeb\xd8\xb3k\xdf\xce\xbd\xbb\
\xf7\xef\xe0\xc3\x8b\x07\xda78V\x08`\x05\xa8_\xcf\
\xbe\xbd\xfb\xf7\xec\xcbO'\xfa =\xfc\xfb\xf8\xe3\xe3\
5\x7f\x15}\xd6\xfc\xff\x00\xde'\xdfnY\xf9\x87U\
\x80\x08\xb67\xe0q\x05\xd6\xf7_\x82\x10.x\x0bX\
\x06^\x05a\x84\xfb\xcd\x87\x94\x83\x07^\x88\xa0\x84\xaf\
P\xc8\xa1\x85\x1e\x06\xc8\xc0\x1f\xe3m\x81b\x8aT\xac\
\xc8b\x13.\xbe\xb8D\x8c2\x12Ac\x8dU\xf8\x81\
\xe3\x8c:\xee\xb8\x5c\x22S<e[\x89\x01\x96\x12\xe4\
\x0d\xd4\xa9D$\x80F6!$lK\xe6\xd7$\x13\
O\xaa\x16%~S.Q%aW\x0a\xd8\xc9\x91.\
$\x99R\x97\xf0eY\xc4\x96\x7f\x91\xf9\x9e\x99D\xa0\
\xa9\x97\x9a\xee\xf9(\xe7\x9ct\xd6i\xe7\x9dx\xe6\xa9\
\xe7\x9eZ\x04\x02\x81\x07b\x0e\xc0\xde\x14\x01\x14j\xe8\
\xa1\x88&\xaa\xa8\x9f<u\x10\xe8\xa0M(*\xe9\xa4\
\x872\xea\x00\xa0bB\xca\x04\xa5\x9c.J\xc7\x9f\x8e\
f\xba\x1e\xa1\x9d\x96Z\xa8\xa5\x0d`\x9a\xa4\xa6K\x98\
j*\xaa\x0c\xa8J\x1d\xabE\xb8Z*\xac\x0b\xc8\xea\
\x1c\xadD\xd8\xda)\xaeB\x85\xba\xea\xa8\x91\xfaJ)\
\x9f\xc8&\xab\xec\xb2<\xcc6\xeb\xec\xb3\xd0&\xe3E\
Mp\x0a`\xec\xab\x9f\xd2T\xed\xb5\xb7f\xfb\xd2\xb6\
\xdcr\x0a\xac6\xe0\x86;\xe9\xb8\xd4\x94k\xae\xa7\xd3\
j\x0b\xe7\xba\xe7z\xeb\x92\xba\xf0V*\xafI\xf4\xd6\
[h\x02\x00!\xf9\x04\x09\x02\x00\x00\x00,\x00\x00\x00\
\x00\x80\x00\x80\x00\x00\x03\xff\x08\xba\xdc\xfe0\xcaIa\
\xb98\x93\xcd\xbb\xff\xe0V\x8ddiVYZ\x84l\
\xcb\x9dp,K\xaa\xe6\xde\xdf\xac\xefp\x8d\xe1\xc0\x17\
oH\x8c\xf8.\xc1`q\xc9\x04\x1cWI\x5cs\xca\
{F\xa5\xd4l\xcczu)\x0e\xe0\xb0xL.\x8b\
\x0d\xe8\xb4z\xcdn\xab\x9fpx\x17g\xae\xdb\xc7\xee\
\xbc~\x1d\xef\xd7\xe67w\x82u{\x85y~\x88?\
\x80-\x83\x8dx\x86\x90o\x89\x88\x8b\x8c\x8e\x97\x91\x99\
\x06\x93\x94\x95!\x97\x98\x9a\x90\x9c~\x9e\x9f\xa0\x8d\xa2\
\xa3\xa4q\xa6 \xa8\xa9\xaa\x85\xac\xad\xae\x1e\xb0aS\
nZ2\x96\xb8\xbam\xbc1\xbe\xb0\xc0l\xc20\xc4\
\xa8\xc6k\xc8'\xca\xa0\xccj\xce&\xd0\x97\xd2i\xd4\
%\xd6\x8e\xd8h\xda$\xdc\x8d\xde\x06\xe0#\xe2\xb8a\
\xb2\xb3\xb4\x5c\xb6\x1c\xe9w\xeb{\xed\xee\xef\x04\xf1v\
\xf3z\xf5G\xf7\xf0\xf9\xcc\xec;\xd4\xef\xcf?|\x01\
\xcb\x0ctS\xd0\xe0\xbf\x84\x0a\x17\xb2i\xa8\xe2 B\
\x88g$\xf2\xa1h\xe3\xff!\xc6\x8c\x1a\xd3p\xecx\
\xcf\x9c\xb9\x16\x03R\xaa\x5c\xb9\xd2\xa4\xcbp,X\xca\
T\xf9\xb2\xe6\x04\x943e\xda\xdc\xf9\x00g\xce\x96<\
\x83*\xf0\xf93\xa5P\xa1D\x8b\x1e\x0d\x9a\xf4\xe7R\
\x9eMs\x9e\x08)i$\x94\x7fE\xb3f\xa5*\xd2\
\xea\xd5{Z\xc3\xce\xe4\x8a\xc6\xeb\xd7wb\xd3\xaa$\
\xbb\xc9\xabE\xb5j\xd9\x9a}\x0bW\xac\x5c\xb7\x07\xeb\
\xda%;7\xaf^\xadw\xad\xd2\xfd[t\xdeSm\
\x85\xd7\x1d\xa6\x96X\xd6bg\x8dU=F\x16Y\xd4\
da\x955]\xe6\x959\xd3f-\x9d#}\xce\x12\
\xda\xb0\x0e{h\x09\x97V|\xda\x9f_\xd59\xb9\xee\
@m\x0b\xf6O\xd9\xad}\x0c\xb6\xcd\x12\xf7\x0c\xda\xae\
x\x8f\xa5:\xdb5V\xe1\xbd\x89\xe7v\x08\x16\xf9J\
\xdf2\x80\x9br\x0et\xb4\xf5\xeb\xd8\xb3k\xdf\xce\xbd\
\xbb\xf7\xef\xe0\xc3\x8b\xdf\xd9\xf7\xb8V\x08E\x05\xa8_\
\xcf\xbe\xbd\xfb\xf7\xec\xcb7?\xff =\xfc\xfb\xf8\xe3\
\xe35\x9f\x15\xfd\xcf\xfc\xff\x00\xde'_j\xf49`\
_\x80\x08\xae7`ma\xf9\x97S\x82\x10\x0a\xb0`\
p\x0d\xd6\xf7_\x84\x08N8]\x85\x06^\x88!\x80\
\x1az\x22\x96\x833}\x18\xa0\x03\x89\x8c\xa7E\x8a*\
R\xc1b\x8bM\xbc\x08\xe3\x122\xceHD\x8d6V\
\x81H\x8e4\xee\xc8ct\xb4L\x11\x15o&\x82\x18\
d\x13C\xdaVd~\xed\x08\x19\x13u)-\x89_\
\x93H>\x09\xa5\x94\x02\x1e\xc9D\x92\xb0a\x09\x1f\x95\
[ZI\x9d\x97\xef\x81\xb9\x04\x97\xaa\x91\xe9\x9e\x99E\
\xa0I\x98\x9a\xed\xfd(\xe7\x9ct\xd6i\xe7\x9dx\xe6\
\xa9\xe7\x9eY,\x02\xc1\x06PF\x19g\x13\x01\x14j\
\xe8\xa1\x88&\x8a\xa8\x9f=\x11\x10\xe8\x00\xeeM\xa1\xe8\
\xa4\x94\x16\xca\xa8\x03\x80\x06\x1a)\xa1\x95vz\xe8\xa5\
\x0ddz\xe5\xa0Lxjj\x00\xa02 \xea\x98\xa4\
.q\xaa\xa7\xa9.\xb0\xaas\x9b\x96\xfaj\xa5\xb1\x0e\
\xe5\xa8\xa6\xad\x16q+\xae\x80\xfc\xb9\xeb\xa8\xecI\xfa\
\xeb\xa4|&\xab\xec\xb2;\xcc6\xeb\xec\xb3\xd0F\x9b\
L\xb05\x91y\xec\xa9\xb9jc\xed\xb5\xb0R\xfb\xd2\
\xb6\xdc\x02;\x87M\xe0\x86;i\xb6\xd4\x94kn\xa2\
\xe8:\xa3\xee\xba\x9fz\xeb\xd2\xbb\xf0Z*\xafI\xf4\
\xd6\x9b\x00\x00!\xf9\x04\x09\x02\x00\x00\x00,\x00\x00\x00\
\x00\x80\x00\x80\x00\x00\x03\xff\x08\xba\xdc\xfe0\xcaIe\
\xb9\xf8\x92\xcd\xbb\xff`W\x8ddiVY\x16\xae\xac\
w\xbepl\xa5Zk\x87r\xae\xbft}\xff\x9c\x9d\
p8\xa3\x01\x8f\x04\xa2r\x09\xe8\x15\x90@\xa6t\xe7\
\x84\xfe\xa6\xd8X\xd5j;x\xbf\xe0\xb0x\x0c6\x98\
\xcf\xe8\xb4z\x8dv\xba\xdf)n\x97L\xaf\x97\xd9\xf8\
|\x1b\xce\xdf\xcaWv\x81tz\x84x}\x87q\x7f\
\x80\x82\x8cw\x85\x8fg\x88\x92O\x8a!\x8d\x97\x07\x90\
\x9a\x06\x93\x88\x95\x96\x98\x8c\x9b\x90\x9d\x87\x9f \xa1\xa2\
\xa3\x85\xa5}\xa7\x1f\xa9\x82\xab\xac\xadp\xaf\x1e\xb1`\
RlY1\xa0\xb9\x07\xbbk\xbd0\xbf\xb9\xc2j\xc4\
/\xc6\xb1\xc8i\xca'\xcc\xa9\xceh\xd0&\xd2\xa1\xd4\
g\xd6%\xd8\x98\xdaf\xdc$\xde\x97\xe0\x06\xe2#\xe4\
\xc0\x99\xb3z\xb5\xb6\xb7\x1c\xeb\x83\xedy\xefo\xf1\xf2\
\xf3c\xf5\xf6\xf7~\xf1\xf6\xf1\xeb\xc7\xe6\x1f\xc0[\x02\
\xc5\x10,h\xd0H>\x02\x09\xc3,\x5c\xd3\xd0a\xbe\
\x88\x8e&F\xaa\xa8\xe2\xff!\xc6/\x1a\xd3p\xec\x98\
\x0f\x9dI\x00!\x06\xa8\x5c\xc9\xb2\xe5\x80\x930+\xa4\
tISe\xcc\x9b\x11f\xd6t\x89\xb3g\x03\x9d;\
Y\xfa\x1c\x8a\x12DP\x9eD{\x02=\xfa2)\xce\
\xa5G\x9d>5\xcate\x89\x90{FR\xcaW\xb5\
kK\xac\x1b\xb5>$\xe0\xb5\xec\x00\xb0f\xb4\xfa\x88\
g\xd6+ZNj\xc7\xb6\xed\xfaV\xedV\xb6s\x99\
\xd6\x8d\xfb0\xaf^\xb4v\xe5\xfa\x0d\xbaWl\xdf\xc1\
;\x09J\xb5VS\xf1be\x8d\xfb=\x86L\xd3\xf1\
\xe4,\x91\xeb]\xee\x95\xb9\xddf\xcc\x95%\x7f\x9e\xd2\
y\xd6h\xd2\xa1\xc1\xea8\xf8\x0aqb\xb4\xab{\x08\
v\xed\xf2ml\x8bxi\x7f\x85\x9d\x83\xf5)\xdd\xb5\
y\xcb\xf0\xfd\x09\xf8n\xd5\xbde\x1f6\xae\xd2vr\
\xdc\xb7\x98\xaft>\x5c9W\xe9MOk\xdf\xce\xbd\
\xbb\xf7\xef\xe0\xc3\x8b\x1fO\xbe\xbc\xf9,\x81\x97W\x85\
PS\x80\xfb\xf7\xf0\xe3\xcb\x9f\x0f?\xfd\xf5\xae\xeci\
\xd2\xdf\xcf?\xbe\xfd\xdc\xff\xeb=\xd0^\x7f\x04\xd2\xf7\
_t^\xe5\xe7R\x81\x0c\xfa\xc7\xd7}\x01:0`\
\x83\x0d\x1e\xd8Z\x82\x02\xeaGa\x85\x0f\x02\xc8\x94\x82\
-m\xc8\xa1a\x10~\x98\xe1\x82\x22\x16\x08\x81$\xe7\
a\xc1b\x8bR\xbc\x08\xe3\x122\xceHD\x8d6\x0a\
\x81c\x8e\xb7\xf5\xc1\xe3\x8d\x88\xfc\xc8\xc3=R@\xa5\
[\x8a\x05\xfeS$U\xd2!I\xa0\x92L\x18I\x9b\
\x93\xfdA\xb9\x84\x94\xaeQ\xc9\x9f\x95J`\x89\x98\x96\
\xfbqI\x84\x97\x83\x81i \x91Q2\xc9\x9c\x99\xf3\
\x899\x04\x99~\xb1)\x9f\x90t\xd6i\xe7\x9dx\xe6\
\xa9\xe7\x9e|\xf6\x99C% \x1aG\x9f\x14\x01\x14j\
\xe8\xa1\x88&j(\xa0'\xae9\x1f\xa1\x8aF\x1a)\
\xa3\x12b7(\x13\x92f\x8a(\xa5\x0d`7\xc0\xa5\
Kh*j\x00\x9c2\xe0)\xa8J\x8c\xaai\xa9\x0b\
\x9c\xfa(\xa6\xaaJ\xca\xaa\x02\xae\xce\x09k\xac\x8a\xce\
\x0a@\xad\xf1A\x8ak\xa2~\x06+\xec\xb0\xc4\x16k\
\xec\xb1\xc8&\x9b\x93\x2227\x81\xf9k\xac\xbaZ\xe3\
\xec\xb3\xa3F\x0b\xcd\xb4\xd4\xae\xcalL\xd8f+\xeb\
\xb60u\xebm\xae\xe0\x9e$\xee\xb8\x9b\x96k\xd2\xb9\
\xe8.\xaa.:\xec\xb6\x1b@\x02\x00!\xf9\x04\x09\x02\
\x00\x00\x00,\x00\x00\x00\x00\x80\x00\x80\x00\x00\x03\xffx\
\x07\xdc\xfe0\xcaI\xab\xa5%k\xc2\xbb\xff`\xe8)\
Wi\x9e\xe8\xa5mb\xeb\x8eK*\xcf\xf4\xb4fo\
\xde\x92u\xef\xa7\xb7\x82n\xf8\xe1\xfd\x8eHI\x90\xc8\
$\x18\x93\xd0\xe4\xb29|F\xaf\xbd)5g\xc5z\
\x81\xb7\xadNA.\x9b\xcfh\xb3a\xcdn\xbb\xdf\xf0\
vpN\xaf\xe3\xc4\xaf\xb4~\xaf\x8e\xfb\xffrv\x82\
vxy|\x87i\x80\x8a~\x83\x8ds\x85.\x88\x92\
}\x8b\x95l\x8e\x98,\x90!\x93\x9d\x07\x96\xa0\x06\x99\
\x99\x9b\x22\x9e\x93\xa1\x96\xa3\x98\xa5\x9c\xa7\x88\xa9\x95\xab\
\x8e\xad \xaf\xb0\xb1\x8a\xb3\x8d\xb5E\xb7fXo\x19\
_5\xb6\xbfe\xc1n\xc3\xc43\xc6\xc7]G\xc2\x05\
\xcc\xcd\xbe\xcf1Q\xd2\xd42\xce\xcf\xc9\x81\xdb)\xdd\
\xc7\xdf\x97\xd3\xe1'\xe3\xbf\xe5k\xcb\xe8%\xea\xb7\xec\
\xa2\xe7\xef\x17\xf1\xd7\x9f\xb9\x80\xbb\x83\xbd0\xf9(\xed\
\x8b\xd3O\xd0\xbf\x0e\x01\xcf\x0c\xfcS\x90\xd0A'\x09\
\xcb,d\xd4\x90\xceC\x88\x11\x15L$X\xf1\xff\xd1\
\xc3\x8cd6\xc2\xe9\xe8\xf1 H\x8d\x22\x95\x91\x0c\xf3\
\xf1dJ\x95+5\xfd\xb3G\xf3\x01\x88\x018s\xea\
\xdc\x99\xb3\xa6O\x137y\x0a\xd5\xf9\xb3h\x85\xa0C\
\x87\x1a]\x1a\x01iR\x9eL\xa36p\xfa\x94\xa8\xd4\
\xa8T\xab\xe2\xbc\x8a\xf5\x83V\xa8\x5c\x97f\xd5Z\xe2\
e\xa0\x98w\x0e~]\xbb\xd3\xac9\xb4B\x1e\xb2\x9d\
;\xc0m;\xb8q\xd5\xd2]k\x97\x1e\xdc\x8b{\xf9\
\xda\xc5\x9b\xf7_\xe0\xaf}\x09\x03>\x5c51\xde\xc5\
\x8c\x93:\xfe+7\xb2\xe4\x8da\xdf\xf1\x14\x99\x19\xdd\
f\xcc\x9d\xb7}\x9e\x18Zt[\xd0\xa5\x89\x8d^\x98\
\x9a\xd9\xea\x81\xadU\x9f&\x1d\xdb\xcb\xeb\x94\xeehh\
1ly\xa8c\x1f\xbb{\xf5\xf6=\xb8\x9en\x96z\
\x87\xcf6\x9b{F\xf0Z\xcao\x8bl.\xe3y\xab\
\xe8\xcb_R\x07\xb3\x022\xf6\xba\xc5\x81#\xe7\xfd\x1d\
\xbc\xdb\xed(\xac\x97*\xbf\xb5\xb6\xfb\xf7\xf0\xe3\xcb\x9f\
O\xbf\xbe\xfd\xfb\xf8\xf3\xebg\xaa\xb8\xf2\x5c\x09\xff<\
\x09 \xe0\x80\x04\x16h\xe0\x81\x04\xf6\x97\x1c[\x00\xee\
\x84\xe0\x83\x10\x16\xa8 y\x0cF\x10`\x84\x18\x228\
\xa1pt5\xa8S\x86 J\xf8\x98\x7f\x15Bpa\
\x88!n\x08]\x87\x16:\x88b\x8a#.\xb8\x96\x87\
9\xbd\x08#e2~E#N6\x82\x88\x01&\xfb\
\x11\x93I\x90_\x0cI$\x16F\x1e\x19E\x92JJ\
\x01d\x93P0\x09\xe5\x0fRN\xa9BGX\x8c5\
\x5c\x8f\x19\x92\x94\xa5W\xecq\x89\xa1\x97Wh\xd9\x9b\
\x98\x11\x92\x19\x85\x99\x96\xa1\x09\xa1\x9aP\xb0\x19\x99\x9b\
\x0f\xc2\x99\x84\x9c\x8c\xd1\xa9!\x96e\x82Y\x9e\x9e\x07\
\xda\x89\x04\x9e\x87\x01j\xa0\x95\x88&\xaa\xe8\xa2\x8c6\
\xea\xe8\xa3\x90F\xfaE+;n\xf9 \x16\x01d\xaa\
\xe9\xa6\x9cv\x1a\x00\xa5-b\x07!\xa6\x9e\x96\xda)\
\xa8&~7\xea\x15\xa6\xb6\xaa)\xaa\x0f\xfcy)\xab\
\xae\xb6\x0a\xab\x03\xb2\x22Hj\xad\xa5\xde\xda@\xae\x07\
\xee\xca\xeb\xa9\xa5Tz\xe6\xacQ\x0c\xdbk\xb1I\xa1\
F\xb7j\xb2\xcav*\xe9\xb4\xd4Vk\xed\xb5\xd8f\
\xab\xed\xb6\xdc0\xfb\x13\x9a\xd1F\xeb\xab=\xe0\x86;\
\xec\xb8\xef\x94kn\xad\xe8\xa2\xa3\xee\xba\xb6z\xeb\xd3\
\xbb\xf0.\xbb\x89Q\xf4\xd6K\xec\xbdE\xe5\xab\xef\xa6\
\xed\x86\xe3\xef\xbf\x99&\x00\x00!\xf9\x04\x09\x02\x00\x00\
\x00,\x00\x00\x00\x00\x80\x00\x80\x00\x00\x03\xffxz\xd0\
\xfe0\xcaI\xab\xbd\xb5\xe8B\xba\xff`(~\x0b\x83\
\x9dh\xaa^\x1b7\xbe0\xb9\xactmg[\xac\xbf\
\xe5\xed\xff\xb4\xd6n\x08\xea\x01\x8fH\x8a\x90\xc84&\
\x9f\xcf%s\xe8\x84Z\x7f\xd2\xa9\xaez\xed\x06s\xda\
]iL.\x9b\x15\x86\xb4z\xcdn\xbb\xd7\xad\xb8|\
N\xd7\x84\xc5\xe7\xbc\xfe\xf0\xee\xfb\xd9u\x81\x82vw\
1{\x87e\x7f\x8a}\x83\x8ds\x85\x86\x88\x92h\x8b\
\x95p\x8e\x98\x84\x90#\x93\x93\x96\x9f\x06\x99\x99\x9b<\
\x9d\x88\xa0\x96\xa2\x98\xa4\x9c\xa6\x87\xa8\x95\xaa\x8e\xac\x22\
\xae\xaf\xb0\x8a\xb2\x8d\xb4!\xb6fW\x97\x1a^72\
\xbec\xc0j-\xc36\xc5\xc63V\xc1\x05\xcb5\xcd\
\xce&P\xd1\xd34\xd5\xce\xc8i\xca\xda*\xdc\xc6\xde\
\xa1\x1b\xe1\xe2\x1e\xd6\x5cH\xd9\xe8(\xe3\xbe\xe5\xe0\xef\
\x18\xf1\xd6\xb8\xb9\xba\x82\xbcE\xebd\xf9\xfe\xec\xe3\xd7\
O\xdd\xbf1\x01\xfd\x0c\x0cT\xd0\xe0\xc1\x05\x09\x19-\
\xa4\xd3\xb0\xc3\xc3\x12\x11\xdfL\xa4X\xf1\xff\x22\xc4\x8c\
m6>\xea\xe8\x91\x0fH@\x22\xe3T$P\xd2\xe4\
\xc9d)\xb3\xf4\xabGS\xc2\x87\x018s\xea\xdc\xb9\
\xb3\xa6Ox\x1ex\x0a\x15\xfa\xb3\xa8\x85\x9bC\x93\xe2\
4\xca\xd4fP\xa5I\x9bJu\x80\x14*\xd1\xa9R\
\xabZ\xed\x89\xb5\xa9\xd6\xad9\xbbz}\x0aV\xe7\x85\
\x97\xd1b\xae,\xcbv\x00Z\x9815\x15l[\xf6\
\xed\xb7\xb8r\xfb\xd1\x05k\xd7\x1c\xde\xb5{\xad\xf6\xc5\
\x9b\x97W`\xc1v\x09\xbbhx\x18\xea`\xc2\x80\x1b\
\x0f}\xfc\xb7\xa2\xe4\xa4/\xc5\xbe\xd3\x99Ys8\xce\
'=\x7f\xce\xd9Y\xf42\xd0 MOC\x9dQ\xf5\
i\xd2\xa1]{a\x1dQ\xf6l\xd8o\xe9\xd9\x90i\
\xf8\xb2P\xca\xd2|\xf0\xa6\xe5\xfbw\xe2s\xc2\xc10\
.\xbe\x138\x16\xe5s\x99\xd3>\xa9\xbb\xc6pV\xd2\
\xa7\x83\xac\xfe\xa50\xf1\xec8\x9d'\xf7\x8e\x1d\xbc\xdb\
\xe3\xc2\xc6/\x8e\x0e\xde\xb6\xfb\xf7\xf0\xe3\xcb\x9fO\xbf\
\xbe\xfd\xfb\xf8\xf3\xeb\x97\xaa8r\xdb\x09\xff:\x09 \
\xe0\x80\x04\x16h\xe0\x81\x04\xf6g\xd9^\x00\xe6\x84\xe0\
\x83\x10\x16\xa8\xe0rt5\x88S\x84\x18>8!{\
\xffI\x10`\x86 &\x08\xd9\x82\x15z\xe8`\x88(\
n\xa8\x17\x83&^\x88b\x88*\xf6Vb\x04\x1f\xbe\
\x98a\x8c\xdf\xcd\x08A\x8d6F\xc8\x02&\xfb\x0d\x93\
I\x90^\x0cI\xe4\x15F\x1e\x09E\x92J&\xc1d\
\x93G<\x09\xe5s\x8eL\x99BLW|\xc5\x5c\x8f\
7\xa6\x94%Y\xd9q\x89!\x96VhY\x9c\x98\x11\
\x92\x09\x85\x99\xbe\xa1\x09\xa1\x9aO\xb0y\x99\x9b\x1az\
Y&\x98\xd2\xd1\x89 \x9cI\xc8)\x99\x9e\x07\xf2\x89\
\x84\x9f\x8d\x01j\xa0\x95\x88&\xaa\xe8\xa2\x8c6\xea\xe8\
\xa3\x90F\xea\xc5L-\xb6\xe9\xa3\x15\x01d\xaa\xe9\xa6\
\x9crJ)\x8d[^\x0aE\xa7\xa4\x92\xfa\xe9\x8e\xa1\
BxE\xa9\xacjz\xea\x03y\x8a\xfaD\xab\xad\xbe\
\xea@\xac\xaabJk\xa9\xb66\x80\xeb\x83\xab\xeej\
*/\x16Z\x9a\xeb\xa8\xc2v\xda+\x00I\xbf\x22\x18\
l\xb2\x9bJ*\xed\xb4\xd4Vk\xed\xb5\xd8f\xab\xed\
6\xc4\x16\xc5%\xb4\xe0\x06\xb0,:\xdf\x86\x9b\xec\xb8\
\xe1\x94k\xee\xae\xe8j\xa3\xee\xba\xb5v\xfb\xd3\xbb\xf0\
\xf2*\xafO\xf4\xd6\xab\xec\xbd5\xe5\xab\xef\xa6\xedN\
\xe3\xef\xbf\x99&\x00\x00!\xf9\x04\x09\x02\x00\x00\x00,\
\x00\x00\x00\x00\x80\x00\x80\x00\x00\x03\xffx\xba\xd0\xfe0\
\xcaI\xab\xbd\xb5\x14\xc2\xbb\xff`\xe8-\x0cf\x9eh\
zib\xeb~\xa4\xa2\xcet\x9dmo.\xc6\x87\xed\
\xff3\x96n8\x8a\x01\x8f\xc8\x1bqI\xe0%\x9fP\
\x80\x90\xa9sF\xaf\xbf)\xf5e\xc5z\x83\xb8-\x97\
G.\x9b\x0f\x86\xb4z\xcdn\xbb\xd7\x9a\xb8|N\xaf\
\xcf\xc5\xb9\xb3^\xff\xee\xfb\xd9v\x81\x82wx.{\
\x87d\x7f\x8a}\x83\x8d\x81\x85\x86\x88\x92\x0a\x8b\x95\x80\
\x8e\x98r\x90-\x93\x93\x96\x9f\x06\x99\xa2a\x9b0\x9d\
\x88\xa0\x96\xa3\x99\xa5!\xa7\xa8\xa9\x8b\xab\x98\xad \xaf\
\x87\xb1\xb2\xb3\x8d\xb5\xa6\xb7eWit_5\x1c\xbf\
f\xc1\xa1s\xc44\xc6\xc7d\xc9\xc3\xcc*\xce\xcfF\
Q\xc2\xcb\xd3)\xd5\xd6%P\xd9r\xdb\xdcM\xde$\
\xd1\xda\xe3&\xdd\xe6\xe8\xe2\xea\xeb\xe5\xe62\xd8\xca\xef\
\xf0\x17\xec\xf3\xb9\x8a\xbb\xbc\xbd\x1d\xe6\xc5\xe0\xf7\xc7\xdf\
 \x80\x01\x05. \xe8\xc7\xa0 \x84\xfa\xcc1d\xe4\
\xd0\x0eDy\x0a'\xbe\xa9h\x11\xff\xa2\xc2\x85\x1a\xdb\
p\xacs\xf1#\xa5\x90\x97Fj\xf2h\x12eJ\x95\
Zz\xe1\x9b)\x81\xc3\x80\x9b8s\xea\xdc9\x80\xa6\
O\x0c6y\x0a\xdd\xf9\xb3(\x85\xa0C\x93\xf64\xca\
\xf4\x01R\xa5B\x9bJ\x05\xf0\x14*\xd1\xa9L\xabZ\
\xcd\x895+\x81\xadQ\xbb\x16\xd5\x0av\xe9\x04\x97p\
`\xc6\xb9X\xb6,Z5j\xd7Bl\x0b\xf6m8\
\xb5l\xe9Z\xb5k\x0f\xef\x5c\xbdP\xf9\xc6\x8dY\x0b\
p`\xbb\x83I\xf52\xacT\xf0\xe0\xbc\x8c\x85:\x8e\
\x0b9\xf2\xce\xb7b\xc7\xdd\xc4\x9cy\xdaf\xb4\x9d=\
\x0f\xe0\x1c\xfa\xcbg\x97\xa5\x89\x9dF\x99\xda\xf4h\xd0\
\xad\xb1\xac\x0e\x19[\xf6\xeb\xb7\xd2l\x10neY2\
\xe2t5v\x97\xea\xcdsr\x9c,\x8a\x0b\x13\xd7i\
\x5c\x03\xf2\xca\xcbo\xa3\xcd\x1d<9\xef\xe88\x9b\x17\
x\xfe\x17\xbbt\x97\xd4i\x08\xdf\xe4}6\xca\xf0`\
\xa0/\xaf\xcd\xbe\xbd\xfb\xf7\xf0\xe3\xcb\x9fO\xbf\xbe\xfd\
\xfb\xf8\x99%V_v\xc2M\x01\xff\x00\x06(\xe0\x80\
\x04\x16(\xe0~\xdd\xe9\xe5\xdf\x00\x066\xe8\xe0\x80\x08\
\x22\xc4\xd8\x82\x0fV\xd8`\x84\x00M(\xc1\x7f\x16v\
x\xe0c\x09\xd2E\xa1\x87$b\xb8\x98a#\x92\xd8\
\xa1\x89\xca\x01\x96\xa2\x8a\x15\xb2x\x9d\x8b\x1b2\x08\xa3\
\x85&\x88\x92\x9f\x17:\xeexE\x8f>B\x01d\x90\
I\x0cI\xe4\x11F\x1e\x89\x1c&J\x16\x99I\x93\x18\
\xc4u\x05Y\xbd\xddh\xa1\x94QPi\x99\x951\xaa\
5\xe5W\xe5q\xf9 \x96Ph\x19\x99\x98\x0e\x92\xf9\
\x84\x99\x8c\xa1y\xa1\x97Y\x82\xe9\x9d\x9b\x06\xaa\x99\x04\
\x9b\x86\xd1Y\xa0\x9dH\xe0\x09\x98\x9e\x04B)\xe8\xa0\
\x84\x16j\xe8\xa1\x88&\xaa\xe8\xa2> \xb4\xe0\x968\
F\x11\xc0\xa4\x94Vj)\xa5\x8e\xd6\x08i\x85W\x5c\
\xea\xa9\xa5\x99F@\x5c\x87\x9d~jj\xa8\x10\x8c\x1a\
)\x14\xa6\x9e\x0a\xd0\xa3g\xae\xfaD\xab\x9f\xa2\xfa\x80\
\xaa\x9cJJ\xeb\xa5\xb6:\x80\xeb\x83\xa5\xeeZi\xaf\
\x0d\xfc\xea`\xb0\xc2N\xca\xe8\xb2@\xcc6\xeb\xec\xb3\
\xd0F+\xed\xb4G\xbd\xfa\x13\x8c\xc9f\x8b\xa9\xb5>\
a\xabm\xb6\xc4\xaa\xe3\xed\xb7\xc2\x86;\xce\xb8\xe4\xd2\
j\xee6\xe8\xa6\xeb\xaaL\xd7\xaa\xe8\xee\xae\xebN\xd3\
\xee\xbc\xbcrK\xd3\xbd\xf8V\x9a\x00\x00!\xf9\x04\x09\
\x02\x00\x00\x00,\x00\x00\x00\x00\x80\x00\x80\x00\x00\x03\xff\
x\xba\x0a\xfe0\xcaI\xab\xbd\xd8\x92\xcd\xbb\xff`\xc7\
0Yi\x9eh\x16\xae\xac7.i,\xcfZk\x87\
oC\xef|z\xff\xae\x5coH\xac\x01\x81\xb9Cq\
\xc9\x04\x1c\x8f\xc9\xa6\xb4\xf7D\x0a\xa7XY\xf5\x97\xec\
zG\x86\xb0xL.\x9b\xc7\x85\xb4z\xcdn\xbb\xd7\
\xdb\xdbw\xde=\xdb\xef\xe4\xb7~\xcf\x8e\xdb\xe8\x80`\
x\x83g|\x86z~-\x81\x8b\x07\x84\x8ey\x87\x91\
p\x89+\x8c\x81\x8f\x98\x06\x92\x9b\x05\x94\x95\x96t\x99\
\x8f\x9c\x92\x9e8\xa0s\xa2\x8e\xa4\x91\xa6 \xa8\xa9\xaa\
\x83\xac\x87\xae\x1f\xb0_RoY3\xb8^\xban\xbc\
2\xbe]\xc0m\xc21\xc4QM\xbb\xc8(\xcaWL\
\xcd\xce&\xd0/\xc6l\xd4'\xd6#\xd8k\xda\xd5\xdc\
0\xcc\xc1\xe0\x19\xe2\x0b\xb2\xb3\xb4|\xb6A\xe8\xeax\
\xec\xed\xee\x1c\xe8\x0a\xf1w\xf3{\xf5\xf6\xf7\xf9v\xf6\
!\xeaG\xe0^#\x80f\x04\xbe!X\xf0\x1f\xc22\
\x0a\xdd04\xf8\x10b\xc4>\x04)VDsq\xff\
R?s +\x0c\x18I\xb2\xa4\xc9\x93$C\xaa\xcc\
\x80\xb2\xa5\xcb\x950E\xba\x9cY2\xa6\xcd\x084s\
\x0e\xb8\xc9\x13\x80N\x9a=o\xfe\x9c\x19\xd4\xe6\xd0\x97\
Ea\x1emIa#\xc7\x8ei\x18.\x1d\xeaT\x0c\
T5R\xa7\xea\xac\x1a\xe6jT\x82Z\xb7r\xf5\xda\
\x09lX\x9a\x5c5y\xcdz\xd6eZ\xb2l\xdb\xa2\
|\xbb\xd6\xac\xdc\xb9c\xeb\xf6\xbb\xdb2mRj~\
\xff\x22\x0b,\x98\x17\xe1\xc2X\x0e#\x96\xa2x1\x93\
\xc6\x8e\x8b@\x8e<\x84\xee\xb1\x1dq\xf9\x92\xb4\x9c\x0d\
\xb3]\xcd\x9b\xf3^\xa6\x91\x194\xe7o\x9e\xf7\x82.\
yZ\x0d\x8f\xd2\x9a[\xa7y\xfdy\xb5\xec\x02\xb4U\
\xaf\x1ey;w\xbd\xdd))\x0b\x1fN\xbc\xb8\xf1\xe3\
\xc8\x93+_\xce\xbc\xb9s^pkk\xa5 \xa0\xba\
\xf5\xeb\xd8\xb3k\xbf\x1e]\xf7Y\xea\xdb\xc3\x8b\xe7\xae\
\xf7\xb7\x5c\xf0\xe3\xd3k\xefn\xbe-z\xf5\xf0\xab\xb3\
ww\xf7}|\xf5\xf3m\xd5\x9fp\xff~~W\xfe\
\xfbI\xd0_|\xff\x99\x12`\x04\x03\xc2w\xc2&\xcf\
a\xc1`\x83\xde\xf0\x01a\x84{LHN$\x16J\
#I\x86K<\xc8\xe1\x10\x1e~H\x01YR\x007\
R\x82\xf8yU\xa2\x89(\xa6Gb\x13&\x0e\xd0\xe2\
x/2\x11\xe3\x8c\xe2\xd5\xb8\xc4\x8d8n\xa7c\x11\
<\xf6\x98\xdd\x8fD\x04)$yW\xad\x08\xdc\x91\xd9\
\x89\xe8\xe4\x93PF)\xe5\x94TVi\xe5\x95\xa9\xd5\
C\xc1]\xf7I\x11\xc0\x97`\x86)f\x00\x0cm)\
W\x97M\x8c\xa9&\x98eN\xc0e|^\xae\xa9f\
\x9b\x12\xbc\xa9`\x9ar\x8eI'Ng\xc2\x89g\x9e\
a\xee\x09\x81\x9d\xea\xc5\x09(\x9b\x04\x99\xd9\x16\x9aL\
\x1c\x1ah\xa2n\xf6yg\xa3\x8e~\x89\xe5\xa5\x98f\
\xaa\xe9\xa6\x9cv\xea\xe9\xa7\x15\x08j\xce}\x95\x96\x8a\
\xe8G+\x91jj\xa9\xa2\x82\xa3\xea\xaa\x8e\xb6\xaa\xcd\
\xab\xb0\x02*+5\xb4\xd6*\xe7\xad\xce\xe4\xaa\xeb\x9c\
\x90\xaa\xe4\xeb\xafb\xf2\x8a\xcc\xb0\xc4\x82\x99\x00\x00!\
\xf9\x04\x09\x02\x00\x00\x00,\x00\x00\x00\x00\x80\x00\x80\x00\
\x00\x03\xffx\xba\x0c\xfe0\xcaI\xab\xbd\xd8\x92\xcd\xbb\
\xff\xe0\xc6\x8cGf\x9eh\x9a\x85l\xcb\x91\x8d*\xcf\
t\xe5\xde \xbc\xd4|/\xe3\xc0\x97\xae\xe4+\x1am\
A\xe0\x90xl6\x93\xca\xa1sj\x84\xe2\x96\xd4,\
\xcfz[z\xbd\x86\xb0xL.\x9b\xc7\x85\xb4z\xcd\
n\xbb\xd7\xdc\xebwN:\xdb\xef\xe4\xb7~\xcf\x8ew\
\xe9\x80\x0ax\x83v|\x86z~.\x81\x81\x84\x8dy\
\x87\x90p\x89,\x8b\x80\x8e\x97\x06\x91\x9a\x05\x93\x94\x95\
s\x98\x8e\x9b\x91\x9d!\x9f\xa0\xa1\x84\xa3\x90\xa59\xa7\
`\xa9\x83\xab\x87\xad\x1f\x0e\xafCaToZ5\xb8\
:\xbaS\xbc\xbd3\xbf0\xc1N\xc3\xc4*\xc6u\x06\
\xbbn\xcb2\xcd#\xc8M\xca\xd2'\xd4\x0c\xd6G\xd8\
\xd9\x19\xdb\x0b\xddF\xdf\xe0\x17\xe2\x82\xcf\xc2\xd1\xe7\x18\
\xe9\xe3\xb1x\xb3\x86\xb5\x1e\xf0\xea\xf2\x85\xf4{\xf6\x1d\
\xf8\x07\xf4\xdd\xe1\xd7\xcf\x9f\x08|\x02\xf7\x11tc\xf0\
 \xbc\x84g\x16\xbeiH\x00 D3\x12\x196\xb4\
x\xf1\xffQFI\x069v\x14\xf3\xb1OCw(\
3\x0cX\xc9\xb2\xa5\xcb\x97,S\xca<\x01\xb3\xa6\xcd\
\x998/\xd8\xdc\xe92\xa7\xcf\x09<\x83\x0e\xf8I\xf4\
\x81P\x9eE\x8b\x1e\xdd\x99\x94\xe8\xd2\x9bM}>\xad\
)a$\x9a\x92j(N]j\x95$\xd64Z\xb7\
\x0a\xed\x1a\xe6+\xd8\x86b\xc7\x925\xcb\x09mZ\x9e\
d3\x99\x0d\xfb\xd6f\x5c\xb6t\xeb\xc2\xbc;\xd7\xad\
\xde\xbdk\xfb\x1a\xfcK\x15@\xd74Q\xcf\x1d.\x90\
\x18\xdc\xe2\xc6\xd9\x1eC^&yr\xaf\xca\x96\xb3`\
\xce<e3g#|\xcd\xa9\x18L\xf8e\xe8v5\
H\x97ny\xbaM\x0f\xd5\xabW\xb6f\xf3\xda_l\
\xd6\x81E\xa7\x80\x1d{\xf6\x9a\xda\xf6n\xb3\xf4\xad\x06\
x-\xe1\xb2s\xa3\xa6\xc1{\xf5\xe7\xe7\xd0\xa3K\x9f\
N\xbd\xba\xf5\xeb\xd8\xb3k\xdfN\x14\xaf_\xbd\x14\x04\
\x88\x1fO\xbe\xbc\xf9\xf3\xe2\xbd7O\x1b\x1e\xbd\xfb\xf7\
\xe9\x05\xdb&\xdc\x1e\xbe\xfd\xf2\xea\xe7\xff\xad\x7f\xbf\x7f\
\xfe\xe0\xff\xf4M\xd0\xdf\x80\x02\xfcw\x5c\x80\x12\x10\xe8\
\x9f|\x00\xee'\xa0\x82\xf6\x19\xd8Ji\xfcA\x88\x9e\
\x0a\xac\x10\xc0]/\x19n\xa8E\x87\x1eBS\x8f\x86\
!\xb23b\x89&\xf2\xb1\x01\x8a\xc9\xd0B\x22\x8b\xe5\
\xb8\x08\xa3\x05\xdeQ!\x9c\x85\xf7\xd58\xc5\x8d8\xc2\
\xa7\xa3\x13<\xf6\xe8\xde\x8fM\x04)\xe4yD\x1ea\
\xe4\x91\xf8\xf5e\xe3mL\xa2\x97\xa4\x11KF\x19\xdf\
W+\xee\x08\xa5\x95\xe5\xcd\xe8\xe5\x97`\x86)\xe6\x98\
d\x96i\xe6\x99Z\x84EA]\x10R\x11\xc0\x9bp\
\xc6\x19\xa7\x9a@\xbd\xd5\xe6\x14r\xe6\x09'\x9d\x12\xb0\
\xa9\xa0\x9bz\xe6\xc9g\x04~\x12\x08h\xa0s\xba\xb5\
\xa6\x9d\x7f\xe2\x89h\xa2\xa4-\x9a\xd6\x9dN<\x0a\xe9\
|\x92\x8aEi\x13\x96\xee\xa9h\x9d\x936Zi\xa7\
\x01\xa0i\xea\xa9\xa8\xa6\xaa\xea\xaa\xac\xb6\xea\xea\x0f\x9f\
\xce\xd4\x1f\xa9\xb4\xca9hJ\xb3\xd6\xaa\xeb\xad(\xe5\
\xaa+\xad\xbc\xba\xe3\xeb\xaf\x9d\x06{\xce\xb0\xc4>j\
,8\x12\xc8&\x1b\xe8\xb2\xd94\xeb\xac\xa0\xb1\xca$\
\xed\xb4q&\x00\x00!\xf9\x04\x09\x02\x00\x00\x00,\x00\
\x00\x00\x00\x80\x00\x80\x00\x00\x03\xffx\xba\xac\xf00\xca\
I\xab\xbd8_\xc2\xbb\xff`\xd8\x8c\x87f\x9eh\xaa\
\x85l\xeb\x91\x8d*\xcf\xf4\xe6\xde \xcc\xd4|/\xe3\
\xc0\x8en\xe1+\x1amA\xdc\xd0ql:\x93\xc0e\
\xc9I-B\x95\xcb\xaa\x96w\xbdI\xbf$\x83xL\
.\x9b\xcf\xe4\x82z\xcdn\xbb\xdf\xecn\x10L_\xa0\
\xef\xf82|\xcfo\xcb\xa3uty\x83w}\x86{\
\x7fX\x81_\x84\x8dz\x87\x90q\x89.\x8b`\x8e\x97\
\x06\x91\x9a\x05\x93\x94\x95R\x98\x8e\x9b\x91\x9d-\x9f\xa0\
\xa1\x84\xa3\x90\xa5,\xa7K\xa9\xaa\xab\x86\xad!\x11\xaf\
#dUp[5\xb8\x0d\xbaT\xbc\xbd3\xbf\x0c\xc1\
N\xc3\xc4*\xc6vc\xbbo\xcb2\xcd\x0a\xc8M\xca\
\xd2'\xd4\x07\xd6G\xd8\xd9\x1a\xdb\xddF\xdf\xe0\x18\xe2\
\xcf\xc2\xd1\xe6\x17\xdb\xc7\xb1y\xb3\xb4\xb5\x1f\xee\xce\xf0\
\x85\xf2|\xf4\xf5\xf6\xdc\xf8\xf9\xf4\xc1\xe1\xf7\xc2\x1f\xc0\
\x80\x02\xdd\x10\x14b\xf0\xe0\x99\x84\x03\x17\x12\xf0\xf7\xcf\
\xe1#\x88~$R\xb4h\x06\xff\xa3B\x8d\x0d9\x8e\
\xf1\x98q!\xbb\x93'\x06\xa8\x5c\xc9\xb2\xa5\xcb\x95(\
c\xa6|I\x93\xa6\xcc\x9b\x18j\xeal\x89\xb3'\x85\
\x9d@\x07\xf8\x1c\x0a!\xe8N\xa2D\x8d\xeaD:T\
iM\xa6>\x9d\xda\x84 2\x0d\xc95\x12\x09HU\
Zu\xe4U5Y\xb7\x1a\xed*\xe6+X\x89b\x83\
\x92\xcdd6l\xda\x9dk\xcdrB\xfbVg\xdc\xb6\
t\xeb\xd2\xbc\xfb\xd5\xad\xde\x97|\xaf\xfa\xfd\xcb\x93*\
G6P\xcd\x89D\x9c8\xdb\xe25\x8d\x1d\x1f\x86\x1c\
y\xd9c5\x95-O\xc6\x9c\xb9\xd7\xe5\x02\x9d=o\
\x06\x1d\xbaI\xe0r*\xf8\x11\x06L\xd6P\x0f\xd5\xab\
[\x9e^W\x03v\xec\x95\xb3\xdd\xbc\xa6w\x9be\xee\
6\xbbk\xf5\xc6\xdd\xbaO\xf0V\xc3U\xfef\x5c\x9b\
w\xf2\xe5\x94\x9b\x0bO^\xba\xba\xf5\xeb\xd8\xb3k\xdf\
\xce\xbd\xbb\xf7\xef\xe0\xc3\x0f\x95;\xf8o\x05\x01\xe8\xd3\
\xab_\xcf\xbe=\xf9\xbc\x84\xcf\xb7\x9fO?\xfd\xfb\x85\
\xb7\xe5\xd7\xdf\xbf\xfe>\xc1\xfc\xff\x14\xf0'\xa0}x\
\xe1\x17\x9b~\x03\xee\xe7\x9fm\xf1\x05\x98 \x7f\x0b:\
\xb7\x1a\x82\x0f\xce\x17\xe1t\x13:X!}3\xcc\xc3\
\x81x\xbdxH\x00\x88[\x88H\xa2\x16&\x9e\xa8\xce\
>\x1d\xa8\xb8\x22\x22-\xbaxM\x1f\x1e\xc88#\x8b\
\x1f\xdaH\x81\x7fU\xdc\xb6\xe1\x80<R\xe1\xe3\x8f\x10\
\x168\xa2\x90\xb1\x11Yd_1:1\xa4\x92\xf4\x05\
\xe9d\x92PFid\x8fTV\xe9\xde\x95H\xae\xa6\
\xa5\x85\x5cN\xe9\xe5\x97\xec\xe9h\xe6\x99h\xa6\xa9\xe6\
\x9al\xb6\xe9\xe6\x9b[\x0cVAZDV\x11\xc0\x9d\
x\xe6y\xa7\x9c?\x89U'\x15z\x06\x1a\x00\x9f\x13\
\xd0\xf9\xa3\x9d\x82\xe6I\xa8\x04\x86n\x88h\xa2{\xc2\
7\xa7\x9f\x87\x02\x0ai\xa4\x06\xaa4\xe9V\x7f:q\
)\xa6\xff\xc1\xd4'\xa7\x95z\xfa\xe9\xa2\x114Z\xe1\
\xa3\x90\xc2\xe9\xea\xab\xb0\xc6*\xeb\xac\xb4\xd6j\xeb\x0f\
\x92\xde\xc4\xdf\xa7\xbcB\x8a\xeaI\xbb\xf6*\xac\xa2\xb9\
\xca\x14\xec\xb0\xc3\xfe\xca\xce\xb1\x1d\xc8\xf6\xaa\xac9\xcc\
6{j\xb11E+\xad\xaf\xd4\xa2d\xed\xb5\x82>\
\x0b\xce\xb6\xdc\xea\x99\x00\x00!\xf9\x04\x09\x02\x00\x00\x00\
,\x00\x00\x00\x00\x80\x00\x80\x00\x00\x03\xffx\xba\xdc\xf0\
0\xcaI\xab\xbd8_\xc2\xbb\xff\xa0\xd7\x8c\x8cf\x9e\
h\xaa\x85lK\x90\xb0*\xcf\xf4\xe6\xde\x1dL\xd6|\
/\xe3@\xdd\xc8G,\xda\x80.\xa1\xc3\xc8l\x22o\
\xcaRsJ|&\xa3\x0a\xaa\x96gma\xbf\x0d\x83\
xL.\x9b\xcf\xe4\x82z\xcdn\xbb\xdf\xec\xee\x13L\
?\xa0\xef\xf82|\xcfo\xcb\x91u`y\x83w}\
\x86{\x7fA\x81X\x84\x8dz\x87\x90q\x89P\x8bQ\
\x8e\x97\x06\x91\x9a\x05\x93\x94\x95B\x98\x8e\x9b\x91\x9dW\
\x9f:\xa1\x8d\xa3\x90\xa5^\xa7\xa8\xa9\x83\xab\x87\xad,\
\x14\xaf\x0agTp[5\xb8vf\xbbo\xbd4\xbf\
\xbaS\xbc\xc42\xc6\xc1\xc8\xc3\xca*\xcce\xc2n\xd0\
\xd1\xb8\xc7M\xc9\xd6'\xd2d\xd4m\xdc(\xdec\xe0\
l\xe2\x15\xbf$\xb1\xb2\xb3}\xb5!\xea#\xecy\xee\
\xef\xf0\x1f\xf2a\xf4\x85\xf6\x88\xf8\x22\xf4-\xe0\xd7\xcf\
\xdf\x1b\x80\x01\x05\x02#h\xc6 \x1c\x849\x14.d\
\x98\xc6\xa1\x1b\x88\x1c$N\xa4(\xc6\xff\xe2E\x8c\x1a\
9>\xf2\xb8\x06#\x01t(U\x0cX\xc9\xb2\xa5\xcb\
\x97,S\xca<\x01\xb3\xa6\xcd\x9981\xd8\xdc\xe92\
\xa7O\x0a<\x83\x0e\xf8I\x14\x82P\x9eE\x8b\x1e\xdd\
\x99\x94\xe8\xd2\x9bM}>\xad\x09@dE\x92jL\
N]ju\x0c\xd6\x92\x18\xb7\x1e\xed\xda\xf1+\xa7\xb0\
b\x83\x92\xcddVkZ\x9ek\xcd\x9e\x85\xf8\x16.\
Y\xb9n\xeb\xd6\x8c\xdb\x16\xad^\x98|\xbf\xe6\xfd\xdb\
s\x02\xc3gQ\xad\x1d\xae\x96X1A\xc4\x8d\x89-\
\x0e\x17Y\xd9\xe4s\x95%?f\x9cy\xcb\xe55\x9d\
{}V\x13\xbaH`C=j\x11\x06|\x17R\xea\
V\xab_\x9e\xee\xf3\xbaTl\x97\xb3\xf9\xd4\xeet\xbb\
e\xee=\xbb'\xf5f\xf9{\x1b\x0d\xd5\xc3\x07\x14\x87\
<\x03\xf9\xf0\xe5\x9c\x8f\xc3N^\xba\xba\xf5\xeb\xd8\xb3\
k\xdf\xce\xbd\xbb\xf7\xef\xe0\xc3\x13\xc5\xeb\xf7v\x05\x01\
\xe8\xd3\xab_\xcf^=y\xba\xc3\xcf\xb7\x9fO\xff=\
B\xea\x14\xe8\xebgo\x1f \xfe\x09\xff\xfb\x05\x88^\
\x7f\xf8\xfc'\x81\x80\x01\x12\x08\x8f\x81\x11 \xb8\x9f\x82\
\xce\x99\x97\x9f\x83\xf5\xf5\x05_o\xf2Q\xd8\x1e\x0f\xff\
| ^/\x1dz\xf0\xe1\x16!v0\xa2\x16%r\
p\xa29\x92x\xb8\xa26\x0f\x81\xf0\x22\x8c\x07\xc98\
\xa3\x11)\x9etc\x04\x0aRA\x98\x86\x0e\xf68\xc5\
\x8f@\x0a(d\x13D\x16\xf9\xa0\x85\x22\x0e\xf9\x97\x92\
\x092i\xa2\x93zA\xb9\xa4`6\x22\xf9\xa4\x95\x15\
b\xe9\xa2\x96Ur9\xdf\x91L$)\xe6z;\xa6\
\xa9\xe6\x9al\xb6\xe9\xe6\x9bp\xc6)\xe7\x16\x83\xc5\x04\
\xd4S\x5cR\x11\xc0\x9e|\xf2Y\xe7J\x15L\x95\xe7\
\x14}\x16\xfa\xe7Pw.5h\x13\x85\xf6yh\xa0\
xZ\xa9g\xa3{>\x9a\xe8Q\x8b2Ai\xa5\xe5\
\xd99\x81\xa0\x92\x12\xba\xa9\xa5\x9fF\x0a\xe5\xa4\x94\x92\
*\x01\xa8\xa7\x8aJ\xe9\x9c\xb0\xc6*\xeb\xac\xb4\xd6j\
\xeb\xad\xb8\xfe\xd0)\xa08\xd1\xb7\xe9\xaf\xc0\x1a\xba+\
\xa23\xf9\x1a\xec\xb1\xa3\x0e\x9b\x93\xb1'\xc86\xeb\xa7\
\xb2\xbd\xce\xe7\xec\xb4\x01\xa8\x9a\x12\xb3\xd4\x1ek-J\
\xd8f\x0b\xec\xb6\xe8t\xebm\xb2\x17\xb6\xb4\xac\xb4\xe3\
\x06\x9b\x00\x00!\xf9\x04\x09\x02\x00\x00\x00,\x00\x00\x00\
\x00\x80\x00\x80\x00\x00\x03\xffx\xba\xdc\x0a0\xcaI\xab\
\xbd8kL\xba\xff`\xd89$\xb3\x9dh\xaanb\
\xdb\x96\xf0*\xcf4\xe7\xde\x1e\x5c\xd6|/\xe3@\x1d\
\xc9G,\xda\x80.\xa1\xc3\xc8l\x02\x907e\xc3I\
\xf5A\x93\xd2EuK\xbb\xbe\xb2`\x85aL.\x9b\
\xcf\xe8ra\xcdn\xbb\xdf\xf0\xb6\xd7\x1b\x0e\xa7\xefx\
s|\xcfw\xcf\xafu`y\x83w}\x86{\x7fP\
\x81Y\x84\x8dz\x87\x90r\x89A\x8bJ\x8e\x97\x06\x91\
\x9a\x05\x93\x94\x95:\x98\x8e\x9b\x91\x9d8\x9fB\xa1\x8d\
\xa3\x90\xa5Q\xa70\xa9\x84\xab\x87\xad.\x17\xafwT\
q\x5c4\xb8i\xbap\xbc3\xbeh\xc0o\xc22\xc4\
g\xc6n\xc8+\xcaf\xccm\xce*\xd0e\xd2l\xd4\
)\xd6d\xd8k\xda(\xdcc\xde\x05\xe0\x13\xaf\xb0\xb1\
y\xb3\x86\xb5_\xe8\x0e\xea\xeb\xec|\xee\x22\xf0$\xf2\
x\xf4\xf5\xf6 \xf8\xf1\xf4\xa5\xe1\x87\xc8\xdf\x07\x80\x0d\
\x04\x0e$\x08\xc7\xe0A\x84\x0b\x14\xa2a\xd8\xd0\xe1\x08\
\x88b$>\xa2(\xc9\xff\x22\xc6\x8c\x1a\xc9p\xf4c\
\x91\x80\x01s(U\x0cX\xc9\xb2\xa5\xcb\x97+O\xa6\
\x9c\xa9\x01\xa6M\x9b2i\xea\xacp\xb3g\xcb\x9c;\
\x83B\xf0I\x14\xa8\xd0\x9dD}\x1a=J3i\xcf\
\xa5LS:\xbd\x095\xaa\xb9\xa98C\x8a\x1c\xc9\xa6\
$\x01\xacX\xb5n\xe5\xca\xa9$\xd8\xa9b\xc7\x90]\
\xe3\xf5\xac\xd3\xb4\x99\xd6\xb6u[4\xed\xda\xb2\x16\xe9\
\xd6\x15{w\xae^\xaav\xe5\x9a\xfd\x0b\x98\xaf\xe0\xbc\
\x84m^\xd0\xb7\xc7\xaa6\xc6\xbb\x1c;\x83\x1cL2\
2\xca\xc7,\x0b\xc3\xdcL3/\xce\xd3<s\x01\x9d\
M\xf4\x16\xd2\xdfL\xf7\x80\xbb\xa9G\xab\xc4Y\x0dG\
r]\x0a6L\xd6\x9ahw\xb2\xfd\x12\xf7l\x1e\xaf\
y\xff\x0c\xfc\xbbFp\xe11\x89C\xd2=\x099K\
\xdf\xcb\x81\xd7v>\x00\xfa!\xe6\x89\xa8\x0fP\xcd\xbd\
\xbb\xf7\xef\xe0\xc3\x8b\x1fO\xbe\xbc\xf9\xf3\xe8\x85\xf6\x1d\
\xec\x5c\x80\x05\x01\xf0\xe3\xcb\x9fO\x1f\xfez\xc4\xed\xdf\
\xd7\xdf_\xff\xbeC\xed\xff\xeeU\xc0\xdf\x80\xf2\xf9g\
\x10\x80\xfa\x118\xa0\x81\xfe (\xa0\x82\x0b\x1e\xf6\x1f\
u\x01R\x00a\x84d\xf9\x85\x5c\x85\x13\x5c\xc8\x1f\x83\
\xf68h\xa1\x87\xf5\xf9P\x91\x08\xe9qqb\x08)\
n\xb1\x22\x08-V\xf1\xe2\x071zcK\x8dM\xcc\
\xe8\x01\x8e9\xbeq#\x8fE\xe8\xd8\x01\x90\x11\x808\
\xa4\x13\x84\x91H\xa2\x91\x04P\x91\xa4\x92\x172\xe9\xe4\
_PF)!\x8cHRY\xa5\x82Rf\xa9\xd7\x96\
\x5c^I\xa3\x97t\x81I`\x97M<i\xe6~h\
2\xa1\xe6\x9a\xf4\x11)\xe7\x9ct\xd6i\xe7\x9dx\xe6\
\xa9\xe7\x9e[h\xe8\x92\x05S\xc1\xc9\xa1\x11\x01\x14j\
h\x00~\xb6\x04\xa8S\x82Rq\xa8\xa1\x89\xb2\xb4h\
R\x8d:\xf1h\xa1\x91\xae4)Q\x956q)\xa2\
\xec\xbd\xb4\xa9O\x9d2\xf1i\xa6\xdb\xf1\xc4(\x9c\x8e\
^\x8a\xea\xa8=\x95J\xa8\xab\xa1\xfe\xa9*\xa5\xacZ\
z)\x9f\xbc\xf6\xea\xeb\xaf\xc0\x06+\xec\xb0\xc4\xfeP\
\xab\xa24\xd5\xf7\xe9\xb27\xcc.\xfbj\xb2\xf45+\
\xad\xb4\xcf\xce\xa4\xec\xb4\xd8\xd2\x8a\x9f\xa8\xd0\xce\x97\xed\
\xb7\x90\x1e+i\xb7\xf2\x81\x0bn\xb5)]k.\xb6\
\xe8\xa2\xa4\xee\xba\xd4\x8a\xab)\xb9\xf1\xc1\x8bm\x02\x00\
!\xf9\x04\x09\x02\x00\x00\x00,\x00\x00\x00\x00\x80\x00\x80\
\x00\x00\x03\xffx\xba\xdc\x0d0\xcaI\xab\xbd8kL\
\xba\xff \xe8\x8c\xe3f\x9eh\xba\x85,K\xbe\x8b*\
\xcf4\xd7\xde\x1d\x0c\xd7|/\xe38\xdd\xcbG,\xda\
\x80.a\xc9\xc8l\x22[\xcaes\xea{&\xa3\x0c\
\xaa\x96g\x0da\xbf\x07\x83xL.\x9b\xcf\xe4\x82z\
\xcdn\xbb\xdf\xec\xae\x9c\x00\xc6\xa2\xef\xf82|\xcfo\
\xcf\xbbuQy\x83w}\x86{\x7fV\x81J\x84\x8d\
z\x87\x90q\x89H\x8bB\x8e\x97\x06\x91\x9a\x05\x93\x94\
\x950\x98\x8e\x9b\x91\x9d@\x9f\xa0\xa1\x84\xa3\x90\xa5A\
\xa7$\xa9\xaa\xab\x86\xad7\x1a\x8b\x83Tp[5\xb8\
y\xbao\xbc4\xbex\xc0n\xc23\xc4w\xc6m\xc8\
2\xcah\xccl\xce*\xd0g\xd2k\xd4)\xd6f\xd8\
j\xda(\xdce\xde\x05\xe0\x11\xaf\xb0\xb1y\xb3\xb4\xb5\
W\xe8\x0c\xea\xeb\xec|\xee\xef\xf0\x0a\xf2x\xf4\xf5\xf6\
\x22\xf8\xf1\xf4\xa1\xe1\x87\xc8\xdf\x07\x80\x01\x05\x9a!\x08\
\xc7\xe0A\x84\xf9\x14.d\xe8\xc6\xa1\x07\x88\x11%\xa6\
\xa1\xe8\xc7\xff\x22\x1d\x8c\x1a\x1fq\x5c\xe3\x91\x00\x19s\
(e\x0cX\xc9\xb2\xa5K\x97'S\xca4\xf1\xb2f\
\xcd\x983s^\xb0\xc9\x93%N\x9d@%\xf4\xec\xf9\
3h\xd0\xa1<\x8b\x1a\xd5\x89\xd4\xa6\xd2\xa53\x9b\xde\
\x1c\x03\xd5\xa8\xd4\x97!7\x8eTS\xf2\xaa\xd7\x01Y\
\xc7l%\xe9\xf1\xeb\xd5\xb0b\xc6r-k\xb6)\xda\
Lj\xbb\xb6E\xfaV-'\xb6s\x89\xa2\xb5+7\
o\xd2\xbdq\xf1\xfa\x9d\x1a\x96\xaf\xe0\xc1.5\xc42\
T\xd5\xdc\xe2>\x8d\xc1=\xe6\x13Y\xdb\xe4=\x95\xa9\
]\xde\x95\x19\xd9\xe6`\x9d\x85}>\x16\x9a\xd7\xe8f\
\xa5k\xd4]\xd5c\x12b\xa7\x80G\xb5N\xf4\x9ap\
\xd6Y\xb3\xff\xd4\xc6\x1a{S\xee9\xbba\xf6\xd6\xf4\
[N\xf0\x96\xabes\xa1}|er\xdf\xcbu7\
\x07;<R\xf1.\xd3\x07\xa4\xde\xce\xbd\xbb\xf7\xef\xe0\
\xc3\x8b\x1fO\xbe\xbc\xf9\xf3\xdd\x0d[\xcc.\xa0\xbd\x00\
\x0b\xee\xe3\xcb\x9f\xdf^\xbdC\xf6\xee\xe1\xd3\xdf\x1f\xdf\
\xbeA\xfc\xff\xed\xe9\xc7\x1f\x7f\xfe\xf9\x03\xe0{\x15\x0c\
8`\x81\xf6\x1c(\xa0\x82\xf31\xe8\x8e\x83\x09BH\
\x9f\x84\xb5PH\x81\x85\x17\x06\xb6\xdet\xf1=\xc8a\
\x80EH\x82\x03z\xc2\x98h\x0b\x8a[\xa8\xd8\x02\x8b\
-\x92u\x22\x8c\xcc Ac\x8d@\xdc8\x85\x8b,\
\xe8\xd8\x04\x8f!\xf8\x08\x00\x86\x1eP1\xd7\x88H\x0a\
@d\x07F\xb6\x95\xe4\x88K\x12\xd0\xa4YOr\x18\
\xe5\x94_Ui\xe1\x95S\x1c\xa9\xa5\x82\x5c6\xe1\xe5\
\x97\x04z\xb8\xa2\x98N\x92Y\xe6X6v\x99\xa6\x9a\
\xf4\x09)\xe7\x9ct\xd6i\xe7\x9dx\xe6\xa9\xe7\x9e2\
\xf5\xc5\x93\x05H\xc1\x19\xe2\x14\x01\x14\x1a\x80\x9f6\x01\
:\x94\xa0\xf9\x11j(\xa25)\xda\x13\xa3$6a\
\xe8\xa1\x87EZA\xa0\x94Rq)\xa4/I\xca\x13\
\xa5\x08Z\xfah\xa6\xa1n\xbah\xa7\x8e\x16\x0ajb\
\xaaN\xca\xaa\xa9\xae\xa2\x0a+\x05\x9c2\xea\xa9\xa1|\
\xf6\xea\xeb\xaf\xc0\x06+\xec\xb0\xc4\x16\xcb\xc4\xab-\xe9\
\x14\xdf\xa5@\xcc6\xeb\xec\xb3\xb5~\xd8\x93\xb2\xeeA\
k\xed\xb5\xd1\xde7\x14\xb5\xeda\xeb\xad\xb3\xc8\xb2\xc4\
\xad\x00\xdf\x96{\xaa\xb4\x7f\xe6\xb4\xac\xb9\xe5\x86\xbb\xd2\
\xb8\xec\xb6kk\xb2\xeaV\x1b\xaf\xb7\xeejWo\xb7\
\xf7b\x9b\x00\x00!\xf9\x04\x09\x02\x00\x00\x00,\x00\x00\
\x00\x00\x80\x00\x80\x00\x00\x03\xffx\xba\xdc~ \xcaI\
\xab\xbd8\xeb\x9d\x89\xff`\xf8=\xe4\xc3\x9dh\xaar\
b\x1b\x96\xf0\xb2\xcet\xdd\xb9x\x1c\xdb|?\xe39\
]\xc9G,\xde\x80\x22\xe1\xd0\xc8l\x22[JRs\
Z|&\xa3\x0e\xaa\x96g}a\xa3\x86\xb0xL.\
\x9b\xc7\x85\xb4z\xcdn\xbb\xd7\xdd\xf8\xe8\xab<\xdb\xef\
\xe4\xb7~\xcf\x96\xcb\xe9ux\x82g|\x85z~q\
\x80B\x83\x8cy\x86\x8fp\x88V\x8a:\x8d\x96\x06\x90\
\x99\x05\x92\x93\x940\x97\x8d\x9a\x90\x9cO\x9e\x9f\xa0\x83\
\xa2\x8f\xa4H\xa6%\xa8\xa9\xaa\x85\xac@'t\x8cT\
o[6\xb7\x83\xb9n\xbb5\xbd\x82\xbfm\xc14\xc3\
x\xc5l\xc73\xc9w\xcbk\xcd+\xcfv\xd1j\xd3\
*\xd5g\xd7i\xd9)\xdbf\xdd\x05\xdf\x00\xae$\xb0\
\x82\xb2\xb3\xb4.\xe7\x0f\xe9x\xeb|\xed\xee\xef\x0d\xf1\
w\xf3{\xf5P\xf7\x0c\xf9\xec\xec;\xd4\xcf\xcb?\x05\
\x01\x09\x0dtS\xd0\xe0\xc1\x84f\x162l8\xe7\xe0\
\x01\x88e$\xb6\xa1X\xf1\xff!F4\x1a#q,\
S\xae\xe4\x8c\x01(S\xaa\x5c\x99\x92\xa4\xc9\x97'X\
\xca\x5c\xe9\x12\xa6M\x0c3s\x0e\xa8y\xb3\xe7\x04\x9d\
3y\xfa\xf4\x09T\xa6\xd0\xa17\x8b\xb2<\x8a\x14\xa6\
R\x9ad\x9a\x0e}\xaa\xf2#\xc8\x90i8z\xa0\xca\
u\xa7\xd50X\xd5h%\xd0\x95\xeaW\xb0a7i\
-\xfb\xf4,\xa6\xb4c\xd9*u\x9bV-G\xb9E\
\xe9\xc2]\x8bW\xa7\xde\xb0q\xfb\xe6\xfc\x8b5\xb0`\
\x99'@=\x92ZN\xb1!\xc6\xdf\x1c\x17\x82\x9cM\
2\x1f\xca\xd3,\xef\xc1\xdcL\xb3\x1e\xce\xc7<\xeb\x02\
\xbdK40\xd24\x08\x8b\xea\x81\xe8p\xd0\xb3\xf3X\
\xfbqm\x14\xf6:\xd9rh/\xb5-\x0bw\x1c\xdd\
P\xbf\xc6\xe62\x1bxK\xde\xaa|w1~\x5c\xf8\
m\xe2\xb9\x99{u\xde\x1b\xfao\xe9\xa8\xb3k\xdf\xce\
\xbd\xbb\xf7\xef\xe0\xc3\x8b\x1fO\xbe\xfc\xf6\xba\x86\x8d\x0b\
X\xcf\xfe\x02\xfb\xf7\xf0\xe3\xa3\xe7\xcb<\xbe\xfb\xf8\xf8\
\xdf\xcf\xbf+\xdd\xbe\x85\xfc\xff\x00\x0a\xb0\x1fE\xd2\x0d\
\xe0_\x05\x01\xe67`C\x05\x1eHA\x82\xf8-X\
P\x83\xf0\xdd\x07\xa1~{\xf1W_\x85\xff]\x88!\
`\xf4\xa9\xc7!\x82\x1e\xb6\xc7DVV\x98\x17\x0c\x8a\
O\xa8\xb8\x0b\x8bH\xb8\xb8\x05\x8c\xb5\xc8\xf8K\x176\
\xde\x98b\x8eM\xd0\x88\x03\x8f=\xda\x15c\x8e\x12\xba\
@EY%&)`\x86C6\x81\xa4\x92\x1e\x16\xd9\
\xc2\x91]A\x19%\x935:Y\xa5\x95\x10J)\x02\
\x95\x5cq\xd9%\x96?N\xf1\xa4\x98\x00z\x19\x02\x98\
T\xa1\x19\xa0\x9a \xb0\xf9\x94\x9b\x00\x02i\xe7\x9dx\
\xe6\xa9\xe7\x9e|\xf6\xe9\xe7\x9f\x90\xa5\xa7\xd3\x05:\xd1\
\xe9\xa0\x11\x01\x04 hN\x84\xe6d\xe8\x88L$\xba\
\xe8L\x8d\xce\xf4\xe8{TH\x1a\xe2\xa0\x16\x14z\xe9\
z\x99*\xba)\xa3\x9d:\xfa\xa9\x00\xa1N\x8aX\xa9\
\x96\x9e\x9a\xea\xa8\x94\xb2*\xd3\xa9\xa8N\xa1\xa9\x86@\
U:\xab\xab\xb6\x06\x00\xe8\xaf\xc0\x06+\xec\xb0\xc4\x16\
k\xec\xb1\xd3\xa8\xca\xd2M@\xeb%\xea\xec\xb3\xd0F\
+-\xb4\xca\xae\xc4\xac\x00\xd3f\xab-\xb5\xb0\xae\x0a\
S\xb3\xdb\x86;m\xb5*]+\xee\xb9\xdc\xe2\xca\xe9\
\xb7\xd8\xa2\xeb.\xb9)\x99\xeb.\xba\xf0\xa2$\xef\xbc\
\xe2\xd6;\xc0\xbd\xf8n\x9b\x00\x00!\xf9\x04\x09\x02\x00\
\x00\x00,\x00\x00\x00\x00\x80\x00\x80\x00\x00\x03\xffx\xba\
\xdc\xce \xcaI\xab\xbd8\xeb\x9d\x89\xff`\xf8\x8c\xe4\
\xc1\x9dh\xaara\x0b\x960\xb4\xcet\x8d\xb9x\xac\
\xdb|?\xe3.]\xccG,v\x80\x22a\xc9\xc8l\
\x02\x90I\xe5\xc8I\xf5A_\xd2iuK\xbb~\xb2\
J\x83xL.\x9b\xcf\xe4\x82z\xcdn\xbb\xdfl\xaf\
<\x0a\x86\xa1\xef\xf82|\xcfo\xcf\xff\x04u:y\
\x84w}\x87{\x80s\x821\x85\x8ez\x88\x91q\x8a\
^\x8cv\x8f\x98\x92\x9a\x05\x94\x95\x96$\x98\x99\x9b\x91\
\x9dW\x9f\xa0\xa1\x8e\xa3\xa4\xa5H\xa7#\xa9\xaa\xab\x87\
\xadH*a\x98Tp\x5c5\xb8\x8f\xbao\xbc4\xbe\
\x8e\xc0n\xc23\xc4\x85\xc6m\xc8+\xca\x84\xccl\xce\
\xb7B\xa1\xd2k\xd4)\xd0y\xd8j\xda(\xdcx\xde\
\x05\xce\xaf\x0f\xb1\x85\xb3\xb4\xb59\xe7\x0d\xe9\x84\xeb}\
\xed\xee\xef\x0b\xf1y\xf3|\xf5A\xf7\xf8\xf9\x0c\xed\x83\
\xd3\xaf\xc5?\x80\x01\xcf\x0c$X\x10\xcb\xc1\x84h\x16\
\xbei\xe8\xf0\x1fD\x85\x12\xfdP\xf4pP\xff\xc1E\
3\x195n\xbc\x03\xae\xe4\x8c\x01(S\xaa\x5cI\xd2\
\xa4\xcb\x13+c\xaal\xf9\xb2&\x06\x998i\xda\xdc\
9\x01\xa7L\x9d<y\xfa\x8c\x094\xa8\xcd\xa1,\xd1\
\x185\x8at\xa6\xd2\xa5B\x9b\xa2\xfc\x08)\xa4\x9a\x8d\
\x1e\xa4jMJU\x8c\xd55X\x09l\x1d;\xa0\xeb\
\x98\xafW\xb1\x92\xddj\xd6+\xda\xb0k\xb5\xb65\x80\
\x96\x93\xda\xb8M\xe7\xd6\x85\x8b\x17\xa9\xde\xb7w\xfb\xfa\
\xfc\xfb\x95\xaf`\x9c*\x1em\x82\x0aN\xb1&\xc6\xda\
\x1cK\x82LMr$\xca\xce,#\xc2\x8cL\xf3!\
\xce\xc2<\xf7\x01\xcdK4\x1f\xd2+\x08\xcf\xeb1\xe7\
\xf0\xe0\xb6\x0bY\xcbq\x9d\x13\xf6@\xd9^h\xff\xb4\
\xbd\x0f\xf7\x15\xddDy\xaf\xe6\xd1\x1a\xb8S\xb3\xb1\x89\
\xcf6\x9eR\xf5:\xdfP\x987\x17\xfe\x5cyn\xe9\
\x03Pk\xdf\xce\xbd\xbb\xf7\xef\xe0\xc3\x8b\x1fO\xbe\xbc\
y\xee{\x033\x17\xc0\xbe}\xfb\x0b\xee\xe3\xcbO\xbf\
\x11\xfb\x00\xf9\xef-\xe0\xdfO\x9f\xa2\xfd\xfd\xff\x02\xc0\
\x07`|\xfd5\xf4\xdf~\x02\x0e\xd8^\x81\x05\x1d\x88\
_\x82\x0a\x0a\xc0`?\x0e\xca\x07\xa1\x82\x13\xd6Sa\
|\x17\x0e\x98a;\x1b\xba\xd7!\x80U\xfcq\x1e/\
&\x9e\xb8E\x8a*R\xc1b\x8bM\xbc\x08\xa3\x112\
\xceHD\x8d6B\x07E\x8b\x1f\xe2@\xc5V\x11\x06\
\x89_\x8f.\xfc\xa8\x95\x90H.\x08\xd8\x1cFJ\x95\
d\x92D\xb6\xd0dSO\x22\x19e\x08S\x22U\xa5\
\x90W\x82\x90\xe5P[\x06\xd9\xe5\x07_\xfa\x14f\x84\
czP&Ng*\x98\xe3\x9bp\xc6)\xe7\x9ct\
\xd6i\xe7\x9dxR\xa6\x9eT\x17\xc8\xd4\xe6\x80\x01\xb8\
X\xdfX}\xc6\xf4'\x80\x81:\xb1gS\x85\xaet\
\xe8~\x89\xc68\xe8V\x8d\xaa\xf4(~\x912\xb1(\
R\x95\xa6t\xa9|\x99\xd28\xa9V\x9d\xa2\xf4i|\
\xa1\x16\xb1\xe9P\xa5\xdewj{\xa9\xde8*\x9f\x16\
\xf8\xf9*{\xb1\xe6\xa9\xeb\xae\xbc\xf6\xea\xeb\xaf\xc0\x06\
+\xacv\x86\x91ZS\x00\xc8&\xab\xec\xb26\xcc6\
\x9bl\xb1\xb4\xbe\xe4\xec\xb4\xd4*\x0b-\xa3\xc7V\xab\
m\xb3\xd7r\x9a\xed\xb6\xe0\x22\xdb-\xab\xdf\x86\xbb\xed\
\xb8>\xd9dn\xb8\xe8\x22V\xee\xba\xd4\xb6+\x93\xba\
\xf0j\x9b\x00\x00!\xf9\x04\x09\x02\x00\x00\x00,\x00\x00\
\x00\x00\x80\x00\x80\x00\x00\x03\xffx\xba\xdc\xee \xcaI\
\xab\xbd8\xeb\x9d\x89\xff\xe0\xf7\x8c\xe4\xc2\x9dh\xaar\
a\xeb\x950\xb4\xcet\x8d\xb9m\xac+v\xef\xcf\xb8\
\xd0N\xf7+\x1a;A\xd1\x10vl:\x01I\xe5\x92\
\xf4\xac\xfe\xa2\xaf)\xd5\xca\xa5a\x09\xda\x9daL.\
\x9b\xcf\xe8ra\xcdn\xbb\xdf\xf0\xf6w.\x0c\xc7\xd2\
\xf8\xbc9\xce\xef\xbb\xe9\x80`v0z\x85x~\x88\
|\x81t\x83\x84\x86\x8fj\x89\x92r\x8b_\x8d%\x90\
\x99\x06\x93\x9c\x05\x95\x96\x97#\x9a\x90\x9d\x93\x9fX\xa1\
\xa2\xa3\x86\xa5\x92\xa7Q\xa9\x0f\xab\xac\xad\x88\xafI3\
:\xabUq]5\xba\xa3\xbcp\xbe4\xc0\x9a\xc2o\
\xc4\xb9w\xc1O\xbd\xca*\xc6\x99\xc8n\xd0\xd1\xcc\xc7\
\xce\xc3\xd6(\xd2\x90\xd4m\xdc\xdd\xd8\xd3\xda\xc9\xbe\xb1\
\x0e\xb3\x85\xb5\xb6\xb78\xe9\x0d\xebz\xed~\xef\xf0\xf1\
\x0b\xf3y\xf5}\xf7.\xf9\xf4\xedK\xd3O\xd1\xbf:\
\x01\x07\x12,\x08\xe7 \xc2|\x0a\xd10l\xe8P\x0a\
\xc4\x88{&\xfe\xa9\x98%\xff!\xc6H\x1a\xd9p\xf4\
\xa0G\x9c\xc9\x19\x03R\xaa\x5c\xa9\xb2\xe4\xc9\x97'X\
\xcaL\xe9\x12\xa6M\x0c3e\xd6\xbc\xc9sBN\x96\
;{\xf6\xfc\xb92\xa8\xd0\x9bD[\xe69z4)\
\xcd\xa5L\x87:\xfd\x082\xa4\xa7\x91N\xb3\xce\xa4J\
\xc6\xaaH\xacZ\xc3>\xe5\xeau\xcdH\x02b\xc5r\
\x1dS\xf6*\xc7\xb4a\xd7n*{\x16\xaeV\xb9m\
\xeb\xda\x9d\xba6/\xd8\xbdD\xf1\xd2\xfd\x0b8\xe7\x0c\
Z\x9d\xa2\x8aC\xccI17\xc6\x93\x1c[\x83,I\
24\xca\x89,+\xc3\x8cH31\xce~<\xfb\x02\
\xddGt\x0a\xc1\x0c}|)\x1c\xb8\xefD\xd5XX\
\xffD]\x10v\x14\xd99i\xf7\xb3\x9d\x04\xf7V\xd7\
\xa9{\xac\xf6\x0d\x14xm\xe1\xb1\x89\x175\xbe\x1b\xf9\
m\xe5J\xc9\xbev\xde\x1bzJ\xd3\xd8\xb3k\xdf\xce\
\xbd\xbb\xf7\xef\xe0\xc3\x8b\x1fO^\xbb\xdf\xb7\xd6\x07\x08\
X\xcf\xbe\xbd\x80\x0b\xee\xe3\xaf?_1\xbdz\xf9\xec\
\xe1\xe3oO\xdf\xa1\xfd\xfd\xff\xeb\xe9\x07\xa0\x00\xfd\x1d\
\xf4\x1f\x80\x02\x02X\xe0?\x07\xee\x97\xe0~\x0b\xde\xd3\
 ~\x0f\xe2\x17\xe1;\x13\xcaW\xa1|\x17\xde\x92a\
|\x1b\x82\xc8\x05 \xe5\xf9Bb\x89#\xd2\x81b\x8a\
s\xach\xc5\x89.:\x01c\x8cG\xccHc\x116\
\x86\xd7a\x10Ud5\xe0\x8f\x10\x0e\x16H\x8fN\x01\
i\xa4{;\xe2@dRG6I\xa0\x909\x16\xe1\
\xa3\x93F&\xe9\xc2\x92DQY%\x94*>1\xa5\
\x96\x03Z\xd9\x02\x96?\x81\xf9\xa3\x98!\x90\x99\x93\x99\
\x03\xde\xe8\xe6\x9bp\xc6)\xe7\x9ct\xd6i\xe7\x9d\x9a\
\xd5\x07\xd7\x05,\xb1\x09`\x00\x80V\xa1gZ|\xae\
\xe4\xe7~\x80\x06 \xa8\x7f{Z\xd0\xe7\xa1\xf2%\xba\
\xa8\x81\x8dV\xf0(\xa4\xeeI\xfa\xc4\xa0b\x15\xaa\x12\
\xa6\xf1i*#\xa3\x84:j(\xa8\xed\x89\xda\x04\xa7\
ay\x9a\x12\xaa\xa9\x06\xba)\xa9\x9d\x9a\xfa)\xac\xeb\
\xa9\x8a\xe7\xae\xbc\xf6\xea\xeb\xaf\xc0\x06+\xec\xb0\xd9\xe9\
U*L\x89&\xab\xec\xb25\xcc&kl\xad\xc86\
+\xed\xb4\x01<\xdb\xaaM\xd4f\xbb\xac\xb5Z\xdd\xa4\
\xed\xb7\x80r\x9b\x95\xb7\xe0j+\xaeS\xe4\x96K\xed\
\xb9I\xa5\xab\xae\xb4\xec\x12\xe5\xee\xbb\xcc&\x00\x00!\
\xf9\x04\x09\x02\x00\x00\x00,\x00\x00\x00\x00\x80\x00\x80\x00\
\x00\x03\xffx\xba\xdc\xfe\x0a\xc8I\xab\xbd8\xeb\xcd5\
\xf9`\x08\x8d\xe4\xd2\x9dh\xaavaK\x94\xf0\xb3\xce\
t\xed\xb9`\xac\x9bv\xef\xaf\xb8\xdcN\xf7+\x1ao\
\xc1!\xf1\xc8l\x06?\xcaXsj|\xbe\xa2%\xaa\
\xb6g\xc5\xc6\x0c\xe0\xb0xL.\x8b\x0b\xe8\xb4z\xcd\
n\xab\xadp\xb8\x17f\xae\xdb\xc7\xee\xbc~\x1d\xef\xe3\
\xe6%w\x82u{\x85y~\x88B\x80\x10\x83\x8dx\
\x86\x90o\x89\x88\x8b#\x8e\x97\x06\x91\x9a\x05\x93\x94\x95\
\x0f\x98\x8e\x9b\x91\x9d~\x9f\xa0\xa1\x83\xa3\x90\xa5}\xa7\
\x0e\xa9\xaa\xab\x85\xadq6$\xb1`Tn[\xb7\x96\
\xb9\xbbm\xbd5\xb8\xc0S\xbc\xc33\xc5\xb1\xc1l\xc9\
\xca\xbf\xcc\xc7\xc2\xcf*\xcb\xa9\xcdk\xd5\xd6\xd1\xd8\xd3\
\xce\xdb(\xd7\xa1\xd9j[\xaf\x0d\xb9w\xb3\xb4\xb5]\
\xe8\x0b\xeav\xec{\xee\xef\xf0\x07\xf2\x84\xf4\x87\xf6I\
\xf8\xf9\xf4\x95\xe1\xd7\xcf\x9f\x0b\x80\x01\x05>\x22\xc8\xc6\
\xe0\x1f\x80\x0a\xc90l\xe3\xf0 \xc4\x88g&\xf2\xa9\
(\xe2\xff\x22F0\x1a7r\xfc\xd0(\x9c\xc9\x1a\x03\
R\xaa\x5cY\xf2\xa4\xcb\x14+c\x0eh\xf9\xb2\xe6\x06\
\x99,\x07\xd9\xdc\x99\x01\xa7J\x9a<\x83J\xf0\x99\x12\
\xa8P\x9eDg\xea<*4\xa9Q\xa65\x9d~\x04\
\x192\xcdH\x10I\xb3f\x9dJ\xb5*\xa7\xab\x04\xb4\
\x8a\xc5\xc95\x93\xd7\xafW\xc7\xaa\xfd\xc9\xf5,\xda\x91\
k\xd7\x96u\x0b6l\xdc\xb1s\xcf\xd6\xbd\x8b\xb7\xad\
^\xb0|\xc5\xe6\xf5\xba7pV\x1b\xf3\xd8A5\x99\
x\xd6\xe2p\x8dW=\xde\x16y\xd4\xe4j\x957]\
~\x96Y\xd3\xe6d\x9d#}\x1e\x16\x1a\xd2\xe8\x0e\x83\
5\xfa\xb0bx\xab\xdf\x90\xab\x9f\xb4\x96:\xd5k\xec\
 \xb3\x89\xa6\x9ex\x1bGn\x9f\xbb\x19\xf6v\xf1\x9b\
\xeck\xd5\x5cd\x17\x8f\x19\x9c\xe0\xf0\x16\xcb\x99\x1f\xe7\
\x9d\x1cwt\x95\xa7\xb3k\xdf\xce\xbd\xbb\xf7\xef\xe0\xc3\
\x8b\x1fO\xbe\xfcv\xba\x80\xaf\xa7\x14\xc0\xbe\xbd{\xf7\
\x18\xde\xbfG\x9fV\xfd\x00\xf9\xf8\x05\xc4\xcf/\x80>\
\x5c\xfb\xff\xfc\xbd\xb7_~\xfeqd\xdf}\x01\xb67\
 ~\x05Vt`\x82\x0a^\x10`\x83\x0e=\x08\xa1\
~\x12\xf2G\xa1A\x16B\xb8\xa0|\x1b\xfa\xd3a\x82\
\x1f\x0a\x98L\x22\xe6\x0d\x83b\x8a[\xac\xc8\x22\x15.\
\xbe\xe8\x04\x222\xc2Hc\x8d3\xfa\x81c\x8e}\x90\
\x17b\x8fS$u\xe1\x90\xf3\xfd\xd5\x0a\x15B\x12\xa9\
\xe4\x8f\xb6\x04I\x94\x92K\x1aY\x0a\x92OB9$\
\x93pP\xe9\x93\x95WJ\xd9\x89\x968qy!\x96\
V\x80)\x93\x98\x10\x92\xf9\x84\x991\xa1I\xe2\x8ep\
\xc6)\xe7\x9ct\xd6i\xe7\x9dx\xe69Z\x85\x86a\
\xb0\x9e\x9b\xfc\x05 \xe8\xa06\x8a\xd8\xe7\x05\x7f\x02\x8a\
\xdf\xa0\x84N\xc1g`~\x22\xa8\xa8|\x8c\x0aZ\xa8\
=\xadE:\xe9\xa2\x95^\xeaN\xa6\x88J\xbai{\
\x95\x06\xe0i-\xa0Z\x90\xe8\xa8\xec\x95zj+\xa9\
V\xb0*\xab\xae:\xca\xe1\xa1\xaa\x8aJk\xa7z\xf6\
\xea\xeb\xaf\xc0\x06+\xec\xb0\xc4\x16\xab]a\x90\xdaT\
\xea\xb22\xccV\x8a,_;5+\xed\xb2\xcf\xde\x15\
\xed\xb4\xd8\x0aZm\x5c\xd7f;\xed\xb6ku\xebm\
\xb3\xe0\xaa%\xee\xb8\xd4\xa6\x97lM\xe8J[\xeeX\
\xe7\xb6\xcbh\x02\x00!\xf9\x04\x09\x02\x00\x00\x00,\x00\
\x00\x00\x00\x80\x00\x80\x00\x00\x03\xffx\xba\xdc\xfe\xcc\x80\
I\xab\xbd8\xeb\xcd\xfb&`H@d\xd9H^\xaa\
\xael'\x86fL\xa2mm\xdf\xd9\x0b\xca\xfc\x89\xff\
\xc0\x9an\xd4+\xd2\x82\xc8$fX4*\x9fP\x00\
\xb3\xc9;F\xaf\xb7)5f\xc5zW\xdam\xc9@\
.\x9b\xcf\xe8\xb4\xb9\xc0n\xbb\xdf\xf0\xb8{H\xaf\xd3\
\xc5\x5c\xb5~\xbf\x96\xfb\xffsv\x82vx&|\x87\
z\x80\x8a~\x83\x8da\x85\x0e\x88\x92g\x8b\x95o\x8e\
\x980\x90\x10\x93\x9d\x06\x96\xa0\x05\x99\x99\x9b\x9c\x9e\x92\
\xa1\x96\xa3\x98\xa5\x0f\xa7\xa8\xa9\x8b\xab\x8e\xad\x91\xaf\x87\
\xb1\xb2\xb3\x83A\xae\xb7fWq\x04_7\xbe\xbfd\
\xc1p\xc3\xc45\xc6\xc7\xc9\x97\xcc\xcd\xb6\xc7]H\xc2\
\xd2-\xce\xbf\xd0s\xd9,\xdb\xb7\xddm\xcb\xdf)\xe1\
\xaf\xe3l\xe5\xe6\x1d\xe8\xa7\xea\xa2Q\xb5'\xd5j\xb9\
\x8a\xbb\x83\xf4\x11\xf6i\xf8\x80\xf4\x09\xe2\xb7\xc0\xdf?\
\x80\x8c\x04\xd6!\xa8\xc0 \x1a\x84\x09\x15>\xaa\xe5\x90\
\x12Da\x12'\xb6\xaa\xd8\xe7\xff\xe2\xa5\x8c:\x18\x1e\
\xe0X\xc6\xa32\x90/D\x92$c\xf2#\xca\x10\x9e\
\xda\xc9\xac1\xa0\xa6\xcd\x011g\xeaLq\xd3f\xce\
\x9d@5\xf4\xac\xf93\xa8\xd1\x0aCqv:\xca\x94\
B\xd2\xa2M\x83>]\x1a\xf5\xe8\xd4IU\xad\x0e]\
\xf9\xa9%\xb9\x97!\x92\x8a\x1d+\x96\xab\xd7\xaf`\x09\
\x90]\xbb\xd6\xecYQi\xd5\xb2\x9d\xbbu\xe5[\xb8\
i\xe9\xea\xf5i\xf7m\x5c\xb9{\xe9\xba=\xfb7\xb0\
\xde\xc1^\x0b\x1b\x9e\x8b\xb8\xa5\xe2\xc5k\x83\x1cD\x98\
\xd5\xdcd\x80\x95\xbf]\xc6\x979\xdb\xe6\x5c\x9d\xa5}\
\x8e\x15\x9a\xd9\xe8T\xa5\x89\x9d\x0e\x95\xfa\xcbjP\xad\
546\xc9\xce\xc6\x10\xc8lg{\xac-D\x07\xee\
\xb6}\x09\x03\xb9\xfd{\xac\xee\x8b\xbc[\x10/~\x95\
\xe3\xdd\xe4,\x963\xefy\x1c\x22t0\xbe\xa7\xd7%\
\xf9|xv\xed7\xab#\xbc\xaeB:\xf8\x01\xb1\xd3\
\xab_\xcf\xbe\xbd\xfb\xf7\xf0\xe3\xcb\x9fO\xbf>\xd3\xe7\
q\xcf\xdf\x14\xc0\xbf\xbf\xff\xff\xff\xfce\x00\xa0\x00\xf8\
\xe5\xa5_M\x03&\x18 \x06\x03\x16\x08\xd6\x81\x08*\
8\xa0\x80\x00:\xf8\x12\x84\x03H8!\x83\x15\xfa\x95\
\x1f\x84\x1a\x02H\xe1\x7f\x16\xa2\x84a\x88\xff\x8d\xe8_\
\x89 \x9d\x88b\x7f*\xf6\xc7bF.\xbe(@\x8c\
\x0bf\x93\x89}_\xec\xc8#\x16>\xfe\x18E\x90B\
>Ad\x91I\x1c\x89d\x10J.\xf9C\x93\xe9\xcd\
8\xca\x15I\xd9h%\x81\x1e*D\xe5PW\xda(\
%\x94@T\xd9%\x8a_b\xb2eOc\x92\x99\xa5\
@g\xee\x97\xa6\x86e:\xd2\xa6Mo\xc2\xb9\xa6>\
sFXg\x82q6\x92g\x86{&\xe8\xe4\xa0\x84\
\x16j\xe8\xa1\x88&\xaa\xe8\xa2\x8cV\xa5\xd0t8\x06\
*@\x00\x94VZ\xe9\x15\x8f2\x17i\xa0\x96v\x8a\
\xa9@\x90r(\xa9\x7f\x9dZ\xfa\xa9>\xa1^0\xea\
\x7f\xa5^:$\xa8\x9a\x8a\xba\xea\xa4\xad\x06p\xea.\
\xa9Z0k\x7f\xb5\xda\xfa*\xaa\xb1\xaa\xba+\xad\xad\
\xde:K\xae\x15\x0cKl\xa9A\x8d6\xeb\xec\xb3\xd0\
F+\xed\xb4\xd4V\xdb\xd4c\xbf\x05\xd5\xeb\xb6\x96b\
\x8b\x9b\xb6\xdcr\xeb-d\xe0\x86\xdb\xeb\xb8\x8b\x95k\
n\xab\xe8\x1a\xa6\xee\xba\x9d\xb6\x1b\xd8\xbb\xf0V*\xef\
^\xf4\xd6\x1b\xc0\xbdz\xe5[o\x02\x00!\xf9\x04\x09\
\x02\x00\x00\x00,\x00\x00\x00\x00\x80\x00\x80\x00\x00\x03\xff\
x\xba\xdc\xfe\xccH\x03\xaa\xbd8\xeb\xcd\xbb\xff\x1d!\
\x12Pi6\x13\x05\xael\xeb~#y\xceP\xfa\xde\
x\x1e\x8et\x8fN\xba\xa0\xf0\x16\xf3\x19\x0f\xb6\xa1r\
\xc9)\x1e{I\xa6T\xea|\xce\xa2\xd3\xac\xb0j5\
a\xb5`\x22\xaf{J\x99\xcf\xe8\xb4\xa4\xc0n\xbb\xdf\
\xf0\xb8;F\xaf\xdb\xef\x22rY\xcd\xef\x1b\xe4\x80\x81\
ox\x84\x85yz%~\x8ah\x82\x8d\x80\x86\x90v\
\x88\x89\x8b\x95k\x8e\x98s\x91\x9b\x87\x93\x0e\x96\x96\x99\
\xa2\x05\x9c\x9c\x9e\x0f\xa0\x95\xa3\x99\xa5\x9b\xa7\x9f\xa9\x8a\
\xab\x98\xad\x91\xaf?\xb1}\xb3\x8e\xb5\x90L\x11\xb9h\
Z\x9a\x22a:\xc0\xc1f\xc3m1\xc69\xc8\xc9@\
Y\xc4\x04\xce8\xd0\xd1*S\xd4\xd67\xd8\xd1\xcbl\
\xcd\xdd.\xdf\xc9\xe1\xa4#\xe4\xe5\x0b\xd9_K\xdc\xeb\
,\xe6\xc1\xe8\xe3J\xb7\xf4\xd9\xbb\x8d\xbd\x86\xf9\xed\xdc\
\x9d\xe1'\xc8_!\x80\x0a\x04\x0e$\xf8\xc8 \x1e\x84\
H\x14\xa6`\xd8\xd0\xa1$\x84\x12'R\x8cc\xf1\xff\
\x0e\xc4\x8c\x136r\xecX\xe7#\xc8?\x22\x07\x91\xa4\
c\x12dJ\x95+G\xe4\x92G3\xc7\x80\x9b\x03f\
\xd6\xdc\xd9\x02g\xceX<\x83\x82\xf0\xa9S\xa8Q\x0d\
D\x81\x1e]z!i*\xa6P\x018\x05\x15\x95\xe9\
TKU\x97^U\xf8\x92ZL\x9f`\xc3\x8a\x1d{\
\xf3$\xca\xae\xe9b\x8a \xcb\xb6m\xd9\x93h\xc5\xa9\
]\xeb\xb6nX\xb3q\xd3\xaa\xb5\xcb\x17'\xde\xb8s\
\xe9\xf6\xb5\xfb\x17m`\x02\x83\xf9\x16\xeez81a\
\xb8\x80\x03;\xae\xcbD\xa3\xc8\xac\xf2,o\xc4\xbcN\
3E\xce\xe4<3\x04\xddM4A\xd2\xd6L\xf3C\
\xedL\xf5.\xd6\xc6\x5c\xcf\x82\x9da\xf1\xcb{9b\
Lvk;%n\x1c\xbaw\xb3\xed-\xf2\xb7\x18\xc1\
\xc2\xc5\x12\xdfh\xfcE\xf0\xe4\xca!\x1bV\x17\xe49\
t\xb0\xcb)6wa\xfd\xba_\xe9\x8c\xa9\xeb\xe8\xee\
\xfd\xa7\xcb\xc8\xc5\xaa\x8f(\x0f\x96\xb6\xfb\xf7\xf0\xe3\xcb\
\x9fO\xbf\xbe\xfd\xfb\xf8\xf3\xebg\x9a\xb71{\x9c\xff\
\x02\x04(\xe0\x80\x04\x12\xb8\xc1\x80\xfdI\xf6\xdfM\x05\
6\xd8\xe0\x81\x02&8\xd7\x82\x0c:ha\x80\x10\x06\
(\xe1^\x14^xa\x86\x02l\xf8U\x87\x1e:\x08\
\xa2\x88+Q8@\x89&j\x80 z\x1c.\xc8\xe2\
\x83.F\x08\xe3\x882\xceh`\x8d\x18\xd6\xc4\xc9~\
\xc6\xfc\x08$\x18B\x0e\x99E\x91FR\xb1I\x92G\
.\xc9\xa4\x92\x91<\x09\xa5/\xf1\xa1h\x90\x16>\xe9\
\xa8e\x887:\x84%\x80[\xceh\xa5?_V\x18\
f\x89c\xf6R\xe6\x8ag\xa2\xd9\xe5\x95Yd\xd9\xa6\
\x87i\xd6\xb2\xe6\x9ct\xbeIf\x9c`\xe2\xe9`\x9d\
\xad\xdc\xe9g\x8bR\x16j\xe8\xa1\x88&\xaa\xe8\xa2\x8c\
6\xeahV\xbd\xb0\x07\xe2\xa0\x01Tj\xe9\xa5\x95j\
\x11iy\x93\xfa\x89\xe9\xa7\x01hZ\x8b\xa4<\x0e*\
\x00\xa8\x98\x8a\xda\x0a\xa9\x19\x98* \xaa\x97\xaaZ\x0a\
\xab\x18\xb8\x1a \xac\x96\xca\xca\x09\xad\x17\xd8z*\xae\
\xa16\xb9*\xa7\xa5R\x0a\xac\xae\x9b\xf0j\x81\xaf?\
\xc0\x06\xfb\xe8\xb3\xd0F+\xed\xb4\xd4Vk\xed\xb5B\
\xf9\xe7\x9dQ\xcd\xa2\xaa\xedu\xdcv\xfb\xe9\xb7\xd0\x85\
+\xee\xa5\xe4&g\xee\xb9\x95\xa6+\xdc\xba\xec\xba\xbb\
\x1b\xbc\xe7\xca;\x19\xbd\xe2\xda\xeb\x18\xbe\xdd&\x00\x00\
!\xf9\x04\x09\x02\x00\x00\x00,\x00\x00\x00\x00\x80\x00\x80\
\x00\x00\x03\xffx\xba\xdc\xfe\xcc\xc8i\x80\xbd8\xeb\xcd\
\xbb\xff\xa0G@d\xd9PS\xa8\xael\x1b\x8ef\x0c\
\xa1\x92k\xdf\xb8(\xef'\x9d\xff@\x1b\x8c\xc7\xa3U\
\x82\xc8dgH\x94\x19\x95\xd0(\x80\xd94=\xa5X\
 \xb5J\xbaf\xbfB\xae\xd3H.\x1b\x0b\xe8\xb4z\
\xcdn\xab\x09\xf0\xb8|N\xaf\xcb\xc51\xb3^\xef\xee\
\xfb\xd7v\x81\x82sxV{\x874\x7f\x8a}\x83\x8d\
\x81\x85%\x88\x92\x13\x8b\x95\x80\x8e\x98w\x903\x93\x92\
\x96\x9f\x05\x99\xa2[\x9b\x0a\x9d\x9e\xa0\x95\xa3\x99\xa5\x0f\
\xa7\x88\xa9\xaa\xab\x8e\xad\x0e\xaf\x87\xb1\x8b\xb3\x8eR\x07\
\xb7zX\xa1t`8\xbe\xbfe\xc1u\xc47\xc6\xc7\
^P\xc2s\xcb6\xcd\xce(\xc9\xc3\xd3-\xd5\xd6)\
R\xd1r\xda\xdb\xdd>\xdf\xca\xe2+\xdc\xe4\xd8\xd2\xe8\
*\xea\xdd\xec\xe1@\xb5=\xe4\x14\xb9\x8a\xbb\x8d\xf5\x11\
\xf7\xf8\xf9\xfc\xec\x1b\xd4o\xc1?\x80\x01\xdd\x0c\x14T\
\xd0\xd4A\x09\x09\x19-\xb4\xd3\x10^\xb7\x88\x0a'\xd6\
\xa9\xf8\x10\xff\x22F6\x1a76\xech\xe0#\xc8\x90\
\x84Fv4y\x09e\x1cg\xeeb\xda\x18\x00S\xa6\
M\x154\x8f\xdd\xdc\xf9!\xe7/\x9e@7\xf8\xbc\x15\
\xb4\xe8\x85\xa1\xaf\x8c\x1aEzJiQ\xa6\x9d\x9c\x06\
\x85z\x91e\x1a\x97r\x06h\xdd\xca\xb5\xab\xd7\xaf\x5c\
IZ\xbd\x8a\x15\x0e\xd8\xb3h\xbb\x8a\x1d\x0b\xcee\xda\
\xb7g\xd7\x8e-k\x16\xae\xdd\xb0+\xd9\xd2%p\xb7\
/Ukl\xdb\xa2\xf4{W\xae\xd5\xbd\x84\xed\x1af\
\x898\xf1[)%\xc7JE\x17\xd9\xeadq\x95Y\
^\xd6\x96\xd9\xe4\xe6i\x9d?~^\x16\x1a\xe3hb\
\xa5#\x9e\x06\x93:\xe1\xea\x0b\x8bM\x9e\xcb\xc1\xd7q\
\xda\xd8\x1fg\xe3\xa8m;n\xde\xb9\xd9h\xf7F\x8b\
\x1b\xa3\xee\x1b\xbc\x87{-\x1e\xf1\xb8\x10\xe5`\x99'\
t\xee\x229\xf4\xad\xd2\x03Roa\xfd\xfa_g\x81\
\xb7\xb3\xe8~\xfd\xb5\xf9\xf3\xe8\xd3\xab_\xcf\xbe\xbd\xfb\
\xf7\xf0\xe3\xcb/\x1a\x9e\xae\xf7\xae\x02\xf2\xeb\xdf\xcf\xbf\
\x7f~\x0e\xff\x02\xd4W\xd6}\x5c\xf9g\xa0\x81\x00\x0a\
\x88\x15\x81[\x1d\xe8\xe0~\x09\xeae\x1f\x83\x03<h\
a\x84\xc0\x0dH\xa1\x85\x0fbx\xd8\x84\x0cr\xe8\xa0\
\x87\x8c\x81H\xa0\x88\x07\x92(\x9b\x89\xf7\xa1\x88\xe0\x06\
\x02\xec$\xca|`\xccHc\x166\xde(E\x8e:\
B\xc1c\x8fI\xfc\x08d\x10B\x0e\xf9C\x91\x9b)\
\x88\x12\x16\x15\xba\x88\xa2\x92!1\xe9\xe4\x93\x12b%\
\xe5\x94\x1cB\xa9\xd1\x95X>\xa8\xe5D\x5cvy\xe0\
\x97\x0b\x85)\xa6\x7fd\x0ed\xe6\x99\xfc\xa5\xb9\xcf\x9a\
l\xeag\xe4\x9ct\xd6i\xe7\x9dx\xe6\xa9\xe7\x9e|\
\x8e6\x0a\x85\x00\xc6\x19\xc0\xa0\x84\x16j(\x16\x7f2\
\x18(\x9b\x866Z(\xa2\xa2\x00\x0a\xa3\xa0\x8e:\x0a\
i&\x92j\x10\xa7\x00\x95Z\xbac\xa4\x8aN\xcah\
\xa7\x87~\x8ai\xa8\x9aRJ*\xa1\x97b\x92i\x06\
\x9b\xae\xfa\xa8\xa9\xae\xa2\x0a\xab\xaa\xb2\xf6\xa9\xeb\xae\xbc\
\xf6\xea\xeb\xaf\xc0\x06+\xecM\x8d\x11\xc8\x93\xac\x86\x16\
{\xdf\xb1%\xc8\x12\xaa\xacw\xcc6\x1b\xc0\xb3\xe5\xed\
$\xed\xa0\xd4B\x17m\xb3\xd9*\xb7-\xb2\xdd\x0e\xf7\
\xad\xac\xe1\xf66\xee\xaa\x09\x00\x00!\xf9\x04\x09\x02\x00\
\x00\x00,\x00\x00\x00\x00\x80\x00\x80\x00\x00\x03\xff\x08p\
\xdc\xfe02C\xabU8\xeb\xcd\xbb\xff`\x08Jd\
\xd9X\xa8!\xael\xeb\x8af\x1c\xa5\xd7k\xdf\xb8'\
\xef'M\xe5\xc0\xa0\x8d\xc7\xf3\xfd\x84\xc8\xa4\x8e(3\
\xaa\x94\xd0(\xb3i\x8cZ\x93\xd3\x98\xf3\xca\xc5e\xa9\
\xce\xb0\xb1@.\x9b\xcf\xe8\xb4\x99\xc0n\xbb\xdf\xf0\xb8\
\xfb\xab\x15\xdbS\xea\xbc\xfe,\xef\xfb\xdft&w\x83\
\x15{\x86y\x7f\x89}\x81%\x84\x84\x87\x90|\x8a\x93\
s\x8c\x12\x8e\x83\x91\x9a\x05\x94\x9d\x04\x96\x97\x98v\x9b\
\x91\x9e\x94\xa03\xa2b\xa4\x90\xa6\x93\xa8\x10\xaa\xab\xac\
\x86\xae\x8a]\xb2c\x05Wr]9\xb9>d\xbcq\
\xbe8\xc04\xc2V\xbd\xc56\xc7x\xbb\xca\xc4\xcc/\
\xce(\xc9Q\xcb\xd3-\xd5\x16\xd7P\xd9\xda+\xdc\x85\
\xd0\xd8\xd2\xe1\xe2\xe3\x06\xdeJ\xe0/\xb0\x0f\xea\xe4\xb4\
z\xb6\x89\xf0\x0e\xf2\x14\xf4{\xf6\x7f\xf8=\xe4\xf1\xab\
\xe7o\x11\xc0\x03\xfa\xd6\x0dTS\xd0 \xc0\x84\x0b\x19\
6\x8cs\x10\xa1\xbe\x88i&R<\x08\x11\xff\xa3$\
\x8d\x95\x1e^\xf4\xb8\x06\xa4\x1b\x05\xc7\xd0\xa94\x06l\
\xa5K\x17)_\xca\x0c\x11s\xa6M\x0e5o\xeaD\
\xd9r\xa7\xcf\x9c>m\x02\x0d\xea\xb2#I2&\xdd\
\x0cX\xca\xb4\xa9\xd3\xa7P\x9b\x1a=\x9a\xb4M\xd4\xab\
X\x9dN%Y\x95M\xd6\xafW\xb7z\xecJ\x00\xac\
Y\xad#\x8fr\xeaz\xb6\xed\x00\xb1\x18\xc9\xba=\x0b\
7\xa2\xdc\xb9`\xeb.\xbc\x8b7k\x17\xb5l\x88\xaa\
\x04L@0:\xc2\x86\xc3!N<m1\xe3b\x8e\
\x1f\xff\xa5ZX\xb2\xaf\xc8\x8c\xf5\x0e\xf4\x13\xa4/V\
\xcd\xfc8\x03\xf1\x1c6-ew6HG\x05MO\
t\x0e\xd5PY\xd3r\x8d\x03\xf6S\xd9\xach\xdf\xb0\
\x8dV\xa0\xda\xb5\xa8_\xf0\x96j\x9ak\x9f\xce\xc3\x97\
Z^\xce\xbc\xb9\xf3\xe7\xd0\xa3K\x9fN\xbd\xba\xf5\xeb\
\xd87\x10\xae\x9a\xbc\xa9\x80\xef\xe0\xc3\x8b\x1f/\xbe\xc3\
\xf6\xa4\xdd\x99\x92_\xcf\xfe\xbb\xf9\xd3\xe8\xd3\x0fhO\
\xbf<\x87\xf3&\xe5\xcf\xaf\xcf\xff\xbdq\xee\xff\xf2\xf1\
\xd7\xdf}\xf0\xe5\x17\xa0\x80\xf4\xf97\x16[\x07\x22\xc8\
\x9e\x82q1\x98\x9e\x83\xed\x196\x89r\xd9\xf9r\xe1\
\x00\x19j\xa8\x08\x86\x1d\x0e\x93\x08\x88!\x9a3\x22\x87\
%Fsb\x8a*\xfeA\x22\x8bHl\xb8\xdco\xc0\
\xc5w\x05\x85\xfc\xd1x\xd7\x8d8\xd2\xa7#\x83<\xf6\
\xc8\xde\x8f\x00\x06)$yD\xdah\xc5\x91C\xfe\xb6\
\xe3\x92L\x22\xe9$\x90PF)^\x92\x06\x1ai\xa5\
{0v\xe9\xe5\x97`\x86)\xe6\x98d\x96i\xa6u\
\x1bN(@\x07L\x06\xe0\xe6\x9bp\xc6\xf9\xa6\x88.\
\x1e\xc8\xe6\x91r\xe6\x19'\x9d~\xe8\xc7\xe5\x06m\xea\
)(\x9f}\xf8\xb9&\x07\x81\x0a\x9a'\xa1r\x18z\
\xa7\x90\x8a\xea\xc9h\x1c\x8e\x22\x8ag\xa4rN\x0aG\
\xa5\x80^\x8a)\x9c\x9a\xbe\xc1\xa9\x06\x89~\xea\xe6\x99\
\xa8\xa6\xaa\xea\xaa\xac\xb6\xea\xea\xab\xb0\x06\xc5Ww\x7f\
\xbed\xea\xac\xc9\xd5\xea\xd2\xad\x12\xd2z\xa8L\xbc\x02\
\xa8\xa6M\xc1\xc67\xecL\xc5\x1ax,\xb0\x0e\x9f\xe2\
:\x9c\xae+%\x0b\xd2\xa8\xbb~\x9a\x00\x00!\xf9\x04\
\x09\x02\x00\x00\x00,\x00\x00\x00\x00\x80\x00\x80\x00\x00\x03\
\xff\x08\xaa\xd7\xfe0FC\xab\xad+\xeb\xcd\xbb\xff`\
(Jd\xe9\x5c(%\xael\xeb\x8ef\x0c\xa5\xe8k\
\xdf\xf8'\xef\x0d}\xe5\xc0\xa0\x8d\xb7\xf3Y\x84\xc8\xa4\
\x8e\x183b\x94\xd0(\xb3\xe94D\xaf\xc9\xa9\xa9j\
\xc5z]Z\x1ew|)\x98\xcf\xe8\xb4z\x8d&\xb8\
\xdf\xf0\xb8|\x0e\x0f\x17\xc9x\xb6~\x9f\xa6\xfb\xffq\
v2xy|\x86l\x80\x89~\x82T\x84\x5c\x87\x90\
}\x8a\x93u\x8c%\x8ec\x91\x9a\x05\x94\x9d\x04\x96\x97\
\x98U\x9b\x91\x9e\x94\xa0$\xa2\xa3\xa4\x87\xa6\x93\xa8\x12\
\xaaN\xac\xad\xae\x89_\x0b\xb2ehXt\xb88\xba\
\x16i\xbds\xbf7\xc1\x15\xc3W\xbe\xc6/\xc8\x14\xca\
Q\xcc\xcd-\xcf\x06\xd1P\xd3\xd4+\xd6\xd8J\xda\xdb\
!\xdd\xbc\xcb\xc5\xe1\xdc\xcf\xdeI\xe0+\xb0\x13\xd6\xc2\
\xb4|\xb6\x89\xee3\xf0\xc9\xf2{\xf4\x80\xf6\x0f\xf8\xf9\
\xf4!\xe2\xb7\xc8_\x0f\x80\xd7\x04\x0e$8\xc7\xe0A\
\x80\x0a\x172\x0c\xe4\x10a\xc2\x88\x92&R4h\x11\
\xff\xa3\x1a\x8dr\x1c\x1e\xe8\xe8\xb1\x0dH8\x1a\x82\x9d\
[iC%\xcb\x97\xe8d\xc1\x9c\x09\xc2%\xcd\x9b)\
u\xe1\xdc\x99K'\xcf\x9d6\x7f\xd2\x0c*4\x1c\xc9\
\x92fN\xc2\x19\xc0\xb4\xa9\xd3\xa7P\xa3:=\x8aT\
\xe9\x1b\xa9X\xb3>\xa5Z\xd2\xaa\x1b\xad`\xb1r\xf5\
\xe8\x95@\xd8\xb3[\x11\x22=S\x16\xad\xdb\x01c1\
\xb6}{6n\xc4\xb9t\xc1\xdaU\x887oVc\
dQ\x16\xdd\x16\xf8\xcd`\xc2r\x05\x1f\x06\x9c\xd8\xf0\
b\xc6w\x15?\xfeR\xd8\xcd\xe4_\x95\x09\x5c\xc6\x95\
\xf9\xf1^\x81\x8a\x82\xf8\x8d\xfaY_h \xa3\xa1\x96\
\x96w:G\xea\xb4\x10\xd7r\xba\x85\xfau\xd3\xd5\xb4\
Z\xe3\xb0}[\xadl\xdd7x3\xc5\xcd\x0a\xb8\x0d\
\xe1p}\xaf5\xfe\x02\xf9\xe6\xe7\xd0\xa3K\x9fN\xbd\
\xba\xf5\xeb\xd8\xb3k\xdfn=3H\xe4O\x05\x88\x1f\
O\xbe\xbc\xf9\xf3\x02:x\xd7\x08\xde)\xfa\xf7\xf0\xc5\
\xabo\xac\xb4}\xd3\xf8\xf8\xcd\xcf\x8fl\xd5>\xd3\xfc\
\xff\x00\xca\xc7\xc1z\x13\xf97@\x80\x00\xee\xc7\x97W\
\x06\x22\x98\x9f\x82\xa01\xe8\x9f\x83\xf8Ah\x9a\x84\xf6\
Q\x18\xdf`\x80<\xc5\xdd/\x1d:\xf5!.!6\
5\xe2\x17%2u\xa2\x17)\x0e\xb0\x221~x\xf8\
\xa24\x7f\xc88\xe375\x8a\xb8\x98l\xb3\xf5\xa7c\
\x14\x1a\xa2\xc7c_.^\x11\xe4yCb\xa8\xa2\x91\
G\x96\x97\xa4\x8f&2\xd9\xe4xO\xd6\xf7#\x14S\
\x92W\xe5I6b\x99\xa5x[~w\xa5\x12_\x82\
\xf9\x9b\x92E\x02Y\xe6\x8dl\xb6\xe9\xe6\x9bp\xc6)\
\xe7\x9ct\xd6\xf9a\x8b\xc8\x95\xd7\x81\x86\x01\xf4\xe9\xe7\
\x9f\x80\x06\x0a#\x1d\x0d\x92\xb7'\x85\x81&\xaa\xe8\xa0\
s\x14:\xde\xa1\x0e**\xe9\x9f\x8c\xca\xe1\xa8\x80\x1b\
\xf09\xe9\xa4\x95\xc6qiz\x1ch\xba\xe9\xa2\xe5\xc4\
8\xa1\xa1\xa1\x22:*\xa94\x9a\x9a!\xaa\x99\xaa\xba\
\xaa\xa0\xa5\x12z\xea\xa3\xa9F:+\xadv\xf6\xea\xeb\
\xaf\xc0\x06+\xec\xb0\xc4\x16K\x13\x91y\xc2\xfa\xd2\xa6\
-\xc8\x0a\xa7\xe7L\xcc\xa2\x99,\xae0E\x0be{\
\xcfV;i\xb3\xbce\xbb\xec\xb6\xd2:\xab,K\xd6\
Z\xf9*\xb5\xdfJ\xca\xadm\xde\x92;i\x02\x00!\
\xf9\x04\x09\x02\x00\x00\x00,\x00\x00\x00\x00\x80\x00\x80\x00\
\x00\x03\xff\x08\xbaz\xfe0\xcag\xaa\xbd\xd8\xb0\xcd\xbb\
\xff`(\x8e\xcbd\x9eYj\x91l\xeb\xbe\xde)G\
\xaa\x0a\xdfx\xce\xcd\xfcQ\xa7\xba\xa0\xb0\xd5\x9b\xfd2\
\xc3\xa4\xb2S\x94\x1d1\xcb\xe8\xb2\x89z\xae\xa4\xd8 \
\xd5d\xbdf\xbf\xa1m\xb3K\xb6\x14\xce\xe8\xb4z\xcd\
N\x13\xde\xf0\xb8|N\x8f\x8b\x8b\xe5r{\xcfW\xd7\
\xff\x80rw=yd}\x87{\x81\x8a\x7f\x83<\x85\
]\x88\x91~\x8b\x94v\x8dN\x8fO\x92\x9b\x05\x95\x9e\
\x04\x97\x98\x99?\x9c\x92\x9f\x95\xa1U\xa35\xa5\x91\xa7\
\x94\xa9\x5c\xab\xac\xad\x87\xaf\x8b`\x1b\xb3\x06mXu\
\xb97\xbb\xbdR\xbf\xc0/\xc2l\xbet\xc6\xc7\xb3\xc3\
Q\xc5\xcc,\xc8k\xcas\xd2-\xd4j\xd6r\xd8\xd3\
\xce\xc9\xc4\xcb\xde#\xdai\xdcqD\xb1\x12\xbb*\xb5\
\xb6\xb7\x81\xeb\xec\xed\x19\xef}\xf1\xf2\xf3\x10\xf5\xf6\xf7\
\x89\xf9\x18\xed\xa3\xd0\xef\xc2?\x80\x01\xe9\x0c$X\xb0\
\xc2\xc16\x09\xeb,t\xd0\xd0\xcc\xc35\x11\x15N\xac\
\xe8\xf0\xff\xe2\xa4\x8c\x96\x16r\xe4\xe5\xd1\x0d\xc8t\x1d\
v\x91[\xe9B%\xcb\x97\x22\x5c\xc2\x9c\x99r\x16\xcd\
\x9b\xbal\xe2\xdc)s'\xcd\x9e>a\x02\x0d\x0al\
dI\x93'\xdf\x0cX\xca\xb4\xa9\xd3\xa7P\x9b\x1a=\
z&)\x9c\xa8X\xb3:\x9dJ\xd5\xaaR\xad`\xa3\
r=\xea\x95@\xd8\xb3[9R\xad\xea\x15\xad\xdb\x01\
cK\x96}\x8b6\xae\xc7\xb9t\xc3\xda\xbd\x887\xaf\
Vi\x07\xa3\x115\x16x\xdc`\xc2\xff\x04\x1f\x06S\
\xf8\xdab`\x8d\xbb=\xce\x15\x19\xe5\xe4/\x95\xe1\x5c\
f\x9c\xd8\xb0\xcf\xbd\x0f=\x05\xf1+U\xedZ\xd1:\
H3\x05\x9d\x19\xd0h\xd5pMw\xad\xf4Z5\xeb\
\xce\x94j\x93\xbe}\x0fu\x0e\xd8\xb1+\xae\xedD;\
5l\xde\xef|\xe3\x00\xbe\xb9\xb9\xf3\xe7\xd0\xa3K\x9f\
N\xbd\xba\xf5\xeb\xd8\xb3_o\x1d\x11xT\x01\xe0\xc3\
\x8b\x1fO\xbe\xbcx\x0f\xdc\x13z\x87j\xbe\xbd\xfb\xf1\
\xe8q']\xff\xf4\xbd\xfd\xf6\xf1{\xb7\xa5\xdf\xf4\xbe\
\x7f\xf8\xff\x1d\xa4\x17\x10\x7f\xfd\xfdg`~\xc9\xedG\
\xe0\x00\x06\x1e\x18\xa0|'-\xb8T\x83\xff!XK\
_\x04R\xe8\xdf`uD\xa5].\x1dB\xf5!\x18\
!>5\xe2\x17%:ub\x16)6\xb5\x22:W\
\x89\xf8\x224tx8\xe3\x12-25\xd8p\x18\xba\
(\x85\x86\xe3\xf1\xa8\xa0\x8a?\x02\x19\x9e\x90V\xd9\x18\
\x85\x91G\x9e6\xa4\x8fK2)\x00\x92\xf3\xc9\x18%\
\x93TFh\xe5\x12RN\xe9d\x92[*\xd1e\x96\
 )\xc9\xa5\x947\xa6\xa9\xe6\x9al\xb6\xe9\xe6\x9bp\
\xc6)\xe7\x8a9\xaeg\x9e\x07\x06\x06\xa0\xe7\x9e|\xf6\
\xe9\xe7\x9e0~\xb5\xe0\x9d\x1d\xe4\xf9\xe7\xa1\x87\x06j\
\x96\x84\x84r`(\xa2\x90\x02*\xce\x1c\x122X\x1e\
\x9e\xffE\xaai\x00\x8aV\xda\xe8\x06\x8fn\x9a\xe8\xa4\
rxzi\xa1\x99\x8a\x8ah\xa7\x8c\x9e\xeah\xaa\xaa\
\xfe\xc9\xea\xa0\xae\x82\x0ak\xac}\xce\xa9\xeb\xae\xbc\xf6\
\xea\xeb\xaf\xc0\x06+,L=\xd2\xf7\xe9J\x87\x16k\
g\xad*\xc8\xfe\xa9\xacw\xc7\x92\x93\xec\x93\xc62+\
\xad\xb3\xd4.K\xdeL\xd3\x82I\xeb\xb60u[\xe5\
\xb7\x00\xbe$\xae\x96\xe4\x9e\x17\xee\x9f\x09\x00\x00!\xf9\
\x04\x09\x02\x00\x00\x00,\x00\x00\x00\x00\x80\x00\x80\x00\x00\
\x03\xff\x08\xba\x0c\xf70\xcai\xaa\xbd\xf8\xb6\xcd\xbb\xff\
`(rSifh6\xael\xebvf\x1c\xa5t\
\xf5\xdex\xbe\xc9|M\xeb\xc0 \x8b'\xf3\xa5\x84\xc8\
$\x89x2\xaa\x94\xd0$\xb3\xe9\xd4D\xaf\xc0i\xa9\
\x8a\xc1z?\xda\xf0\x81K6\x14\xce\xe8\xb4z\xcdN\
\x13\xde\xf0\xb8|N\x8f\x8b\xb5en{\xcfW\xd7\xff\
\x80rwSyU}\x87{\x81\x8a\x7f\x83L\x85N\
\x88\x91~\x8b\x94v\x8d=\x8f>\x92\x9b\x05\x95\x9e\x04\
\x97\x98\x994\x9c\x92\x9f\x95\xa1E\xa3\xa4\xa5\x88\xa7\x94\
\xa91\xab\xac\xad}\xaf\x8b_\x1d\x99}Wu\xb97\
\xbb|\xbdt\xbf/\xc1{\xc3s\xc5.\xc7m\xc9r\
\xcb-\xcdl\xcfq\xd1,\xd3k\xd5p\xd7+\xd9j\
\xdbo\xdd#\xdfi\xe1\x04\x22\xb1T\xb3\x18\xb5\x87\xb7\
\x8a\xea[\xec\x19\xee\xb6\xf0\x80\xf2\x14\xf4\xed\xf6\x89\xf8\
\x8c\xf4\xcd\xe0w\xc1\xdf?\x80t\x04\x0e$X\xc1`\
\x1b\x84u\x14B`h\xc1!\x1b\x88\x09%\x8e\xa1h\
\xc6\xff\xe2$\x8c\x96$r\xec\xe8\x11\x0dHh\x1f\x8e\
\x8d[)\xed\x11\x1a\x960E\xa8\x8cIS\x97\xcb3\
5s6\x98\xa9S'\xcf\x9e5\x7f\x02\x8d)t\xa8\
\x97\x91%\xdd\x9c\x843\xa0\xa9\xd3\xa7P\xa3J}\x8a\
4\xe9\x99\xa5L\xa7j\xddJ\x95\xa3\xd5\xabX\x09p\
\x1d\xab\xb5\xaa\xd5\xb0b\xc9\xaa\xedJ\xf1k\xa7\xb0k\
\xe3\x0e0\x9b\x14\xad\xdc\xb5tK\xda\xbdK6\xaf\xc7\
\xbd|\xb9\x8es\x17\xc8\xe85\xc2\x80\x0cGC\xfcG\
\xf12\xc6\xbe\x1c\xff\x82LLr.\xca\xca,\x7f\xc1\
\x8cR3\x16\xce\xd6z\xfa\xb5\xf8\x0aH\xe0\xb9^\xbf\
\x96\xd6qz\xb4\xc3\xd59Z\xa7>{\xcat`\xd7\
\x06a\xe3\x90\xddVum\xd6\xb7g\xd7\xfd\x1d;x\
o\xda\x9fl\xf3\xf5\xcc\xbc\xb9\xf3\xe7\xd0\xa3K\x9fN\
\xbd\xba\xf5\xeb\xd8\x9d\xbf\xe4\x00\x1a\xe1i\xae\x02\xc2\x8b\
\x1fO\xbe\xbc\xf9\xf1\xdb7t\x07\xf8}\xeb\xf9\xf7\xf0\
\xc9\xa7o\xb0\x1e_{\xad\xf1\xf3\xbf\x9f\xcf\xa0>\xbc\
\xfb\xffS\xe9'\xa0|8qW\x0b`\x00>5\xe0\
\x82\x02\xf0\xb7\x80\x7f\xb7$\x18\x15\x83\x03:\xa8\x00\x84\
\xafH\x08\x15\x85\x02Z\x08\x00\x86\xa7h\xa8 \x87\xf9\
I&\x87`\xd9}q\xe2V)\xaa\x18\x07\x8a-V\
\x03c\x8cP\xac\xa8\x15\x8d2\xb2\x88c\x8d/\xea\xb8\
c\x126N\x05\x94[\x08Ju\x05\x89\x0d\xfa\x86\xd5\
\x8cI I$\x5c>*\xe1\xa4\x92K1\x89\xc4\x94\
\xc8U\x19e\x93$>\xb9\xe4\x96WvI\xe5IV\
\x0a\x81\xe5p_\xde\x18\x05\x92?\xb6\xe9\xe6\x9bp\xc6\
)\xe7\x9ct\xd6i\xe7\x8fAj\x18_\x07\xfa\x05\xe0\
\xe7\x9f\x80\x06*\xa8\xa09\x8a8\xc0\x9e\x1c\xf49\xe8\
\xa2\x8c\xfaY\xa8\x88\x88n\xa0h\xa3\x94\x02\xfa\xa8\x9e\
\xf0\xf1\x99_\xa5\x9c:\x1aE\x9e\x12F\xda\xc0\xa4\x9d\
6zi\xa8\x99&\xbai\xa9\x94\x9e\x9a\xa0\xa8\x0c\x90\
\xca\xea\xa0\xae\x02\x08\xeb\x02\xb2\xce\x1a\xe8\x9d\xbc\xf6\xea\
\xeb\xaf\xc0\x06+\xec\xb0\xc4\xaeT$\xaa\xef\xd1\x14\xe8\
\xb1/\xaf\xa6\x0a\xd3\xb2P\x1azk7\xd0\xa6\x09\xa9\
\xb3,U\xab\xa5\xb4\xd8\xae\xa4-\x99\x86\x1e\xda\xed8\
\xdf\x82\x14\xae\xb8\xc9\xc6T.F\xe7N{M\xa0\x09\
\x00\x00!\xf9\x04\x09\x02\x00\x00\x00,\x00\x00\x00\x00\x80\
\x00\x80\x00\x00\x03\xff\x08\xba\xdc\xf70\xcag\xaa\xbd8\
\xd7\xc6\xbb\xff`(\x8e\xdddFZ\x9a\x92l\xeb\xbe\
\xde)\xab\xf4\x05\xdfx\xce\xc9g\xed\xeb\xc0`\x8bg\
\xf2\xd5\x84\xc8d\x89(1\xd2\x94P%\xb3\xe9\x5cE\
\xaf\xc0)\xaa\xaa\xc1zw\xda0\x85[-\x98\xcf\xe8\
\xb4z\x8d&\xb8\xdf\xf0\xb8|\x0e\x17\x8b\xc9e\xb6~\
\xdf\xa6\xfb\xffuvZxN|\x86z\x80\x89~\x82\
\x83\x84>\x87\x90i\x8a\x93q\x8cS\x8e\x8f\x91\x9a\x94\
\x9c\x04\x96L\x985\x9a\x9b\x9d\x93\x9fD\xa14\xa3\x91\
\xa5\xa6\xa73\xa9)\xab\x90\xad\x8a_\x22d\x91Wt\
\xb77\xb9\x90\xbbs\xbd0\xbf\x87\xc1r\xc3/\xc5\x86\
\xc7q\xc9.\xcb|\xcdp\xcf-\xd1{\xd3o\xd5,\
\xd7z\xd9n\xdb$\xddl\xdf\x04\x1f\xaf\xb0\xb1\x19\xb3\
\x87\xb5\x89\xe8=\xea\xeb\xec|\xee\x80\xf0E\xf2\x18\xf4\
\xf5\xf6\x8b\xf8T\xf4Y\xe0\xb7\xc7\xdf?\x80\x10\x04^\
 \x88\xc8\xe0\x1c\x84[\x14\x1a`\xc8\xc6\xe1C\x88c\
$R\x5ccQ\xff\x0e\xc6\x8c\x0a7\xaa\xe9\xe8L\x1c\
\x975\xe1RB;\xa9F\xa5\xcb\x11\xdd^\xca\xfc\x10\
s\xa6M\x065o\xde\xcc\xa9s&\xcf\x9e/\x7f\x02\
\x85\x22\xb1\x82HI$\xdf\x0cX\xca\xb4\xa9\xd3\xa7P\
\x9b\x16\x9dx\xf4LR\xa5Q\xb3j\x95Z\xb4\xaa\xd5\
\xab\x04\xb6\x8a\xcd:\xd5\xab\x19\xb0a\xc7\xaa\xe5\xaa\xd1\
,\xda\xb5p\x07\x94u\x0b6\xee\xda\xb9^\xdf\xda\x1d\
\x8b\xb7\xaa\xde\xbd[_\x8e\xa24\xb4\xda\xe0I\x85\x9f\
\x1d\xb6\x95x\xd8\xe2D\x8d\x1d\x93b\x1c\xf9\xcbc@\
\x95o]\xfe\x93\xd9\xf2d\xc82\xfb\x1e\xf5\x07$\xae\
h\x91\xa4u\x98\xeeJ\xd7]i\xb8\xa77\xa6\xce\xb1\
\xbam^{\xaf\xef\xb2\xbe\xedZ5\xec\xdd~q\xfb\
\xd6m;xo\xdap;+_\xce\xbc\xb9\xf3\xe7\xd0\
\xa3K\x9fN\xbd\xbau\xe6(;l\xb6\x08X\xac\x80\
\xef\xe0\xc3\x8b\x1fO>|v\x0e\xdb\x1dv\xdfZ\xbe\
\xbd{\xf1\xe7\x1b\xa47\xb8^\xeb\xfb\xfb\xed\xe33\x98\
\xef\xaf~V\xfc\xff\x00\xc2\xd7\x92v\x9f\x91\xe4_T\
\x01&(\x80~\x0b\xf0g\xcf\x81P)\x18 \x83\x0a\
8\xe8\x0e\x84OI\x08 \x85\x00XX\x0b\x86Ni\
\x88\x9fri\x8du\xdd-%\x8au\xe2\x17)\x06\xb6\
\x22\x16-j\xf5\x22\x8ck\xcd\xb8K\x8d6B\x11c\
V9\xea\x88\xa3`\xad%\xf5\xa3\x12\x0a\x9aU\xc0_\
*FQd\x90\x06\xaau\xc5\x92\xbc\x09\xe9\xa4\x92\x09\
\x1a\x89\xa4\x8bP@i\x9c\x94&R9!\x93\x1d\x0d\
\x99\x84\x96\xa3\xd55e\x96\x09\xf6\xa8\xe6\x9al\xb6\xe9\
\xe6\x9bp\xc6)\xe7\x9cm\xeex`\x80\x1e\xb4\x17\xc0\
\x9e|\xf6\xe9\xe7\x9f\x80\xf2y#\x88L\xe1\xd9\x81\x9e\
\x81&\xaa\xa8\xa0Q\xd8\xe9\x9f\xa1\x1c \xba\xe8\xa4\x7f\
\x0eJ\xe8\x00\x906 )\xa5\x9c\x06`)\xa1\x992\
\xb0i\xa7\x93~\x0ab\xa8\x0b\x8cJ\xaa\xa2\xa6b\x88\
\xaa\x02\xaa\xae\x1ah\xab\x10\xbe\x0a@\xac\xb2VJ\xe7\
\xae\xbc\xf6\xea\xeb\xaf\xc0\x06+\xec\xb0\xc9\x5c\xe9*\x80\
2\x05`l\xad,\xc8\xbe\xa4\xac\x99\x97\xda\xfa\xcc\xb3\
W]\xba\x94\xb4\xc9P\xcb%\xa8\xcd\xba\xa4m\x93\xd1\
v\xab\xd2\xb7aZ\x8b\xed0\xe4rg\xae\xb8)\x05\
\x90\x00\x00!\xf9\x04\x09\x02\x00\x00\x00,\x00\x00\x00\x00\
\x80\x00\x80\x00\x00\x03\xff\x08\xba\xdc{0Ji\xaa\xbd\
8c\xc7\xbb\xff`(\x86S\x19ihZ\x8dl\xeb\
\xbe\x9di\xaa\xf4\x06\xdfx\xde\xc8e\xed\x1b\xba\xa0\xb0\
\xc5\x9b\xfcj\xc3\xa4\x92S\xa4\x1cU\xcb\xe8\xb2yz\
\xa6\xa4X!\x15b\xbdf\xbf\x8a\xad\xd8\xd8\xf5\x15\xce\
\xe8\xb4z\xcdN\x13\xde\xf0\xb8|N\x8f\x8f\xef\x87\xb2\
\xb9\xcd\xef\xbb\xeb\x80\x81vxbz5~\x88|\x82\
\x8b\x80\x84\x85\x86*\x89\x92j\x8c\x95r\x8e[\x90\x91\
\x93\x9c\x96\x9e\x04\x98T\x9a)\x9c\x9d\x9f\x95\xa1M\xa3\
(\xa5\x93\xa7\xa8\xa9<\xab\x1a\xad\x92\xaf\x8c`,?\
\xadXu\xb97\xbb\xa5\xbdt\xbf0\xc1\x9c\xc3s\xc5\
/\xc7\x93\xc9r\xcb.\xcd\x92\xcfq\xd1-\xd3\x89\xd5\
p\xd7\xba{\xc8R\xbe\xdd\x22\xd9\x88\xdbo\x0e\xb1\xb2\
\xb3\x18\xb5\x89\xb7\x8b\xea2\xec\xed\xee~\xf0\x82\xf23\
\xf4\x16\xf6\xf7\xf8\x8d\xf4\x91\xe1g\xc0_\x1f\x80\x01\x05\
V!hP\x11B:\x0a\x9d0l\xc8\xe6!\xc4\x88\
\x5c\x08\x16\xa4\xb8\xc6\xff\xe2\x1c\x8c\x19'r\xfc\xe3\x91\
\x9b\xb4ol\xc6\xa9<y\x88\xcf\xca\x97\xe4P\xae\x81\
I\xd3C945s6\xb8yF\xa7O\x00<\x0b\
\xfc\xd4\x19th\xce\xa2F\xa3h\xdc8\x12M\xc98\
\x03\xa2J\x9dJ\xb5\xaa\xd5\xa9K\x9b\x92|z\xb5\xab\
W\xaaY\xb5\x9ey\x0a\xe7\xab\xd9\xaea\xc5\x92}s\
\xb6-X\x8db\xc7\xaeuKw@Z\xadk\x09\xd4\
u{\xb7i\xde\xbdm\xfb\x8e\xfc\x0b\xd8lN[\x9f\
\x92FC\xecI\xf12\xc6\x96\x1c\x17\x83\x5cI\xf2/\
\xca\xb8,\x83\xc1\xbcH\xf3\xe6w\x89=g\xe1,\xe8\
\xa5`\x8e\x16\x83\x04\x86\x1b7\xb5\x8e\xd5\x22\xf1>T\
}\xf64E\xd79`\xf3\x8b[\x007\x0e\xdd\xf4x\
\xfb\xbe\x01\x9c\x9d\xf0\xd9\xafk\xb3V\x8b<\xf7Y\xd1\
\xd0\xa3K\x9fN\xbd\xba\xf5\xeb\xd8\xb3k\xdf\xce]g\
\x9f\x0e\xa4\x11\x166+\xa0\xbc\xf9\xf3\xe8\xd3\xab?\xff\
\x9dCx\x80\xe3\xbf\xae\x9fO\x1f}{\x07\xef\xf1\xc5\
\xf7Z\xbf\xff\xfc\xfb\xff\x0d\xe4\x07\xcf~]\xf9g\xa0\
}.\xb9\x07\x1aY\x04^u\xe0\x83\x02\x00\xc8\x80\x80\
\xb74h\x15\x84\x07J\xb8\x00\x85\xafXX\x15\x86\x06\
j\xa8\x00\x87\xa7xH\x15\x88\xfeIGWw`\xac\
\xc8b\x16.\xbe(E\x8c2.Ac\x8dI\xdc\x88\
\xa3\x10:\xee\x98\x5c[/\x1d\xc7`]X\x84\xd8\xda\
\x5cDJa$sC\xf6(\xc4\x92\xb25\xe9V\x91\
\xfe\x09\xc9U\x92Q@\xe9\x17\x92N\x06\xa1\xe5`\x5c\
N\xa9d\x95GJ\x09\xe4\x98\xfd\xf9\xa8\xe6\x9al\xb6\
\xe9\xe6\x9bp\xc6)\xe7\x9c+\xa13\xa3\x89\x03`\xd8\
Az\x01\xf4\xe9\xe7\x9f\x80\x06*\xe8\x9fvF\x81g\
\x9e\x10\xee\x89\xde\xa0\x8c6\x0ah\xa16\xe2\xa9'\x07\
|:j\xe9\xa0\x90*q\xe8\xa4\x0eTz\xe9\xa7~\
f\x9a\xa3\xa4\x89R\xba(\xa8\xa8\x8a:\xc4\xa6\xa5v\
z*\xaa\x9f\xaa\xca#\xa9\x0f*z\x1e\xac\xa0\xcaJ\
\x9b\x89\x9c6\xe0)\xae\x8e\xd2)\xec\xb0\xc4\x16k\xec\
\xb1\xc8&\xabl8*W\xb2Z+Lfz\xd8\xab\
J\xd1Z8\xed8\xd56xm7\xd9\x12\xb8\xed5\
\xdd\xee\xf7m4\xe1\xc67\xee2\xe5\x8ewn.\x09\
\x00\x00!\xf9\x04\x09\x02\x00\x00\x00,\x00\x00\x00\x00\x80\
\x00\x80\x00\x00\x03\xff\x08\xba\xdc~0\xcac\xaa\xbd8\
k\xe3\xba\xff`(\x8e\xe2dnhZ\x91l\xeb\xbe\
\x9e9\xa9t\x06\xdfx\xfe\xc8Q\xed\xaf\xba\xa0\x90\xc5\
\xeb\xfdj\xc3\xa4\xb2S\x84\x1c\x91\xcb\xa8\xb2Iy\xaa\
\xa4X!\xd5z\xcdf\xa9\xe0\x22\xb7V(\x9b\xcf\xe8\
\xb4\xfaLh\xbb\xdf\xf0\xb8\xfc\x1d\xae\xcf\xc6\xaa\xb5~\
\x8f\x9e\xfb\xffpv\x82Ux(|\x87z\x80\x8a~\
\x83v\x85)\x88\x91}\x8b\x94t\x8da\x8f\x86\x92\x9b\
\x95\x9d\x04\x97\x98\x99\x1a\x9b\x9c\x9e\x94\xa0`\xa2\xa3\xa4\
\x91\xa6\xa7\xa8M\xaa\x19\xac\xad\xae\x8a^0y\xb4\x05\
Xs\xb88\xba\xb4\xbdr\xbf7\xc1\xac\xc3q\xc5\xb9\
\x90\xbb\xc9p\xcb/\xc7\xa4\xcfo\xd1.\xd3\x9b\xd5n\
\xd7-\xd9\x92\xdbm\xdd,\xdf\x91\xe1\x04\x0b\xb0\xb1\xb2\
\x17\xbb\x87\xb6\x8a\xeab\xec\x16\xee|\xf0\x80\xf2<\xf4\
\xf5\xf6\x89\xf8\x8c\xf4\x9d\xe0g\xc0\xdf?\x80r\x04\x0e\
\xe4gp\x0d\xc29\x0a\xef0l\x98\xe6a\xc2\x88F\
&Rdc1\xff\x10F'\x047N\xea\xc8\xcdX\
3>\xe3R2\xd3\x84R\xa5K\x12\xe5\xd0\xbc\x9c\x19\
\x22\xe6\x19\x9a8;\xd84\x93\xb3\xe7\x82\x9de|\xfa\
\x04\xcaKhN\xa2F\x97\x10,(\xd2\x0c\xc97\x03\
\xa2J\x9dJ\xb5\xaa\xd5\xa9K\x9b:}\xda\xe6\xaa\xd7\
\xafT\xb3j-\xc0\xb5+\xd8\xb3W\xc5j-K\x00\
\xad\xdb\xb0!\xc7\xb2}Kw\x80\xda\xa6s\xeb\xba\xbd\
+2\xaf\xde\xb3|7\xfa\xfd\xfbU\xe8=[I\xbb\
\x1dv\x95\xf8\xdabS\x8d\xa3=\xf6\x14y\xd9\xe4N\
\x95\x8b]\xae\x94\xf9\xd7fJ\x9dq}^\x9420\
\xc5\xa7A\xc0\x9an\x88Z\x87\xea\xb8kI\xa6\xfe\xba\
\xda`\xeb\x1c\xaf5\xe2\x95\xed\x9a6\xec\xdd\x1dg{\
\xad\xed\xef6\x8e\xdc\xf4\xc6\x92\xe5\x8d\xbbp\xe8\xe7\xd0\
\xa3K\x9fN\xbd\xba\xf5\xeb\xd8\xb3k\xdf\x0e\x1d\x91\x87\
\xd1\x00\x09\x9f\x15@\xbe\xbc\xf9\xf3\xe8\xd3\x9b\xf7\xde\x01\
<>\xf1`\xd5\xcb\x9f\x7f\x9e\xbd\x03\xf7\xf0\xe0\x7f\xa5\
\xcf_\xbe\xfd\x06\xff\xf8\xd9\xa2\x9fW\xfd\x15X\xdf!\
\xdf\xed1\xd8\x80S\x19\xe8\xa0\x00\xff1\x10\xa0+\x0c\
Z\xf5\xa0\x81\x11.0\xa1)\x15Vua\x81\x19*\
\xb0\xa1'\x1dR\xf5a\x7f\xd5\xd1\xc5\xdd/*\xae\xe8\
E\x8b.b\x01c\x8cQ\xccH\xa3\x126\xde8D\
\x8e:\x0a\x87VJ\xca-\xc8\xa3\x10\xf4\x05Y\x96x\
X\x14)\xd7\x91\x84%9\x9f\x91\x5c!)\x85\x92\xb1\
E\xd9\xe4\x94O.i\xe5_N\xfa\xa7\xe5SRF\
A%p`^)\xe6|=\xa6\xa9\xe6\x9al\xb6\xe9\
\xe6\x9bp\xc6)gb\xd0H\xd1\xe1\x89\x02xP^\
\x00|\xf6\xe9\xe7\x9f\x80\x06\xeag\x9d5V\x88\xa7\x9e\
\xe4\x09\xaa\xe8\xa2\x7f\x12\xba\xc4\x9d'\x22*\x00\xa3\x94\
*\xea(\x8e\x86F\xda\xc1\x9e\x95v:\xa85vf\
\xfa\xa1\xa4\x9e\x96\x1a\xc0\xa5I@:\xea\xa6\x89\x9a\xda\
)\xaa;\x8az!\xa9\xaeV\x0a\xab\x10\xaa\xce\xca\xea\
\xa4\xb5R:\xe7\xaf\xc0\x06+\xec\xb0\xc4\x16k\xec\xb1\
*uTb\x83+\x9a\xbe\xa4\xec\xb2Q\x1d:\xd3\xb3\
\xd0J\xeb\xacE\xd0F\xdb\xacK\xd4.k-\xb7\xd8\
f\xfbm\xb2\xe1V\xbb-\xb9\x0fe;\xc0\xb8\xcb$\
\x00\x00!\xf9\x04\x09\x02\x00\x00\x00,\x00\x00\x00\x00\x80\
\x00\x80\x00\x00\x03\xff\x08\xba\xdc\xce'\xcac\xaa\xbd8\
\xeb[\x9e\xff`(\x8e$4E[\xaab]\xe9\xbe\
p\xac\x9c\xe8jo\xad\xac\xef<M\xdd@\x0eoH\
t\xf9\x82HC\xae\xc8l\x9aN\xc9\xe0\xd2I%\x1e\
\xa3\xb7iu+\xbbbWZ\xee\xd0G.\x93\xbf\xb6\
\x82z\xcdn\xbb\xdfl\x82|N\xaf\xdb\xeft\xb3^\
\x8f\x06\xc3\xff\x80qx\x83\x84y{\x874}*\x81\
\x8c\x7f\x85\x8f\x83\x88\x92\x12\x8a)\x8d\x97m\x90\x9au\
\x93\x93\x958\x98\xa1\x9b\xa3\x04\x9d\x92\x9f\x1a\xa1\xa2\xa4\
\x9a\xa6\x88\xa8\x19\xaa\x98\xac\xad\xae{\xb0,\xb2\x8d\xb4\
\x90\x07b;\xa9\xbam[w\xbe\xbf2\xc1\xc2k\xc4\
v\xc6\xc70\xc9\xcaaD\xc5\xcf1\xd1\xca\xcc\x9c\xd6\
\xd0\xb1\xd2j\xday\xdc/\xd8\xc2\xe1s\xce\xe3#\xe5\
\xba\xe7r\xe9\xea!\xec\xb2\xee\xa5\xb6|\xb8\x16\xdf\x8e\
\xbc\x85\xf7\xf8\xf9\x94\xec{\xd3\xcf\xdf\xbf2\x01+\x0c\
$X0\xd2\xc13\x09\x17\xbai\xe8\xf0a\xa2\x88\x12\
\x05Qlf\xf1\xffb\xc0\x8c\x1a7\x1a\xea8!\xa1\
@\x90\x05Dr$I\x09#J\x95u\x88\xcc\xfb\x13\
\xaf\xe65o\x98l\xea,1\x13\xce\xce\x9f\xf2p^\
\x02J\xf4A\xcf7E\x93.8\xeaF\xa9R\xa6\xc3\
\x9c\x16\x85\xcaF\xaaL\x97 a\xd2\x19\xc0\xb5\xab\xd7\
\xaf`\xc3z5\x89R\x8d\xd69b\xd3\xaa\xfdJ\xb6\
\xecY9k\xe3\xa6m\xfb\xf2\xad\xdc\xbbl\xb1f|\
K\x00\xaf\xdf\x01t\xb3\xda\xfd{7\xf0\xde\xc1\x84\xe3\
\x1a\x96\xc87\xb1\x5c\xab\x0a\x186\x84<NrA\xca\
\xdc,\xf7\xc3lM3/\xce\xcf<\xd3\x02}L4\
+\xd2\xbfL\x93B-F\xf5(n\x8b\x176\x1e\x12\
6\xf6\xc0\xd9<j\xebel\x976X\xdb\xfbp\xef\
\xd0\xfd\xd1m\xef\xdc\xbfw\xcb>><y\xf1\xbag\
\x07\xf8\xce\xfb\x5cp\xf4\xe9^Yk\xdf\xce\xbd\xbb\xf7\
\xef\xe0\xc3\x8b\x1fO\xbe\xbc\xf9\xa4\xaa<\xb8.\xe88\
\xae\x80\xf7\xf0\xe3\xcb\x9fO?~\xfa\x07\xeb\xfb\xb5_\
[\xbf\xbf\x7f\xf9\xff\xf79\x90\x1f/\xfb\xa9\xf5\xdf\x81\
\xfd\x05\xd8\xc0\x80\xb4\x14\x98\x16\x82\x10\x02\x18\x8az\x13\
!\xe6\xe0W\x11f(\x80\x82\x0c0\xc8\xca\x85ai\
\x18!\x87\x0bxH\x0a\x88`\x89\x08!\x89\x91U\x18\
\x1d\x8a^\xa9\x88\xe0x~\x9d\xf7K\x8d6r\x81c\
\x8eU\xec\xc8\xa3\x13>\xfe\xc8D\x90B\x12Ad\x91\
\xc8\xdd\x95\x99q/\x16\xb8\x05}e\xa5da{O\
\xce\x17ec\x0eV)!tZ]\xa8\xa5}Lv\
\x99e\x15P\x86\x09\x93\x97dZi\xa6JhRQ\
&\x97g\x8e\xe9\xe6|H\xd6i\xe7\x9dx\xe6\xa9\xe7\
\x9e|\xf6\xe9\xa7N\x83lQ\xa0\x8c\xf2y\x10\xc0\xa1\
\x88&\xaa\xe8\xa2\x8c\x22\x1ah\x8f\xfb\x11\x1a\x9f\xa1\x8d\
Vj\xa9\xa3x\x08\x1a\xa9\xa4\xefQz\xe9\xa7\x8b>\
J\xc5\xa0\x9c\x0a\xe0)\xa8\xa8\x06 *\x90\x9brz\
j\xaa\x9f\xae\xda\x04\xa9\xae>\x00k\xaa\xb2\x0e\xd9\xaa\
\xa4\xaf\xdeZi\xaeE\xd0\xca\xab\xad\xbe~\xfa\xe7\xb1\
\xc8&\xab\xec\xb25\xcc6\xeb\xec\xb3\xd64\x04c\x8c\
\xa5\x02%\xed\xb4\x5c\x95j\xeaO\xd7b\xab\xad\xb5\xec\
a;\xc0\xb7\xdc\x86\xebm\xb5\xe5\xea'.\xb9;u\
;-\xbb\x80\x9a\xfb.\xba\xcf$\x00\x00!\xf9\x04\x09\
\x02\x00\x00\x00,\x00\x00\x00\x00\x80\x00\x80\x00\x00\x03\xff\
\x08\xba\xdc\xfe'\x1eC\xab\xbd8\xdb\xc2\xcb\xfb`(\
\x8ed\xc9H\x93\xa6\xae[g\xbep,/(k\xab\
\x9d7\xef|\x0f\xd4\xb7`\x8b\xe3+\x1aI@\xa10\
wl:O\x12\xa5\x92\xf9\xac\x1a\x93R\x1b\xd5\xca\xdd\
a\xb3\xabm\xb7\x87*\x9b\xcf\xe8\x08\xf8\x96k\xbb\xdf\
p\x0eaN\xaf\xdb\xef\xf8zz\xcfW\xafYq\x81\
\x82ry\x85\x86z}\x89f\x7f\x80\x83\x8en\x87\x91\
\x85\x8a\x94Q\x8c8\x8f\x99\x84\x92\x9ct\x95\x95\x97\x98\
\x9a\x8f\x9d\xa5\x04\x9f\x94\xa1\x1a\xa3\x99\xa6\x9d\xa8\x8a\xaa\
\x19\xac\xa4\xae\x92\xb0\x89\xb2\x18\xb4\x8e\xb6\xb7\x12c;\
C\xbcmV\x88\x11\xc13\xc3\xc4.U\xc7\x07\xc92\
\xcb\xcc:O\xcf\xd11\xd3\xcc\xc6\x9e\xc0\xd8/\xda\xc4\
\xdcs(\xdf\xe0\x15\xd4\xc5\xce\xdd\xc8\xe6%\xe1\xbc\xe3\
\xa7\xde\xee#\xf0\xb4\xf2\xb8}\xba\x17\xe9p\xbe\x91\xf4\
\xf1\xe1w\x8f\x19\xc0C\x02\xf7\x10D\xe7\x0f\xd2\xc1I\
\x09\xd1,\xa4\xd0\xd0\xe1C<\x11%N\xac\xd8\xe6\xff\
b\x9e\x8cg&\x1a\xe0\x98\xc3#F\x90eD\x92\xec\
`\xf2\x0e\xca\x94\x1bW\x16hi\xa7I\xc18\xf5r\
\xc2\xb8\x09G\xa7O\x12<\xdf\xfc\x1c\x0a\x22\xa8\x1b\xa2\
H\x1b\x18U\x974\xe9R1M\x87>m\x16\x95\xe8\
T\x22U\x85\xc5\x5cI\xb3\xce\x80\xaf`\xc3\x8a\x1dK\
6\xacJ\x99]\xe9\x94]\xcbV\xecY\xaei\x09\xb4\
\x9d\xbb\xf6-\xc9\xb8r\xe9\xea5\xbb\xf5n\xdc\xbd\x80\
\x07\xd8\xe5\x887\xf0\xde\xc1\x15\x0b\x1b\xa6\x8b\xb8\xa1\xe2\
\xc5m\xb36(\xd9R\xf27\xca&-c\xc3\xecQ\
s4\xce\x17='\x03\xfdPt0\xd2\x07M\x8fA\
\x0dPu\x17\xd6\xbe\x825\xf6\xf7x\x80\x0f\xbe\x0be\
\xce\xfc\x0b\xf66\xd8\xd9\xe9j\xfb\xfe\x0a\x9c\x9a\xf0\x1e\
\xb8\x09\xea>\xce#9\xbf\xe5\xbc\xbf\x0e\x17\xdc\x97p\
t\xdb\xc8\x7fWO|}\xba\xeb\xef\xe0\xc3\x8b\x1fO\
\xbe\xbc\xf9\xf3\xe8\xd3\xab_\x9f4\xde\x03\xd8\x0f!\xcf\
\x15@\xbf\xbe\xfd\xfb\xf8\xf3\xdbw\xef\x00\xfeA\xf9\xff\
m\xe9'\xe0\x80\xf7\xf17\x19K\xd7\x018\x16\x81\x0c\
\x0ah \x03\xfe\x01\xa4\xe0Z\x0dVX >\xef!\
\x98\xd6\x84eY\xe8\xa1\x00\x0f.\x10\xa1/\x1c\x92\xf5\
\xa1\x85!*0\xa2-%.xb\x83)\x02\xb0\xa2\
+-\x8a\xf5b\x83\xeb\x01\xc6\xde\x18:\xee\xc8E\x8f\
>V\x01d\x90N\x0cI\xe4\x11F\x1eYD\x92J\
f\xa7\xd7ih%\xa8\xa0\x15\xfbE\xb9a\x8bT\xd6\
\x07\xdd\x95%fI\xdf\x96]\xd5\xe8%\x88V\x86\x89\
e\x15U\xc2\xc5%\x87c\x82I\x93\x98hjY\xe6\
\x9bg>a_\x93x\xe6\xa9\xe7\x9e|\xf6\xe9\xe7\x9f\
\x80\x06\xaaS$V@v\xa3~\x1f\x04\xa0\xe8\xa2\x8c\
6\xea\xe8\xa3\x84\x0a\xb9\xd8\xa1\xf9%\xfa\xe8\xa5\x98.\
\x1a\xe9\x13\x86Rz\x9f\xa5\x99\x86\xda\xe8\xa6EN\xea\
\xe9\x9d\x0f\x88\xaa\xaa\xa6\x87\x14j\xea\xa9\xf4\x81\xbaj\
\xa8\xa46\xd1)\xac\x02\xc8:+\xa6\xb5\x22\xf9*\xac\
\xba\xee\x0ai\xab\x92\x1a\x86k\xac\xa9\x0a\x9b\xa9\xa0;\
\xcc6\xeb\xec\xb3\xd0F+\xed\xb4\xd4\x9aCb\x8d`\
\x1d\x9b\xebO\xd7b;\x80\xb6Cu\x8b-\xb8\xdc\xb2\
\xe8\xed\xb7\xc7\x86k\xae\xb7\xe4\xfa$n\x8d\xed\x0e\xba\
\xee\xb8\xe9\x96K\xe3\xb9\xf1Z\x91\x00\x00!\xf9\x04\x09\
\x02\x00\x00\x00,\x00\x00\x00\x00\x80\x00\x80\x00\x00\x03\xff\
\x08\xba\xdc\xfe\xcc\xc8I\xab\xbd\xb4\xe8\xad\xa1\xff`(\
\x8e f\x9e\x15\xc7\x91l\xeb\xbe\x0b*\x9b\xea\x06\xdf\
x\xae\xcc|Z\x17\xba\xa0P\xd4+\x1a~\xc0\xa1r\
\x193\xf2\x90\xcc\xe8\xd0\xf9\xfcI\xaf9\xea\x0c\x8a\xbd\
\x1d\xbe\xe0\xb0xL\x0eke\xc8\xb4ZEh\xbb\xdf\
\xf0\xb8\xfc]\xae\xdb\xc5g\xd4z\x9f\x9e\xfb\xffpw\
\x82uy'|\x87l\x80\x8as\x83\x8dx\x85\x18\x88\
\x92\x05\x8b\x95\x81\x8e\x98\x90\x91\x93\x87\x96\x9e\x04\x98\x99\
\x9a\x16\x9c\x9d\x9f\x95\xa1\x8e\xa3\xa4\xa5{\xa7\xa8\xa9\x83\
\xab>\xadj\xaf\x8be]7\xb5kR\xb9\xba/\xbc\
j\xbed\xc0\xc1\xc2\x5cL\xbf\xc6,\xc8\xc9K\xcb\xcc\
#\xceVQ\xd1\xd2!\xd45\xc4c\xd8$\xda*\xdc\
b\xde\xd3\xe06\xd6\xb1\x82\xb3\x19\xe6\x1a\xb7\x8a\xe9\xea\
\xeb\x12\xed\xee\xef\x7f\xf1w\xf3\xf4\xf5\xf7\xf8\xf9\x84\xf6\
\xd5\xa3\xe4\x8f\x11\xc02\xfb\x8e\xf4+(\xe7 B\x81\
\x0b\x19^r\xf8h\xde@\x89q(\x8eIx\x11\xff\
\xe3\x1b)\xc8\xc8\x89l\x11r\xa4\xc9l\xc2N\xaa\xf4\
Pr\xa5\xcb\x05-_\xba\x8c)S%\xcd\x9a&o\
\xe2\x0c\xc11\xa2G\x02\x03\x82\x0a\x1dJ\xb4\xa8\xd1\xa1\
=\xdb\xfdts\xb4\xa9S\xa2I\xcd-m\xf3\xb4j\
\xd3\xa8\xe0\xa6\x02\xb5\xca\x15)D\xa5S\xbb\x8a\x1d\x80\
U\x9b\xd6\xb1]\xcbR;\x8b\xd6\xaaZgl\xdb>\
\xdd\xe9A+]iv\xef\x1a\xcb\xabW\x17\xdf\xbeX\
\xfe\x02\x96\x22x0\x93\xc2\x86\x95 \x0e\xf2\x16Y\x5c\
\xa2:\x1a\x0b{<4\xf2W\xa9a\x8dZ\xb6\xe8\xd3\
\xe3\xd1\xcd\xeb:.\xfd\x9c\xe5r\xd6\xccEA\xcf\x12\
\xfd\x934\x0e\xc9\xbc(\x0bML\xbb\xb6\xed\xdb\xb8s\
\xeb\xde\xcd\xbb\xb7\xef\xdf\xc0\x7f\xeb\x04 [nQ\x01\
\xc8\x93+_\xce\xbc\xb9\xf2\xe1\xc5\x8d\x0fuN\xbd\xfa\
r\xe8\xa8\xa5\x1b\xb5\xce\x9d:\xf6\xd1\xda\x8fv\x1f\x7f\
=\xe5\x83\xe8\xe1\xc9\xab\x17\xf0\xbdu\xf8\xed\xeb\xc7\xb7\
\xf7\xfc\xfex\xfc\xee\xf31\xd6\xb7\x7f\xdfz\xf0\x05\xee\
b\xfd\x87E\x80\x02JA`\x81L\x1c\x88\xa0\x12\x0a\
.(D\x83\x0e\xea\x00a\x848L\x18\x04k\xf4\xed\
7[\x14\x18\xea\xa7\xe1\x86Lt(\xd1\x87 .!\
\x22C$\x06\x05Rg\x1e\x92\xb8\x22X\xe0\xb9\xc8!\
\x8b#\xa6\xf8\x22f1~H\xe1\x8e<\xf6\xe8\xe3\x8f\
@\x06)\xe4\x90D\xda\xe6\x89\x81]\xf5\xc7\x1d\x04\x01\
4\xe9\xe4\x93PF\xe9\xe4\x91Q\x88\xa5\xa4\x7f\x0fH\
\xa9\xe5\x96T&\x98\xe4\x95\xd41\xb9\xe5\x98Ov\xb9\
\x84\x95`:'&\x99d\x9a\xc9\xe0\x97i2\xb7&\
\x9b\x5cZ\x82$Wq67'\x9dR\xba9\x04\x9a\
y*\xb7'\x9fP\xfa\xf9 \x9c\x81\x227(\xa1N\
\x16\xe9\xe8\xa3\x90F*\xe9\xa4\x94Vji\x17\x9e\xa4\
8@\xa2\x82\x9e\x94i\x8a\x9c&\xa7\xd2\xa7$\x86\xaa\
\xa8\xa7\x96hj\xaa\x00\xa3\xa6\x0a\xaa\xa9\xadV\xa2*\
\xac\xa8\xca\xfaj\xa8\xb1.2+\xaeQ$\x00\x00!\
\xf9\x04\x09\x02\x00\x00\x00,\x00\x00\x00\x00\x80\x00\x80\x00\
\x00\x03\xff\x08\xba\xdc\xfe\xd0\xc8I\xab\xbd%\xeb\x9d\xa1\
\xff`(\x8e\xe0e\x9e\x14\xa7\x16d\xeb\xbe\xf0\x82\xce\
\xd8\xba\xc5x\xae+t?\xd9\xb7\x9dp\x18\xf2\xf9\x80\
\x1a\xa2r\xc90\xf6\x90\x1d\xa6t\xe8\xa4AY\xd3l\
\xae:\xbbj_\x87\xb0xL.\x9b\xc7\xdc\xe3u\xad\
\x22\xb8\xdf\xf0\xb8|\x0e?\xdb\xef\xe4\xf4\x93\xcd\xcf\xd0\
\xff\x80qx\x83vzV}|\x81\x8a\x7f\x84\x8dy\
\x86(\x88\x89\x8b\x94u\x8e\x97\x90\x91\x92k\x95\x9d\x04\
\x97\x98\x99&\x9b\x9c\x9e\x94\xa0\x8e\xa2\xa3\xa4P\xa6\xa7\
\xa8\x84\xaa5\xac@\xae\x8b\x0cg_8\xb4moS\
\xb9\xba0\xbc\x1cp\xbff\xc1\xc2\xc3\x1a\xc5R\xc0\xc8\
-\xca\xcb\xbe\xcd\xc7\xcf\xd0\xd1\x05\xccL\xce\xd6\x22\xd8\
\xd9\xd3\xdb\xd5\xdd\xde\xd8\xdaK\xdc\xe4\x1f\xdf\xe7;\xb0\
\xb1\xb2\x15\xdf\x1b\xb6\x8a\xef\x83\xf1\xf2\xf3~\xf5\x80\xf7\
x\xf9R\xec\x03\xd7\x8f\xce\xbf;\x01\x7f\x0c,\xc8\xe8\
\xe0\x99\x84\x12\x06\x12d(\xc8\xa1\x19\x88\x06$R\x9c\
c\xf1\xff\x22D\x8d\x1b+vD\xf3qa\xc8vR\
\x86\xa9[\xe9B%\xcb\x97!\x5c\xc2\x9c\xf9@&\xcd\
\x9b\x0al\xe2\xa4\xa9s'\xcc\x9e>Y\x02\x0d\xfa\x00\
#\xc8\x93n\x06(]\xca\xb4\xa9\xd3\xa7L\x8d\x9aD\
J\x00\xaa\xd5\xabM\xa5\xee\xa3\x9a\x14\xabW\xa8Z\xe7\
q\xad\xfa\xb5l\xd4\x92[\xb9\x9a]; ,;\xb5\
l\xcb\xba5\x077\xae\xd7\xb9\xd1\xc6\xda\xfdJT\xc4\
I\xa6}\xad\xfd]\x1a\xf8\xd9`\xa5\x85\x91\x1d\x1e\x90\
8\xd8\xe2\xc6\xba\x1eC\xd6\x22y\xf2\x94\xcaK\xf2\x1d\
E\xeau\x87\xe6\xa9\x9c\xb1z\x8e\xb7y1\xd4\xd1\xb2\
J\x87\xec\xac\xe3sZ\xaa\xac\xb7\x90\x06m\xfa)j\
U\xaa7\xc6\xc6\xe1Zl]\xab\x96\x83\x0b\x1fN\xbc\
\xb8\xf1\xe3\xc8\x93+_\xce\xbc9\xf2o\x10j\xefu\
*\xa0\xba\xf5\xeb\xd8\xb3k\xbf\x0e\xfd\x81\xf4\xe9L\xb7\
\x8b\x1f\x8f\xbd\xbb\x83\xef\xe0\x95\x92_/\xde|\x03\xf4\
\xe9\xd9\xcb/\x8f-\xfa\xea\xf4P\xe7\xeb\x17\xe0\x9e\x01\
|\xf0\xff\xfb\xcd\xd7\xdf\x02\xffM\x17\xa0|\x03*P\
\xe0^\x07\xb2\xe7\xdc\x03^]\xf7\xa0\x16\x11Z7a\
\x16\x15Vw\xe1\x14\x19\x0a\xb0\xa1\x14\x1d~\xc8D\x88\
\x22*Ab\x89C\x9c\xb8\xc4[\xb0\xe1\xf7\x94\x84)\
\xd1\xd5\xa2\x8bM\xc1\xc8\x04\x8b\xa1\xd1\x18\x9e\x851\xe6\
\xf5\x9b\x8e\x03\xd8\xb8\xa2\x8c9\x02\x19$\x8f7\x12\xb9\
\xa0]B*\x81\xe3\x92q5I\xc4\x93\xf7\x19y\xa4\
\x86(f\xa9\xe5\x96\x5cv\xe9\xe5\x97`\x86)&d\
\xb6p\x88U\x83\xeb\x05\xa0f\x00\x10\xac\xe9\xe6\x9bp\
\xaaY&\x88g\xa29\x9e\x9bm\xc6\xa9\xa7\x9bs\x8e\
X\xa7\x9d\xdb\xe1\xf9\xc0\x9e\x84\x06\xd0\xe7\x12\x1d\x02\x8a\
\x9d\xa0\x0e\x14\xba\xe7\xa1&\xfe\xa9\xe8\xa2k\xe6\xe9(\
\x9c\x90\x12\x91\xe8\xa4\xd51\xda\xc0\xa5qf\x9a\xa2\xa4\
\x9cvZ\xe9\xa0\xa0\xbe)\xaa\x10\x9br\xea)\x03\xa9\
\xbe9\xe6\xac\xb4\xd6j\xeb\xad\xb8\xe6\xaa\xeb\xae\x86\x05\
b\xa5z\xa5^\xf7\xaa:\x8a\xfcze\xb0\x02\x0cK\
N\xb1*\xbf\x22k\x9d\xb2\xdd0k\xa5\xb3\xa6\xaa9\
\x93\xb4FR\x9b\xec\xa9/a\x0b\xa4\xb6\xd0\x0a\xe6k\
\xb3\xd4\x86\xdb+ \xc6\x82\xcb\xad\x10\x09\x00\x00!\xf9\
\x04\x09\x02\x00\x00\x00,\x00\x00\x00\x00\x80\x00\x80\x00\x00\
\x03\xff\x08\xba\xdc\xfe\x90\x99I\xab\xbd\xb4\xe8\xcd{\x89\
`(\x8ed)a(\xea\xad\x9b\xe9\xbe\xf0\x9b\xce\x16\
\xcb\xc6x\xae+to\xd8\xab\x9dp8\xf2\xd1\x80\x1e\
\xa2ry2\xaa\x90\x1c\xa6\x94\xe8LA\xa3\xd3l\xae\
\xfa\xbc~\xb4\xa3\x83xL.\x9b\xcfd\xae\xd3\xcb\xde\
\x10\xde\xf0\xb8|N\x8f\xa3\xef\xf8\xb2\xda\xd8n\xd7\xff\
\x80ry\x83w{>}l\x81\x8a\x7f\x84\x8dz\x86\
G\x88W\x8b\x94\x82\x8e\x97\x90\x91\x92H\x95\x9d\x04\x97\
\x98\x99V\x9b\x9c\x9e\x94\xa0\x8e\xa2\xa3\xa46\xa6\xa7\xa8\
\x84\xaa]\xac+\xae\x8b\x10h`8\xb4\x05uS\xb9\
\xba0\xbc\xbeR\xc0\xc1.\xc3t\xbfg\xc7/\xc9s\
\xcbf\xcd\xc8\xb4\xc4L\xc6\xd3#\xcfr\xd1e\xd9%\
\xdbq\xddd\xdf$\xe1p;\xb0\xb1\xb2\x17\xbc,\xb6\
\x8a\xea\x83\xec\xed\xee\x1e\xf0\x81\xf2y\xf45\xf6\x1d\xf8\
\x80\xf4\xe1\xe1W\xc1\xdf?\x80u\x04\x16\x228\xc1 \
\x07\x84\x09\x15\x9ea\xd8\xd0\xa1\x06\x88t$N\xa4h\
\xf1\xff\x22FK\x1a\xd3p\xec\xf8\x91[3^\xe5R\
Rc\xa5\xb2\xa56Z.cF@)\xb3&\x03\x9a\
6m\xe2\xcc)s'O\x97>\x7f6\xa0\xf8\x83d\
I8\x03\x92*]\xca\xb4\xa9\xd3\xa5D;\xf6:\xfa\
\xe6\xa9\xd5\xabL\xa3\x1a\xa5\x8a\xb5\xabU\xad\x16\xa9V\
\xf5J\x16\xea\xc8\xb0b\xcb\xaa\x1d\x00\xd6\xa1X\x02k\
\xcb\xb65\xf86.\xd9\xb9\xfe\xea\xda\xed*\xd4\x05\xc2\
\xa7}\xa7\xfdu\x1a\xb8\xd9\xe0\xa6\x85\x8f\x1df\x9a8\
\xd8\xe2\xa5\x8du=V\x1a\x19\xcc\xe4\xa4\x95\xb5\x5c\x1e\
0E\x95T\xbddwx\xdezT\xadhQ\x9f\xd3\
\x96=\x9d)5\xd7\xd5:F\xa3}\x1d:6j\xd2\
%M\xdbn\x8d\xfb\xa3\xee-\xb7g\x97\x86\x9d\xb9\xb8\
\xf1\xe3\xc8\x93+_\xce\xbc\xb9\xf3\xe7\xd0\xa3\x1b\x97\x0a\
a\xf3\xde\xa5\x02\xb2k\xdf\xce\xbd\xbb\xf7\xed\xd4\x1fX\
\xbf\x9e\xf4\xbb\xf9\xf3\xdc\xc3;\x18O\x1e\xbd{\xf3\xea\
\x1b\xb0\xbf\xfe\xbe~\xfa\x8e\xd5\x01\x92\xbfj\xbf\xbf\x80\
\xf8\xff\x0c\xcc\xb7\x97\x7f\xf6\x01\xb8\x80\x80v\x11X\x9f\
\x81\x0a \x18\x97\x82\xefI\x17\xc2S\xdfI\xa8\x05\x85\
\xdeY\x98\x05\x86\xddi8\x05\x87\xdcy(\x05\x88\xdb\
\x89\xc8\x04\x89\xda\x99\xb8\x04\x8a\xd9\xa9\xa8\x04\x8b\x02L\
q\x0eF\xfbYU\xa1\x143BT#\x8c2V\xa3\
\xda\x8eL\xdd\xc8D\x8e\x0e\xae%\xe4\x12D\xea\x07d\
\x90\x19\xe2\xe8#mK\x96\xd7\xe4\x90O\x0e\x17\xa5\x94\
\x1d:\xc9\x0ahW\x1e\xe9\xe2\x97`\x86)\xe6\x98d\
\x96i\xe6\x99h\xfe\x84\xd0\x87NA\xe8^\x00p\xc6\
\x09'\x04r\xd6ig\x00k\x8e\xd8\xa6\x9b\xe7\xdd\x19\
\x00\x9d~\xde\x99\xe7\x89{\xf2\xf9\x9d\x9f\x80\x06Z\xe7\
\xa0+\x16jhw\x88>\xa0\xa8\x9d\x8c\xbe\xe8\xe8\xa3\
\xdbE\xea\xc0\xa4\x8b\x02\xc4fS\x98z\xa7i\x03\x9c\
\xcaY)\x110>:*\x03\xa5\xc6y\xea\x10\xa9\x1a\
\xba\xea\x02\xad\xce\x99\xe6\xad\xb8\xe6\xaa\xeb\xae\xbc\xf6\xea\
\xeb\xaf\xdf\xd4q\xa5R\xa1BzgL\xc2\x0e;@\
\xb11\xdc\xcd\x1a,\x1d\xca.\xcb\xacv\xcef\x93\xec\
\xb0\xd3R{\xacK\xd7v\x99\xad\x00\xd5\x0a\x06\xad\xb2\
\xdf\x82\xbbmK\xddFYn\xb8\x86\x8d\x8b\xed\xb7\xec\
\x92\x90\x00\x00!\xf9\x04\x09\x02\x00\x00\x00,\x00\x00\x00\
\x00\x80\x00\x80\x00\x00\x03\xff\x08\xba\xdc\xfe\x10\x9aI\xab\
\xb5%\xeb\xcdy\xfc`(\x8e$s\x9dg\xa7\xaae\
\xeb\xbe.*Sk\xad\xc1x\xae+\xf3l\xdb\xbb\xa0\
P\xd4\x93\xfdj\xc3\xa4\xd2TL\x1dY\xcb\xa8\xb0\xe9\
|z\xa4\xd8\x1c\xf5b\xedd?\x87\xb0xL.\x9b\
\xc7\xdb\xb4\xa1\xcb.\x10\xde\xf0\xb8|N\x8f\x9f\xefx\
\xb2z\xdb\xee\xd6\xff\x80ry\x83w{T}V\x81\
\x8a\x7f\x84\x8dz\x86E\x88O\x8b\x94\x82\x8e\x97\x90\x91\
\x92?\x95\x9d\x04\x97\x98\x99>\x9b6\x9e\x95\xa0\x8e\xa2\
\xa3\xa4+\xa6\x94\xa8\x8d\xaaF\xac\xad\xae\x8a!g_\
8\x92\xb7Q\xb9\xba/\xbc\x81R\xbf\xc0-\xc2\x80\xc4\
f\xc6.\xc8\x7f\xcae\xcc\xc7\x88\xbdK\xc5\xd2\x22\xce\
u\xd0d\xd8$\xdat\xdcc\xde#\xe0s0\xb0\x84\
\xb2(\xb4\xb5\xb6\x80\xe9\x83\xebU\xed\x1b\xef\x81\xf1y\
\xf3\x5c\xf5\x1c\xf7\xf0\xf9\x0a\xed\xab\xd0\xcf\xdf\xbf:\x01\
\x05\x0e\x9cP\xd0\xdeA:\x09\xcf,\xa4\xd10\xc3C\
\x88\x11\xcbLdX\xd1\xff\xcdEK\x19\xd1l\xec\xe8\
\xf1#\x1cr\x00\x9c\xa1\x5c\xf9\x8d\xdaI\x960?\xa8\
\x8cI\xd3\xc1\xcc\x9a8S\xba|\x933\xe7\xcd\x9e1\
\x7f\x02e)t\xe8\xc65\x1dM\xc6\x19\xc0\xb4\xa9\xd3\
\xa7P\xa3:=JR)\x1c\xa9X\xb3>\xa5\x9a\xd4\
*\x01\xad`\xb1r\xad\xe8\xf5k\xd8\xb3SGv\xb5\
\x8a\xb6\xed\x80\xb1\x0d\xcb\xbaE\x0b\xb7\xa0\xdc\xb9a\xeb\
\xf6\xbb\x8bW\xebP\x1c\xb6\xc0\xfe\x95\x16\xd8\xef`c\
\x85\xb3\x1eF\xecJ\xf0b]\x89\xb1>\x86\xdc\xd8\xf0\
d,\x91\xa5^\xce\x929\xaa\x14HU\xbd\xf6\xdd\x01\
z\xad\xd2\xd1:J\x93\x15\x8d\x97\xb4\xa1\xd0l[\xa7\
~m\xda$j-\xb4W\xc7\x9e\xebz\x0f\xec\xd3\xb2\
q\xfb\xae\xfd\xf1\xf6\xe6\xe3\xc8\x93+_\xce\xbc\xb9\xf3\
\xe7\xd0\xa3K\x9f\xfe\xf87\x84\xce}\xa1\x0a\xd8\xce\xbd\
\xbb\xf7\xef\xe0\xbb[\x7f\x80=\xbb\xd3\xf0\xe8\xd3{\x1f\
\xef\xa0\xbcy\xa6\xea\xe3\xa3g\xdf\xc0\xfd{\xf9\xf8\xd7\
\x9b\xbe^\xf9}\xd4\xfc\xff\x00\x0a@\x1f\x03\xf6\x99\x17\
`~\x03.P`v\x07\xe2\x97\xa0\x02\x0b\xf6\xd5\xa0\
|\xd4\x91p\x9ez\x15fqaz\x19b\xb1!z\
\x1dJ\xf1ax!F1\x22x%.q\xe2w)\
*\xb1\xa2w-&\xf1bwR\x98\xf3\x90\x7fR\xc5\
W\xe3N\xc0\xe1\xf8\x94\x8eQ\xd8x\x90\x8f\xdaa\x18\
$\x8f\xb6\x119#w;\xf6\xc1\x97\x92\x03\x00\xb9\x84\
\x90\xff@\xd9\x94\x94JPy\x8f\x95\xf0\x199%\x92\
\xc5q\x89e\x8cd\x96i\xe6\x99h\xa6\xa9\xe6\x9al\
\xb6Y\x93I\x22^9\xa1z\x01\xd4i\xe7\x9duB\
\x80\xe7\x9e\x01\xc0i\xa2\x9cs\xa2\xc7'\x9ez\x0ej\
\xa7\x9f*\x02\x1a(x\x86\xdaYh\xa3\x88\xba\xa8\xe8\
\xa2\xde5\x9a\xe7\x03\x96\xf6\xf9Q\x9c]R\xfa]\xa6\
\x8f\x1a\x1a\xa9\x8c\x93z\xba\x1d\xa8\x98Z:\xea\x10K\
\x06\x8a\xaa\x03\x99\xae*D\xabs\xbe\xda\x80\xadn\xe6\
\xaa\xeb\xae\xbc\xf6\xea\xeb\xaf\xc0\x06K\xceRb\x9aZ\
\xa9\xa51\x11k\xa5\xb10\xc76\x9a\xecU\xc52{\
*\xb20)\x0b\xa5\xb4\xdc\xe1:,\xb4\xcbb+\x80\
\xb6\xdeX\xab\xa4\xb7\xdfR\xcb\x92\xb8D\x92\x0b.6\
\xe8\xfa\xa8\xae\xb9-$\x00\x00!\xf9\x04\x09\x02\x00\x00\
\x00,\x00\x00\x00\x00\x80\x00\x80\x00\x00\x03\xff\x08\xba\xdc\
\xfe0.C\xab\xbd\xa6\xe8\xcd\xbb\xdfR(\x8ed9\
bh\xf5\xad\xac\xe9\xbe\xf0\x9b\xa6l\xdd\xc5x\xae+\
3j\xff\x85\x9dpx\xea]\x806\xa2r\xc90\x1e\
\x91-\xa6t\xe8\xb4@\xa3\xd3,\xae\xaa\xba~\xb4\x8e\
\x83xL.\x9b\xcfd\xae\xba\xeb\x05\x12\xde\xf0\xb8|\
N\x8f\xa3\xef\xf8\xf2z\xddF\xd6\xff\x80ry\x83w\
{j}n\x81\x8au\x84\x8dz\x86U\x88?\x8b\x94\
\x82\x8e\x97\x90\x91\x925\x95\x9d\x04\x97\x98\x99F\x9b\x9c\
\x9e\x94\xa0\x8e\xa2\xa3\xa4+\xa6\xa7\xa8\x84\xaa=\xac\xad\
\xae\x8a&h`8W\x9dS\xb9\xba0\xbc\x95\xbeg\
\xc0\xc1P\xbdR\xbf\xc6&\xc2\x94\xc4f\xcc.\xce\x8b\
\xd0e\xd2\xcd\xc8\xc3\xca\xc5\xd8$\xd4\xb7\xdc\xd1\xde#\
\xe0\x81\xb8\xb0\x83\xb23\xb4\x1f\xb6\x8a\xe9\xea\xeb>\xed\
\x1d\xef\x81\xf1y\xf3\xf4\xf5\x1b\xf7\x80\xf9\xf0\xec\xc3\xd0\
\x8f\xc3\xbf?\x01\x0b\x0d\xb4RP\xc3AF\x09\xcf,\
d\xd8\xf0!\x9d\x88\x12'Rh\xe8\xd0\xff\xa2%\x8c\
i4f\xe0\xe8Q\x0e\xb9\x06\xe6\xde\x9c\x5cY\x22%\
\x01\x960C\xb8\x8cI\xf3\xc1\xcc\x9a8\x15\xdc\xccY\
s'\xcf\x98>\x7f\xb2\x0c\x8aS\xe4\xc8\x8a%\xe1\x0c\
X\xca\xb4\xa9\xd3\xa7P\x9b\x1a\xe5X \xa9\xd2\xa8X\
\xb3J\x15I\xd5\xea\x1b\xad`\xb1N%\xe95\xacY\
\xa7c\x91Z=\xcbv@\xda\x82^\x09\xb4=\xfb\xb6\
_\xdc\xb9f\xeb\xd6\xbb\x8b\x17\xacP!\x9d\xd8\xfe\x95\
\x16\xf8\xec`f\x85\xcd\x1e6\x968\xecb`\x8d\xfd\
>\x06\x13Y\xebd\xca\x95\x04_\xceR9\xeb\x14>\
d\xd7\xf6e\xba\x03\xb4\xda\xa4\xa3I\xeb0\x0d\xb7l\
\xea\x01\xa5\x0f\x85F\xfd:6\x97\xae\xaeS\xdb\xd6t\
\xba\xe4k\xd8\xabe\xf7\xf6\xf8{\xb7\x13\xdc\xa2uo\
^\xce\xbc\xb9\xf3\xe7\xd0\xa3K\x9fN\xbd\xba\xf5\xeb\x87\
\x91\x9b|\xd0\xf9\xf7\x00\x01\xe0\xc3\x8b\x1fO\xbe\xbcx\
\xedq t\xffm\xbe\xbd\xfb\xf1\xe8\xe1\xa8\xcf\xec\xfd\
\xe9\xfb\xfb\xed\xe3\xab\xe4N\xbf~S\xfc\xff\x00\xc27\
[z\xfcQ\xe2\x9fS\x01&(\x80~/\x15\xb8\xc8\
\x81\xff)\x08 \x83\xf3\x19\x08\xe1R\x12N8\xa0|\
\x0e*r!\x86\x19\xde\x87\x1d\x0c\x09\x8e\xa8E\x89&\
N\x81b\x8aL\xac\xc8\xa2\x12.\xbe8D\x8c2\xee\
@c\x8d9\xdc(\x84K\x07}\xf8]\x80S\xf0\xf8\
\x8f\x8f:\xee \xe4=D\x02)\xc5\x91\xef$\x09`\
\x90\xda$\x07a\x91:0i\x8b\x93\xf8A\xe9Gn\
S*\xc9\x84\x95\xae`)\x22\x8ed\x96i\xe6\x99h\
\xa6\xa9\xe6\x9al\xb6IS\x5c*\x86\xf8^\x00t\xd6\
i\xe7\x9d\x01@\x80'\x9dpJ!\xe7\x9c{\x06\xaa\
\xe7\x9e}\xb6\xf8g{\x81\x0a\xfa@\xa0\x85.q(\
\xa2\x89\xe29(\x9e\x8d\xc2\xf8hy\x91J\xba(\xa1\
^\xc5y\xe9x\x99\xde9\xe9\x9d\x95\x12\xf1)y\xa1\
\xda9\xaa\x9d\xa5\xcex\xaax\xa9\xd6\xb9\xaa\xacn\xd6\
j\xeb\xad\xb8\xe6\xaa\xeb\xae\xbc\xf6Z\x93\x98\xa7\xc6J\
gL\xc0~*l\x9e0\x15{\xe9\xb1 \xc4~\xf8\
*\xac\xc26{\xe1\xb3\xe11\x9b\xac\xb3\xd4\x0a`-\
K\xca>\xba\xedJ\xdd\x1e\xfa\xad\x08\x09\x00\x00!\xf9\
\x04\x09\x02\x00\x00\x00,\x00\x00\x00\x00\x80\x00\x80\x00\x00\
\x03\xff\x08\xba\xdc\xfe0>C\xab\xa5%\xeb\xcd\xbb\x97\
`(\x8e\xa4x\x9d\x86\xa7\xae[\xe9\xbe\xf0\x8b^l\
\xfd\xc5x\xae\x03\xb3e\xff\x9a\x9dph\xeaa\x80?\
\xa2r\xc90\x1e\x915\xa6\x94\xe8LA\xa3\xd3l\xae\
z\xc5j\x0f\xe0\xb0xL.\x8b\xabhT\x17Hh\
\xbb\xdf\xf0\xb8\xfcm\xae\xdb\xc7\xe9|e\xfd\x9b\xfb\xff\
pw\x82uzz|6\x80\x89~\x83\x8cx\x85i\
\x875\x8a\x93\x81\x8d\x96\x8f\x90\x91+\x94\x9c\x04\x96\x97\
\x98\x5c\x9a*\x9d\x94\x9f\x8d\xa1\xa2\xa3\x1d\xa5\x93\xa7\x8c\
\xa9N\xab\x1e\xad\x8a1fZ9\x88\xadS\xb8\xb91\
\xbb\xa5\xbde\xbf\xc0\x92\xbcR\xbe\xc5.\xc1\x9d\xc3d\
\xcb/\xcd\x9c\xcfc\xd1\xcc\xc7\xc2\xc9\xc4\xd7$\xd3\x94\
\xd5b\xdd\xde\xd9\xce \xaf\x83\xb1F\xb3\xac\xb5\x80\xe8\
\x82\xea=\xec\x1c\xee\xef\xf0v\xf23\xf4\x1b\xf6\x7f\xf8\
\xf9\xf4\x9d\xe0\xa7\xc1\xdf\x22\x80f\x04\x0e$X\xc0\xe0\
\x1c\x84\x09\x15\xfa`\xe8P\x0e\xc42\x12'\x12\xac\x18\
\xe7\xff\x22\x99\x8c{(r|3N\xc2\xb78%S\
bc\x91H\xa5K\x11'\xe1\xbc\x9c\x19!&I\x9a\
8\x19\xd8t\x93\xb3'\x80\x9dm|\xe6\x04J@(\
N\xa2=A>\xe17\xf2\xcd\x80\xa7P\xa3J\x9dJ\
5\xaaR+\x1b\x9b\xb6\xa9\xca\xb5\xab\xd4\xab\x0c\x1bj\
%\xe0\xb5,W\xb0\x22\xb5\x9a]\xfbUi\xd8\xb1d\
\xd9\xcaE\x9bU\xad\x5c\xb6t\x99\x8e\xbd\x8b\xd7m\xda\
\xa6|\xd7\x1a]\x92(\xf0\x80\xc1\xd7\x0a\x07F\x1cM\
1_\xc6\xcb\x1c\xdf\x85\x5cL\xb2\x5c\xca\xbf,\xb3\xc5\
\x9cK\xb3`\xceY<\x9b\x9d\xa2J\xaf]\xc3Sw\
\x94\xa6\x07\x175U\xd5\xb2\xfe\x8et\x9dZ\xc7jv\
\xadiG\x85\xbdN6G\xdd\xbbm\xc7\xae\x0b\x18\xf8\
S\xde\xf3|W4~\x5cxo\xe2\xb3\x99\x83\x9eN\
\xbd\xba\xf5\xeb\xd8\xb3k\xdf\xce\xbd\xbb\xf7\xefF\xdf\x02\
\x82 Z\xb7\x80\xf3\xe8\xd3\xab_\xcf>\xbd\xf8?\xe4\
\x011\x97\xda\xbe\xbe}\xf5\xef\xfd\xc4\xff3?\xea\xfd\
\xff\xff\xf5\xe57\xc7~~\xf4\x07\x15\x80\x08\xe2\xa7\x9c\
L\x0f\x94G[\x82\x10\x0a \xa0\x1c\x04\xcea\xe0S\
\x11&8!J\x0d\xcawa\x86\x08n\xc8\xa0\x03\x0e\
\xba\x06\x22\x80\xe0\xe9\x00a\x8aZ\xac\xc8\xe2\x14.\xbe\
\xc8D\x8c2*Ac\x8dC\xdc\x88\xe3\x0e:\xee\x98\
C\x8fB\x10U\xcb\x85\x03\x9c8\x85\x90\xad\x10i\xa4\
\x14H\x96\xa2$\x88G\x96\x13\x9d\x81K2\xd1d'\
Of\x18%K{}\x08%\x93R\xfe\xe6\xa5\x96`\
ryZ\x7fU\xfa\xa8\xe6\x9al\xb6\xe9\xe6\x9bp\xc6\
)\xe7\x9c%\xe5\xd6\xdc\x8c'\xb2\x17\xc0\x9e|\xf6\xe9\
\xa7\x9f\x10\xf4i\xe7aR\xe4\xa9\xe7\x9f\x88\xfe\x19(\
\x9f\x83\xc2h\xa8z\x89F\xca\xe7\xa2{6Z\xe8\xa3\
\xe9I*)\xa5\x01X\x8a'\xa6\xe7i\x1a)\xa7\x9e\
.\x01*z\xa2&Jj\x97w\x9az\xaa\x00\xa9\x22\
\xba\xea\x99\x8e\x9e\x1a\xab\xa2\x0f\xf4I\xe7\xae\xbc\xf6\xea\
\xeb\xaf\xc0\x06+\xec\xb0F\xcd\xf7*\xa4\xb7\xea\xfa\x92\
\xb1-\xc7\xa2\x9a\xec\xa4\xcb2\xd7\xac\xb3\xcf\x060\x13\
\xb3\xd3V\xbb\xe7\xb5\xd2N\x0b\xab\xb6\xdc\x1a\xe7\xed\xb7\
\xd5\x86\x0b\xdc\xb8\xdaZ\x1b\xad\xb8\xde\xa6\x1bB\x02\x00\
!\xf9\x04\x09\x02\x00\x00\x00,\x00\x00\x00\x00\x80\x00\x80\
\x00\x00\x03\xff\x08\xba\xdc\xfe0J`\xaa\xad%\xeb\xcd\
\xbb\xdfS(\x8ed\xf9\x5c\xd7\xa7\xae\x9c\xe9\xbe\xf0\x88\
Zl\xad\xc6x\x8e\xcf\x98\xed\x83\xba\xa00\xc43\xfc\
\x8e\x85\xa1r\xc9(\x22\x7f\xcc\xe8\xd0\xf9\xb4I\xaf9\
j\x95%=x\xbf\xe0\xb0x\x0c.\x9a\xcf\xa8m\x8d\
\xc0n\xbb\xdf\xf0\xb8\x9bL\xaf\x87\xd1x\xb3\x9a%\xef\
\xfb\xdfv\x81ty\x84i{*\x7f\x89}\x82\x8cw\
\x85\x8f\x87\x88\x8a\x93s\x8d\x96\x8f\x90\x91\x1e\x94\x9c\x04\
\x96\x97\x98\x84\x9a\x9b\x9d\x93\x9f\x8d\xa1\xa2\xa3\x1c\xa5\xa6\
\xa7\x82\xa9y\xab\xac\xad\x89:dX8\x1f\xb5n]\
c\xb91\xbb\xbcl\xbeb\xc00\xc2\xc3\xc5a\xc7/\
\xc9\xbc\xcb`\xcd.\xcf\xb5\xd1_\xd3&\xd5\xad\xd7^\
\xd9%\xdb\xa5\xdd\x07\xdf$\xe1\x9d\x10\xaf\xb0\xb1h\xb3\
\x1b\xc3~\xea\x81\xec\xed\xee\x19\xf0\x8b\xf2u\xf4g\xf6\
\xf7\xf8q\xf4\xed\xe3\xa7\xc5\x1d\xc0\x80\x02\xc9\x10,8\
\xeb \x9c\x84\x0a\x17\xce\xf0W\xc0! \x88b$N\
\xf4g\xb1\xff\x12\xc62\x1aSp\xecH\xac\x9c\x88s\
rL\xaa\xd4Fj\xd2\xca\x97'[*\x82I3\x02\
\xca85s6\xb8\x09G\xa7O\x00<\xdf\xfc\xd4\x19\
\xb4\xd7\xd0\x9aE\xdb\xd0\x0c)\xd2\x1eI6\x03\xa2J\
\x9dJ\xb5\xaa\xd5\xa9Li\x8c$y\xb5\xabW\xaaY\
{8}\xfa\xb5l\xd7\xb0F\xb6v4\xcb\x16lX\
\x8aO\x09\xb4\x9d;\x00-\x5c\xb2t\xd9\xdaUk1\
\xaf\xde\xb7|\x1d\xfa5{\xf4\x8a\x9c\xc1S\x0bg;\
\x8c8\xaa\xe2i\x8c\x1b?n\x16\x19\xf1\xe4c\x95\x07\
_\x06\x96\xd9\xef\xe6\x5c\x9d\xf3~\xc6\x12\x9a\xae\x14\x86\
\xab\xe26\xf6\xaa\x03\xf5(\xd5\xab\xaf\xb6\xe6q\x97k\
l\xab\xb37\x8e\xb5}\x9bjnC\xbb\xd7\xf6\xf6\x9d\
\x85v\xe0\x83\xc3\x89\xef0\x1e\xbcor\xa9\xbf\x9b\x1a\
\xc4\xfb|\xc0\xe8\xeb\xd8\xb3k\xdf\xce\xbd\xbb\xf7\xef\xe0\
\xc3\x8b\x1fO\xf4x\x1f\x08\xa5c\x0bX\xcf\xbe\xbd\xfb\
\xf7\xf0\xdb\xd7\x9e\xf9 \xfd\xea\xf8\xf8\xf3\xbb\x9fo\xab\
~\x9c\xea\xffQ\xe9' ~\xfc\xfd\x81\xde\x7f\x00\x0e\
\xa8\xe0~\xe6\xa5\xe4\x1f\x1c\x00\x0e\xb0\xe0\x84\x02\x14\xe8\
\xc7\x81\x10&H\xa1\x82\x16\x9e\xf7\xe0\x1b\x11n\xc8a\
\x838}\xe8F\x88\x22\x0aH\xde\x10\x13\xae\x88E\x8b\
.J\x01c\x8cL\xccH\xa3\x126\xde(D\x8e:\
\xea\xc0c\x8f8\xfc\x18DR\xa5\xa0\x98\xe2zR\x10\
\xd9\x89\x91G&)\x93s\xd5\x1d\xc9\x9e\x93\x1d\xc0\x16\
\xa5\x94\x02PI\x0bo\xcfa\x99e\x14Jr\xc2d\
\x8aZ\xbeC]\x97X\x96\xa9\x81\x95hJ\x09\xe4\x9b\
p\xc6)\xe7\x9ct\xd6i\xe7\x9dx\x96\xc3fbQ\
x\x19\xc0\x9f\x80\x06*\xe8\xa0\x80b(\x5cU2b\
I\xe8\xa2\x8c\x1a\x0a\xa5rK\xf8\xc9\xe8\xa4\x81:*\
\x18n}*J\xe9\xa6\x96\x22\x87i\x8d\x9an:i\
\xa7\x00\xc9\x96\xa9\x94\xa2RJ*>\xa6\x82\x8aj\xaa\
\x8d\x9ax)\xa2\xa7\x1e\x09k\xacy\xe6\xaa\xeb\xae\xbc\
\xf6\xea\xeb\xaf\xc0\x06\x8b\x9dz^\xc2w\xeb\xa24\x11\
[\xac{1\xc7\x12\x9a\xec}\xcb2\xdb\xac\xa0\xcf6\
\x16\xad\xb4\xd3\x16\x0a\x93\xb2\xd7\x0a\x90m\xa5\xdbB\xdb\
\xad\xb7\xdf\xfeY-b\xe3\xaeW\xae\xb9\xe1Z\x9b\xee\
\xba\x01@\x90\x00\x00!\xf9\x04\x09\x02\x00\x00\x00,\x00\
\x00\x00\x00\x80\x00\x80\x00\x00\x03\xff\x08\xba\xdc\xfe0\xca\
f\xaa)8\xeb\xcd\xbb& 1\x8ddi\x9e\x8fu\
yl\xfb\x85h,\xcf\xa5\xea\xdel(\xd2|O\xdb\
\xb8\xe0\x0b\xe4+\x1aI@\xa1Pwl:\x19I%\
\x8e\xf9\xac\x1a\xa3R\x17\xd5\xca\xfdY\xb2\xc1m\xf1@\
.\x9b\xcf\xe8\xb4Y\xc5n\xbb\xdf\x15\xf0TG\xaf\xdb\
\xef\x04\xb5~\x7f\x86\xfb\xffqrZx\x84\x85y|\
\x88j\x80\x8bn\x82\x83\x86\x90t\x89\x93}\x8c\x96\x81\
\x8e\x1e\x91\x9b!\x94\x9e\x07\x97\x97\x999\x9c\x9b\x9f\x94\
\xa1\x96\xa3\x9a\xa5\x91\xa7\x93\xa9\x8c\xab\x1d\xad\xae\xaf\x88\
\xb1\x8b\xb3\x1c\xb5\x90Mk\x16]<C\xbdtV\xc0\
\x15\xc24\xc4\xc50U\xc8\x06\xca3\xcc\xcd;O\xd0\
\xd22\xd4\xcd\xc7e*\xd91\xdb\xc5\xddd\xdf\xe0'\
\xe2\xbd\xe4\xa0\xc1\xe7&\xe9\xb5\xeb\xe6\xee$\xf0\xad\x0c\
\xb7\xb8\xb9\x7f\xbb\x1b\xd5x\xf9\xf8\xec\xe3\xd7/\xc3\xbf\
;\x01\xf7\x0c\xf4S\xd0\xe0\xc1:\x09\xf5,\x84\xd3\x10\
\xc3C\x88\x11\xd3L|S\xb1\xff\xc0EI\x19\xd1l\
lT\xf1\xa3\x8e\x90\x22G\xb2\xe9h\xb2\x13Jh*\
W4lI\x84\x1e\x0a{xl\xea\xbc\xe9\xf0\xde\xce\
\x9f#p\xde\x01J4\x82P;E\x9368ZG\
\xa9S\x00L\x8d=M\x1aU\xcc\xd4\x9fU\x9d\xd1\x8b\
\x89e\x17M\x02\x03\xc2\x8a\x1dK\xb6\xac\xd9\xb1\x5c\xbf\
\x94\xa4y\xb6\xad[\xb2i1\x15\xfc\xfa\xb6n\xdb\xb8\
2\xe7\xb2\xb5\xcb\x17m\x5c\x96{\xfb\xf6\xc5\x0b\xb8\xa5\
`\xc1\x84\xd7\x1a>\xcc7\xf1\xcc\xc0\x8c\xdf^\x95\xa6\
#r\xdb\xc9\xe7*[6\x8b\x19\x9c\xe6\xcdd;g\
\xfb\x0cZ\xach\xca!J\x87>-\x8c\xb4j\xd6\xad\
S\xab6\x0d\x9b\x8b\xeb\xd2P\xda\xf1\xe8:\x8b\xee\xec\
\xb2\xf3\xbc\xc8\xed\xe7\xfb\xb7\xdfd=x\xaf*n<\
l\xf0\x19\xcaG1o\xfe\x5cF\xf4L\xd3\x8dW\x8f\
q\xddQ\xf6\xdf\xdbQt\x17\xf4}v\xf8\x13\xe3\xe5\
\x94\x7f]\xbb\xbd\xfb\xf7\xf0\xe3\xcb\x9fO\xbf\xbe\xfd\xfb\
\xf8\xf3SU\x5c\x0a\xc2\xed\xdf\xff\x02\x04(\xe0\x80\x04\
\x16h\xe0\x80\x85\xf5\xf7\xc0\x7f\xb3\x1d\xe8\xe0\x83\x04&\
\xc8\x89\x7f\xb25\x17\x16\x84\x18:(\xe1&\x14\x82`\
\xa1X\x19\x86\x18!\x7f\x13.X\xa1\x85\x22\xa6(\xc0\
\x86\x91t\x08\xd6\x87\x03\xa8(\x22\x8b\xbe\x98\xe8!\x8c\
2\x86H\xa3!.\xc2\x18c\x8e\x18\xeaWE\x8aB\
vAd\x91V\x1c\x89\xe4\x13J.\xd9D\x93N\x1a\
\x01e\x94>LI%\x0fV\x16\x91U$>\x02y\
\xa0\x15[B\xd2\xa5\x97\x05\x82\xd9\x93Ic\x929\xa0\
\x99\x16A\xd6\x9c\x9a\x04\xb2\xe9\x91\x9b\xc6\xc1\xb9f\x15\
a\x1a\x92\xa6\x9dr\xaeW\x9a\x9d\x02\xf6I'\x80\x80\
\x0ap\xe5\xa1\x88&\xaa\xe8\xa2\x8c6\xea\xe8\xa3\x90\xd2\
\xf3Q]I\xe6\x18\xc0\xa5\x98f\xaa\xe9\xa6\x9c\xba\xf8\
\x0f\xa5CZ\xca\xe9\xa8\xa4b\xeai5\xa02)j\
\xa9\xacjzj3\xa9:\x01d\xab\xb4\x9aj\xe3A\
\xb1>\xb9j\xad\xac\xbeZL\xaeG\xcc\xcak\xab\xbe\
\xf6\x02\xac\x94\xbb\x0e;j\xb1O\xb5\x1c[\x84\xb0\xca\
\x92\x1a\xe9\xb4\xd4Vk\xed\xb5\xd8f\xab\xed\xb6\xf0Y\
V(\x81\xd1\x96J\x94\xb7\xdf\x0a\x18\xae\xb4@\x91[\
\xae\x00\xe7.\x9bnd\xeb\x06\xd8n\xa7\xef2\x16/\
\xbb\xf3\xbaZ\xefa\xf7\xe6\xab\xefO\xea\x96\xebo\xa6\
\xe3\xc2\x1b\xef\xc0\xb6*\x90\x00\x00;\
\x00\x00!\xff\
G\
IF89a<\x00\x84\x00\xf5\xff\x00\x9c\x8c{R\
{9\xef\xb5\xd6\xadZ\xad\xce\xad\x94\xff\xce\x8c\x00\x00\
\x00\xa5{B\xf7{\x94\xf7B\x84\x18\x08J\xadB\xc6\
\xce\x8c\xe7\xa5\xb5\xd6\xf7\x9cR\x00k1c\x00B\xce\
BRJ)k\x9cJ\xc6s\x84\x94cR\x00{\xb5\
9\xb5\xc6B\xff\xd6B\xf7\xef\xde\xe7BJ\xc6\x08\x84\
\x94\x10\xad\xde\x08\xad!\x10\xadZ\x10\xd6\xce\x08\xd6c\
\x10\xce\x84{\xffRR\xc6\x8c{\x94)Zkc\xb5\
cs\xb5c\xe7\xbd\x18\xf7\x08Z\xad\x00B\xe7\x08\x84\
RB\xff\xd6Z\xff)\x18\xf7\xb5\x10\xff\xc6\x10\xff\x8c\
9\xff9J\xc6B\x84\x94J\xb5c\xff\xff\x00R\xe7\
)Z\xef1\xa5\xf7\x94\xad\xf7\x18\xd6\xffJ\x00\x00\x00\
\x00\x00\x00\x00\x00\x00\x00\x00\x00\x00\x00\x00!\xff\x0bN\
ETSCAPE2.0\x03\x01\x00\x00\x00!\
\xf9\x04\x052\x00\x00\x00,\x00\x00\x00\x00<\x00\x84\x00\
\x00\x06\xff@\x80pH,\x1a\x8f\xc8\xa4r\xc9l\x16\
\x05\x88D\x22E\x95\x22\x04\xce\xacV\x88\xa0z\xbf\xdf\
\x04vK6\x0a\xa6\xe0tx\x5c&w\xd5\xf0/\xa2\
\xbd}\xc7\xef\xa99\xbdi\xc7\xdf\xf5{I}~w\
l\x81O\x84\x89)\x87f\x8a\x89\x80\x8c\x00\x8e\x8a\x91\
\x5c\x93\x89\x09\x95\x97\x94\x8c\x02\x9b\x8f\x8c\x9f\x98\x87\x9e\
\xa2\x84\x87\x83\xa6p\x87\xaa\xa7{\xa5\xadw\x81h\xb1\
p\x99{\xb5w\xb7m\xa9\xb9^\xbbe\xb4\xbe`\x90\
d\xc3p\xc5Z\xb0\xc7_\x86[\xc2\xcc)\xc0\xc6\xd1\
at\xbd\xc7\xd3Z\xd5\xc4t\xdc_\xd7\xdf^\xde\xe2\
T\xe4\xe2\xdaN\xcb\xdc\xceY\xd0\xd5\xe7\xe2m\xeb\xd5\
\xe9M\xef\xd1\xc9N\xe5\xe6e\xf4\xf0\xc1\xf8-*#\
\xd0\xde\x92\x7f\xd1\xda\xdd\x13\xd8F\xe0\xc0-\x08\x99\x19\
T\x82/\x1fA\x81\x0a\x0f:\x0c\xc8\x90\x1a\xbf\x89H\
\xb0E\x03y\xc4\xe1\xc3m\x1b\xeb\x98$S\xd1\xe2\x16\
\x93\x19\x05\xad|6\x13eA\x95\x0e\xf5Q\xac\x99\xc5\
\xe4I\xff>&I\x16\xf1\xa93\x09Q--\x01\xf6\
\x0c\xaaEd\xb5\xa2G\x92\xba\xdc\xe7S\x99O\xa1C\
\xa42\x83j\xc4\xe7O\x8dU\xdd]\xb5\x993KD\
vb\xc3Re\xaa\xce\x8b\x0a\x08p\xe3\xc2U\xa1b\
\x18W\x22o \xd0\x05C\xf7m\xdcZ1\xbb:\x8a\
[\xd7\x14YEo\x0d\xe8\xddt\x97\x88)\xbf\x85\x15\
\x056\xa2\xd5\x0f\xe4D4k\xf9\xc5\x83u\x88\xd3M\
\x10\x14G\xee\x96\xd9\xd7e0\x198\xc6I\xa0\xc1\x81\
\x03\x0d\x1a\xa4X^\x0c\xaeM\xd2\xd6\xaes\xc3&D\
[\xda\x9e\xa4\xb9\x83\xbb\x8e\x8d\x07\x82\x97\xc9L\xce\xa8\
\xc1-<x\xd2\xc8\x91\x94\x7fi\xde\x9cS\xf4(R\
\xa8\x0b\x1fUi\x88\x80\x02\xdau'B\xde\x06|x\
\x07\xa0\xba\x139\xef\x1a\xb3\xfa\xf5\xec\x09\x91/\xcf\xde\
AR1\xef\x89\x98\x0f_\x00\x0a\xb2\xfcE\xd4W\x00\
\x80N\xec\x17\x1e\x81\x05\xd6\x87`\x13\x02.\xb8D\x06\
\x0a:\xa8\x84\x81\xdaI\xa8D\x83\x16\x22\x11a\x86F\
PH\x96\x1d\x87Gx(\xdc\x80 \x06\xe8\xda\x01\x15\
\x96\xa8\xdf\x89\x0f8p\x00\x8a\xc1\xa9\xb8\xa2\x03\x01\x04\
p@\x8d\xc2\xc98Dn\x0f\xd4\xf8\x00\x8c\xae\x91\xa8\
#\x8b\x0f\x14icn:\x0a\xb1\xdf\x8d\x01\x14\xd9\xa2\
kI\x02`\xde\x8b'\xe2\xe8\x80\x902\x12\xd9#\x90\
\x0eD\xb9\x9f\x8fN\x22\x99\xa4\x87L\x8a9\xa4k5\
\x96\x99\x1b\x96*\xa2\xd9c\x93=\x9a)\xa3y8\xd6\
he\x97c\xba\xb6\xe5\x8bwz\xe9\xa6\x9d?\x06\xe9\
\xa7\x9bF\xcay\xe6\x89T\x1a:'\x7fQ\xeeH\x1d\
\x9b\x83\xae\xd9\xe8\xa4G\x04\x01\x00!\xf9\x04\x05\x0a\x00\
\x00\x00,\x01\x00\x01\x00:\x00d\x00\x00\x06\xff@\x80\
pH,\x1a\x8fH\x00\x22\xb1in\x92\xd0\xa8\xf4\xe8\
\xacZ7\x83\xa9v{\xed:W\xdbp\xd2\xeb]\x99\
\xc1\xe24\x80\x5c>?\xd5\x5cv\xf7l~\xc3\xa3\xcd\
\xba\xfc\xebn\xde\xa1y}W+VtU\x7fT\x81\
z\x83t\x8d\x87\x88DU\x8es\x8d\x8bN\x90C\x92\
\x82d\x9b\x8f\x90\x85\x9d{]\x98\x95\xa1\xa2V\x9f\xa5\
\x84\xa7\x94h\x7f\x9a\xab\xac\xa0t\x88\xb2\xa2\x95\xaf\xb6\
r\x86~w\xa7\xa6\xb3\xb1w\x03{\xa5\x9c\xbcvi\
\xb7\xc6mz\xb9l\xc8\x1b\xb1\x8c\xce\xbe\xbb\xc0\x94\x97\
p\xd8\x93\xbaw\xd1\xc1\xba\xbdj_\xc7\x96\xb2p\xac\
\xe7\xe8\xe4\xe2\xb6\xdb\xee\xefj\xd3\xf1{\xe9\xf5|l\
\xed\xf8\xd2\xc0\xaea\xfc\x14\xd1\xd3\xa6,`7Ob\
\x8e\xa9\x03\xb6\x8f\xda\xc0<\xe1F\x15l\xf5\xb0\x9f*\
\x89b\x885['\x10\x1cA\x80\xe6*\xc2\xd27Q\
ZD|i4v<\x18\xaf\xe4J\x8e\x0b\xff\xc5i\
U\xafQ\xc3\x80\xc1dN\xc1\xb9q\xdcL\xffY\xd8\
\xf8T\x03\x19\xd3\xa3\xd0:.\x97U\x0a\x99L\x8b\xad\
h\x22\x0d%TT,((\x9f;\x99Q\x14Ir\
\x8b\xaa\xa8V\xbbd\xe1\x02\x95\xa9<\xafF\xdb\x88\x13\
\xc3\x92'\xc2\xacaQ\x82L\xcbsj?\x9c0\xed\
\xf24J\xd4\xad\xc7\xb1N\xddvD\xf5\xf3Z\xd1+\
}\xa1\xf9;\xf9Q\xca/\x7f_\xad\x00v\xfc\x18\xf2\
R\xc2\x81\x95r\xa5\x8aqJEztO\xa1\xddx\
\xd9\xdd\xe4(\x96\xdb\x02E\xbb\xd9bM3\xac\x057\
\x8b-{\xd6i(0+W\xd5\x99\xa4\xb5b\xd5\x02\
\x0b\xeb\xba8;\xb3\xb8\xb2m\x84s\xfe\xed;\x8fp\
\xad\x0e\x9bc\x1d\x13\x9d[\xdc\xc6\xd4aM\x03\x9b\xbb\
3\xa0&\x10\xc2\x8b\x1f\x0f\xc10\xab8\xe2\x0d\x91\x0f\
\x8f\xd3\xf8\xd1+\xe3\xe5Rf\x5c\x05\xc2\x90\xf2\xde\xdc\
\xe7\x93\x13_\xe1\xdb\xef\xf8\xf4\xa7\xdd\x7f\x00\xf2#\xde\
\x80\xd8\x15\x18\xd0}\x16\x0d\xa5\x9c\x17\x09\xac\x90\x00\x13\
l\x1c(HR^\x081\xe1\x86\x83\xd4'B\xc4\x22\
\xf7\x90q\x04\x85\xda\xd5\xc1\xdet[ \xd0\x95\x11\xd5\
\xad\x80_S\x18\xc2\xc8\x22#\xe0%\x98\x12D2\x16\
q\x1e&z\xb1q\x1b\x8fx\x88\x02db\x22\x0e\xf9\
 bF\xea\xe7]\x92\xa8\x15\xc9d\x18\xeb \x12\x04\
\x00!\xf9\x04\x05\x0a\x00\x01\x00,\x01\x00\x01\x00:\x00\
d\x00\x00\x05\xff` \x8edi\x9e\xe80p,\xbb\
\x0c\x0c*\xcf\xf4\xc9\xb4x\xce-u\xef\x8b7\x9d\x90\
\xd5\xd9\xc4~\xc8\xd2j(\xec8;\xc7$r\xc9\xd4\
=;\x9c\xa8\xb4\x16\xacZ\xaf\xd9mm\xe9\xf4\xe2\xc0\
,\xad\xb8\x14D[\xbf\xd8\xd6\xda\xd6r\xe7\xae\xf8\xdc\
`^:\xdb\xfdxq8|$\x80\x82LOCj\
bpff\x84\x01\x81e\x8e^\x8bI\x1c\x92\x87\x94\
w\x1d<s~\x9b\x88WsT\xa1U\x81\x9f\xa6^\
\x89rk\x9b\x93\xa7\xac\x1ck\x0b\x8e\x81\xa2\xb2\xaef\
\x99\xb8\x82b]\xb8w\xbd.b\x9aM\xb2\xbb\x82{\
[\xc8\x9c\xcd\x9b\x96\x5c\x98\xb0p\xc6\x94\x8cu\xc3\xaa\
\xb3[\xaf\xd6\xd7\xdd\xdb\xaa\xcc\xe2\xa6\xd14\xdf\xe5C\
[\xc0\xea\xd4:\xe1\xeaD\xcfD\xf1\xf2\x7fuR\xed\
\xe5y:\xe72\xb1\xbc\xbdkui\x08>\x22\x8d\x84\
\xd8s\xf6-S:)\xb5\x0c\x1e\x9cvK\xc8?\x14\
\xb1\x06&\x5c\x97\x04\x981z\xe3\x92D\x9c'I\x1e\
\xc1\x1f\xd5&\xffz\xf3\xf4c_\x9dt\x02;H1\
\xb9*\xd1L\x9a\x12}!qi\x0b&\xc98\x05M\
U<\x96h\x19J\xa1%sb\xb9\xc8\x06\xa9\xa6t\
`\x82NK\xa6Q\x22\x8b\x82CSn\xdbI\xb1\x1f\
Q\x9fBX\xf6\xa0(L\xa9*\xa6\x85T~\xd9\xda\
\xd2+N\x85G\xd5\xd24:\xb6\xeb[\x8e>\xbaT\
UU\x15\xc9\xdd\x97\x1a\xfd\xfe\xb5\x9bC,\x0d\x9e\xf7\
\xfe\xa0\x15\xe1-&\xbc\xa3T\x1bn<I\xa3T\xc6\
\x86\xbc\x0aC\x8e\x8c9+\x0b\xba4\x1c\xd7\xfc\xb6\xb8\
\xea\xc7\xbd\xe0z\x98\xce\x5c\xce\xf0\x0c\x90\xac\xc5\x81\x96\
\x01\x12T\xe2\x1f\xb5\xef>\xc1\x0d\x96\xe6\x13\xd7(r\
\xf7\xa4\x8a;\xb1\xcaQ=\x10S\x8a\xed\xcc\x87\xf1\xb2\
D\x9d[\x1d\xdd\x9b\xb2\x0c\x97\x9e\x0dU\xbfZ\x97\xe1\
q\xe19\xa4\x03\x82^-T\xf2\x16\x12NHX_\
3\xd4\xec\x13K\xd8_\xd9\xb0>\xbd\x82\x00\x12p\x8a\
7\x04O\x01{u\xfb\x01\xf6Mz\x01\xf8\xb7\xcd{\
'LW\x05\x85\x81\xf9\x89\x92\xc3b41X\x9eu\
2\x8cd\x92\x04\xf7\xf1G!\x0a\xca\xb1e`?\x8b\
\x89`\xa1\x17\x09\x94\x98\x80\x17\x18\x8a \x8b\x00R\xe1\
E\x82e\x08\xa1\x17\xc0\x06\xb0,\xf4X\x09\x11\xa8\xe0\
\x9dL\x8cm8F\x15(\x00\x10\xc1\x06\xda9\xd1`\
\x18\xbf\x0c\x01\xc0\x0c\x00\x10\xc9\xc9\x8dk0\x10\x11P\
\x95\xa5F\xc8\x00Nt\xe7\x05p| @C\x04\x94\
\x84\x08I\x8ff 8&@\x8e\x9c\xd9\xa2\x8bj\xaa\
\x06S\x9b\xcc\x18#\xa6\x09!\x00\x00!\xf9\x04\x05\x0a\
\x00\x01\x00,\x01\x00\x01\x00:\x00d\x00\x00\x06\xff\xc0\
\x80pH,\x1a\x8fG\xc6b\x12j:\x17\xc8\xa8t\
\x8a\x1c8\xaf\xd8\xd0\x84A\xedz\x85\xd8O\xe8C.\
79 \xd0w}\x5c8\xc5\xe5\xb89\x9d\x1e\xb0\xef\
\xee\xb1|O\x0e\xd1A\x1cvw^VM|\x87\x7f\
 !\x82\x83RL~\x8a|oe\x7fN\x8dSM\
\x7f\x92\x8az\x1f\x9ab!\x97HN\x95|\x89\x89p\
Z\xa2E\x86\x90t\x9b\xa7 qM\xabC\x85d\xa5\
\x87\x99i\x9df\xb5C\x9d\x9f\x87\xb3\x92\xa1\xab\x0c\xb1\
i\xc3r\x93\xb3\xbf\xc9\xcb{\x86}t\xc7Wt\xbd\
\xd1{\xa7\xa2\x8f\xb3\xd9\xdas\x89\xa2\xd3f\xe5\xe1\x94\
\xaf\xb4\x8d\x0c\xe7}\x9d\xae\xee\xb3\x9a\xeb\x83\xde\xc3\xb1\
\xf2\x9e\x95\xf5w\xfa\xe2\xa7t\xf13v\xe7\x16\xbeW\
\xd4\xc0\xe1\xc2\xd6o\x0d \x85\xd4\x10\xbe\x13\xc8)\x04\
\x94A\x0cM\x09\xd3\xd6\x8a Fe\xb0x\xa13\xc7\
\xc5\xdf\x18?\x10s\x8dl\xf8e\xda?H\x10\x87Y\
\x1a\x14\x93YM\x99\x1e\xbfp\x1a\xc9\xd3\x0c#\xff\x87\
7\xc3\xbd\xcc\xb9\xa6',\x85D\xbd\xfc[\xb9q\x0e\
M8F\x01F\xfa\xa6\xc6d\xb1\x91\xa8\xbe\xd1D*\
R\xda9\x95\xbe\xac2k\x9a0\x98Dsw\xda\x85\
\x9c*'\x19H\xadl\xfee\x1d\x1bK\xd2O\xa5'\
\xbfb\xc3\xb9\xd7\xebV1;\x17\xbe\x8d\x86\x94%\x95\
Ine\x09u7sM9Ws\x17\x03|j\xb3\
o\xd4qqk.%\xfc\xe7/\xce\xa0\x1ay%\xc5\
t\xf3qF\x8a\xa23\xf3\xcc\xa70\x91E\xd5\xe8 \
\x93\x8d\x98f+\xe8}oQ\x22\xc2\x969^L\xc8\
\xdf(\x1a\x96\x22[t\xe8\xc1\x84\x1bw\x19\x80\xa6\xee\
\xda\xdb}&8\x16\xa6\xfb8t1w6\xbe\xec\xba\
xt\x94\xc8\xc9y*?\xdc\x9c{\xd4eM\xa4\xb7\
\x84|]\x17\xd2\x92\xcbI\xb1=\x0fx>(\xc7z\
6\xc7n:|\x94~\xf1*\x8d'\x85A\xe8A\x17\
\xd9\x22\xebqd\x9e9\xbd\xe4\x22 q\xa5\xcd\x86\x92\
Y\x83\xf5g\x04\x13\x0aZ\x16Gbpu\xf1\xff\x1f\
n\xc8\xd1\x06\x9e*J\x15\xd3\xa0\x86\x95-\xd8\xc4]\
R\xd8\x07X9\xb3Ib\x93wF,(\x98s\x1c\
\x9dc!\x11\xc8\x84X_@+\xc1\xc3A\x07^\xa0\
H\x95\x8dX\xa5\x01\xdf\x14g\x15x\x9e+:\xf9h\
\xe2e\xb5E)\x1e<\xa7\x85\xb4d\x8b\xedmx\x8a\
>\x9d\xe1\xf5$4!\xe1\xf5\xe16\x12U\x87fU\
\x875\xe3\x9bL\xdaA\xe4\xc7\x96Q\xe8\xe5Zk1\
zE\xe7\x11:\x92)\x0dX8\x89\x99Nn.\xde\
\x18\xd4\x83|\x8a\xe1\x81\x02\x0a\x10\xc1\xa8\x04\x1elW\
\xa8W\xeaM\xf1\x88\x04\x90\xfe\xc1\x81\x07\x982\xaa\x80\
\x04\x85\xc5\x16\xc2\x9eF8\xe1\x81\x88\xbd\x84\xe0i\xa4\
O\xd2H\x84;\x80\x92!A\xa3\x01\x9c\x1a\x9e\x19\x95\
b\x92\xcaI6\xba\xb4\xe8\xa7rr\xe7\xea\xab\xe0|\
\xd8\xc4\xac\x0a\xd8*\xd5;\x09vW\x8c\x10\x0a\xe4W\
\xca\x8eD\x10\xf8\xd9\x15^\xd1z**\x08\xaew(\
\x07\x0b,\xd1\x0c(c\xfcZ\xdeIl\xb4\xb3p\x99\
\x1d\x09\xb4;\xc0\x04\xe4\x96\x85]\x00\xcd\xddg\x92>\
,\x020\x01\xbc\xd3\x9c\xc2\x81\x04h J\xc5#:\
&\x05\x00\x00\x03\x80\xf2\xe3\x1f\xa0RKZ\x16T@\
\x05\x8ah\x91:\xdc&\x1a\x1c\x0c+11\xe4\xfe\x12\
\x80\x12\x0b\x80@$i&\x0a\xec\xf1\x11\x00\xfcf\xf2\
\xc9\x17.\x95\x1e\xcb\xde\x06\x0a\xb3\x99&\x92:s\x8d\
\x15\xe5\xe7\x84\xcd7\x1b\xd1c\xc6W\xb0\xb8F\x10\x00\
!\xf9\x04\x052\x00\x01\x00,\x01\x00\x01\x00:\x00d\
\x00\x00\x06\xff\xc0\x80pH,\x1a\x8fH\x91\x88\xe5j\
\xbaX\x22\xa4tJM:\xafXW\xb4\xca\xed\x0a\xb3\
\xe0f\xec\xf5\xf2\x9a\x8f\xa2p\x98\xfc\x82m\xcf\xe6\xb4\
:;\x86\xd9coxU>\xcf\xb6\xed/Zz{\
.c\x81a11WvwM\x0d\x83Rrl\x87\
Xc\x8aN10dW\x90Hb\x7f0\x97X\x93\
u\x9a\xa2\x82\x9dDW\xa0\x94W\x86\x8c\x9a\xadM\xa9\
C|.\xb0\xa7tlLY,\xb4\x01\xa7\x99\x9b}\
\xc4\xbfl\xa5/\xb9\xc4`yz\xaf\x8c\xc3\xcb`\x86\
1\xa9\x98d\xca\xd2\x9f\xb0\x9d\xb6\xdaj\xc8c\x9d\xdf\
\xcbd\xa1N\xe3\xcb\xd4s\x99\x8c\xe8\x83\xbc\xec\xa0\xa6\
k\xd0\xefz\xc4\xe1m\xb2\x98\xd0\x8a\xbez\xbc\x811\
w*\xd9\x1a6M\x00\xc29\x07\x0e\x96\xab9\xd8\x9a\
4\xf3\x02(\x9b\x0bV\xe4\x9cL\xecb\x8e\x9f\x18\x7f\
\x19]\xc0sbp \xc2\x90\x83\x1e\xaa\x89\x88\x12N\
\x8b\x90\x19\x15\x9aa\x08S\xda\xc6*\x1ek\xaa\x19d\
\xf1\x9b!\xffp\xf8t\x92<Y\x09FP\xa1\xa5h\
^iqT(\xc6,z\xe2U\x8aF\xe7\x14.0\
MG\x11uU\xf2#UNp\x10\x81\xcaF\xeaO\
\xd7+2\xbbH\x1deO\xd7\xbc\xaf\x1a\xc3b\xb2\xca\
\xa8g\xa1];\xe5\xde\x0d\x16K\xe8\xac3R\xcbV\
\xf4+\xf2\xcc\xd4\xb79\xa5Q\xd3{\xd8n>Pp\
\xd6\x12\xbe\x06\xa8\x8c\xe1\xc9&\x19\x9ei\x10r]C\
w\x85\xbdH\xee\x93\x94\xde@{7\xa5\x90\xd3\xa7\x09\
\x91\xbfG^8\x7f#\xb8\xca\xe2\xa4\xb4U\xae\x9d\xa5\
\xe3\x10\x13D\x83\x86K\xef&\xd9\x96\x5c\x1c\xd69\xdb\
\x99\xd6\x96\xfa\xc8\xc56\x05mo\x95vF9\x0c\x95\
\x07\x1dc\xf5\x22\xe2)\xe6\xedj\x95\x0f\xff\xde\xdcH\
\x93I\xdf\xc1s\xe1\xc3R\xe7O\xf5UF;\x9d\xfe\
\xb7K\xfa\xbbu\xb1\xe0\x8et\xffbq\x89^(\x06\
\xd7\x5c\x8b\xe4\x07\x96}\xe5\xd0\xb7\x97+}a\xc1\x9d\
:c\x99\x84\x8dY\xb9\xec\xe7\x894\xdeq\x85X\x16\
\xe5\x11!\xff_\x22\x056\x02\x0e^\x1cv\xd1\x82G\
\x9608\xe07\x14)5\xd4\x84\x83\xd5d\xa1\x11\x02\
\x002\x8d9\xd0$\xa6\x0eS\x5c\x18(\xd6x\xda\xd4\
!@\x17\x0d\xf6G\x99QD\x02\xf9\x9d9<Vq\
\xa2\x8e\x8f)Y\x08#Cr\xf1\x82|\x10\xc2\x02$\
d\x08\xc2\x84\x9ckv\xa8\xa5\x13m$I\x87dn\
7Ji\x1dv\x035I\x85.Z\xda\xf6_1\x5c\
\xac\xf5\xe54 Q\xc7\x85\x1f\xd0\xd5v\xd0\x8a`\xcc\
X\xc4=Fx\xe0\x81]\xed\x11\xd3a\x00r(\xe0\
\x81\x7fv\x84`\xa8\x07\x0aT\xaa\xc0d]\xf6\x13#\
\xa1Be\xfabN\x1e\xa8\x92\xd1\xa2\x01d\xd7\xc7\x10\
\x8f\xfe\x88\x05lh\x0a\x15\xea\x17ZQ%\x1af\x94\
^\xba\x8d\x88\xa1\x11\xa2\xcd\x07t~\xf1\x14\xa9B`\
\x89\xc5\x07\x13\x80\xb0\xc0\x08\x88\x5cR)\x08\x06FF\
\xcc\x04\x01\x000\xc0\x00\xc7\xba\xc0\xeb5\xa2P\x1a@\
4Q\xcd1\x01\x00DH;\x01\xb2\xab\x1c\xf3\x02\x08\
\x01\x84pC\x89\xa0S\x08t\xa0\x11\x13h\xa8e\xa9\
\xf5\xe9\xd1\x80T \xb6\xaa[.\xbf0\x91\xa2\xbe\xa7\
\xfe\xc2h\x0b0,\x00\xb0\x1a\xec\x0al\xde2\x0a\x9b\
qm\x1f\xc06\xacg\xc3\x9e\x86A\xf1L@&|\
\xb1\x11\xb8\x02\x08I\x10\x00!\xf9\x04\x05\x0a\x00\x01\x00\
,\x01\x00\x01\x00:\x00d\x00\x00\x06\xff\xc0\x80pH\
,\x1a\x8fH\xe1h\xc9\x145\x92\xd0\xa8\x94\xb8\x94Y\
\xaf\xd7\xe5t\xcb\x0dT\xb1\xe0\xecb\xd2-\x1bG\xe1\
\xb4u2Y,\xccp\xb4:<j\xbb\xc9p\xae|\
\x1e\xb6\x8fGySuls\x13{2nw2\x80\
\x81Ihl\x84}\x91k\x8aV\x8c\x8dEhu\x89\
\x13ilc\x9f\xa0X\x98\x99W~\x9dt\xa1w\xa8\
Y\xa4CX\x89c|\x9b\x86i\x97\x8d\xac2v\xb9\
|s\xb7\x81\xa0\xa1\x93\xbd\xbeO\xb8\xaa\xa2\xc4\x85m\
\xbffr\x83\xbcj\x87X\xc8\x98\xcatULk\xbb\
l\x8d\xd3\xc4L\xe1{\xbb\x96\xde\xca\x9f\x86\xe2\xd4\xb1\
\xe5y\xdf\x92\xb1\x03\xe9\xd3\xa7\xedq\xbd\xc2\x9f\x03\xe1\
\xebw\x9a\x81\xef\xfa\xb1\x9a O\x1b5H\x8b\x9am\
\xa9U\x88]BT_\x0evR\xb8\x05T\xc0z\x8b\
\xaeY2f\x06\x9d\x9aS\x01g\xb93\x15m\xdb0\
\x8d\x14\xa5\x8c\xe3\x83Pc+3\x0cB\xba\xec\x95\x12\
\xca\x02\x993\xa5\xe5Y\x903gM\xff(\x13q\xb2\
<I\xed^\xc2\x9e&K\xb6\xb9g\xd0'F0x\
\xca\x88\xe3\xe7\xf2\xe9K\xa9\x09\xf9\xb5\xf4t(V\xb4\
\x9fH\x9e\x19\x84\xa4t\x189:L\xf9m\xaa\x04\xb5\
\x0d\xa4U\xb6\x9cY\xb2$\xc7j\x16dD\x17q\xd4\
c\x89\xa1\x15\xaf,\x07\xfc\xd1Y\xa6A]\xb3l\xa5\
QE\x8b\x95d0\xb8\xbe\x163\xeerh\x90\xd7\x92\
`$o\xbb)7U^\xc5\x87TuF\x9ay,\
\xb7\xd1\xa4\xb3\x84V\x04\xf6LN\xb7\xbcV'Z\xd4\
X#\xde\x8b\x9cd\xa0&\x96\xcf\xedGN\xadK\xd9\
N\xfc\x99l\xf0!u\x93\xfd\x9emj\xa8!\xa9\xb7\
\x97\xcb\x9ay\x5cH\xef\xe9}\x80\xcf\x84N\x1c3Y\
\xeae\xfc\xf0l\xbe\x0c\xb3\xaf.\x0d\xec\xa6&\xbce\
\x89v[B\x89a\xfd\x0e\xfa\xa8O\xf4\x871O\x0d\
\xb9\x15Ku\x9c\xfb\xe1D\x9f\x7f\x94\x81\xa3\xce,v\
\xfd\xa7L\x1dM5\x94\x98\x82\xbc\x09\xa6\x99_\x88\xe4\
\x96U\x81\xc4\x0c XP\x12\x09\xa4\xffZu\xe7\x08\
\x96\x98co%\x13\x0e_\xe7X\x98\x19^\xf30\xb1\
W\x14\x17u\xa5\xa2-n\x89\xc5\x04\x17\x0c\x8c\xd7V\
.gQwcE\xd8\x1d\xf4\x98r.5\xc1\xc5\x88\
}\x89\xf7\x99\x81\x130\xb0\x85\x88\xe6-\xd2\xdfkK\
\x01\x19\xe5z\x8e\xbdQ\xd1\x92X\x9ar\xc7\x16\x0cp\
\xc9\x1b\x91\xd9\xb9\xe1\xe4\x14\x05\xc5\x07\xcf{ej)\
HDUq\xe3\x9b'\x89\xb4\x07gU\xdd\xfd\x16\x15\
\x8c\xdf\xc0\xc6\x92Ck\xb0t\xa6J\x11EG'\x92\
\xe7\x09\xd2\xd6*s\xfa\xb7\xd6`\x0b\xb6\x07U\x9e\x8e\
\x8e\xb0\xe1\x95\x04**\x83\x04\x0at\xea\xa9\x02%\x94\
\xa0KiK\x0cH\x13\x17V\x84\xaaKn\xa1z*\
*]\x0dF\xaa\xa9\x97\xfe\x80\xd1i\x09\x12d\xa5\xe6\
U0J\xf2\x99\x04CHp\xa7|\x92\xfa\xda\x0b\xa7\
\xa0\x96\x97\xe9\xac=\xa1QB\xa7\xb9\xee\xc8\xcaq\xbb\
\x12\xf3\xac\x02wY\x08\xa1\x818\xbd\xb2*k\xb5\xcd\
A\x01\x05uhH.WVtZcOuJ\xf4\
B\x01\x09B\x00\x00\xc0\x00\xe3\x866\xc9\xb3s\xb2\xdb\
\xee\x1c\xf0\x16\x01\x00\x09\xf5\x92\x08\x89\x04\x12@\x04\x10\
{F\x00\xfc\x0c^\xd1\xea\x9b\xc98hHA\xc1\x8a\
\xc38\x5c\x84a\xd0\xe8\x16\xc5\xc4\xe0\xb82\x84\x1b\x08\
\xa8$\xab\xc7\xa8vL2\x8a\xbd\x9c\x8c\xa1H*\x17\
\x9bh\xcbS \xaa\x05\xcc]\xb81\x15&A\x00\x00\
!\xf9\x04\x05\x0a\x00\x02\x00,\x01\x00\x01\x00:\x00d\
\x00\x00\x06\xff@\x81pH,\x1a\x8f\xc7\x86\x922k\
\xce(\x0d\xa4tJE6\x9c\xd8\xec3Z\xedz\x05\
\xdap\x93B\x22q\xbfh\xe2U\x1c.\x97\xcf\xe9\xef\
\x9a\xadu\x93(q\xf4\x9c\x9e\xb53\xe1yVOw\
l\x14LN~M\x81TMvad\x87cnX\
\x8bH\x92n\x91X\x98\x86e\x86X\x80\x95\x9a\x98b\
v\xa3Y\x95j\xa2\x9dtd\x84a\xa0y\x99\xad$\
|\xb53\xa8\x02\x0d\x9d\x9cw\x99\xb6a\xb83\xa5\xab\
\xbf\x8fo\x95s\xad\xbe\x8f\x00b\xb3e\xc8\xc5X\x00\
\x00\x86\x90c\xcad\xa1\xd2O\x14\xd4\xdf\x91\xa6\xb7\x81\
{\xac$\xdf\xe8\xb4N\xcfN\x8b\xcbZ\xcf\xe8\xd4Y\
\xec\x8a\x81\xb5\xbc\xd6\x00\x04\xe0X\xcf\x87\x8bj\x89\xdb\
\xd7O\x95:<y\x5c9s\xf4\x04\x80:\x85\xeb\x5c\
\xc1\xea2ia\xc5f\xd2\x16\xdd)c\x91#7{\
q\xc2\xbd\x13V\xf1\xe3\xbdu\xe6F\xd6\xcaS\xee\xe3\
/\x84i \xba\xb45\x91\x8a\xba\x99\xc5jJi\xc0\
\x84\x0c\xce\xffk\xce\xf28\x997\x93!=\x12\xb1\x0c\
\x11u\x99\xa8N\x1c\x9e\xf2\xa8\xa9$%\xeeSHa\
\xf2\x06\xa9\xf4\x84\xa8j\xbb8C\xa56*\xe9\x0f\xe2\
,1O\xc7\xf4\xfb\xd7fW\xb6GW\x855:\xd4\
\xb4\xce9\x87\xc4\xb4\x08\xc5\xd6\xc7k\x1f~S\xf7j\
-\xeb\xb1PA`i2mz\xcb\xe6\xaeX\xb4i\
\xec\x96\x9a\xda\xf01a\x98^Z^\xa2<m\xe9 \
7qqv\xae\x86\xad\x13\xd2\xc8\xa2\xb3\x90\xee\xea\x0a\
\xecGe\xaa\x09{D-\xedYax\x8et\x1e\xe1\
\x96\x8fW\xc7;\xae\x8bU\x95\xc9\x9a\x16m\xd8\x85\x8c\
>I9\xee\xcbg\xe5G\xc9\x16\xd3\xd3\xbb\xd5\xef\x8f\
\xba\x8b\x90\x84H|\xec\xed_\x89\x95O\x05\x9a\x11M\
\xa9\xd4\xb6\xd0\xf0\xfa^\x16}v\x22\xdeoj\x11\xeb\
\xd3\xe5\xfb!\x11\xdf)E\xb7\xb5{\xf3.\xf8D%\
_[\xec\xfdW\x85-\xde\xa0#\x90W\x98Q\xa1Y\
\x1b\x0a\xf2QW\x13\xf7\x81\x81 \x01\xfcX\xc6Wq\
\x87xR\xff\xe1/\x04\xd1\xb2\x9a$\xb2\x94D\x9a\x1c\
\x08R\x93\x97*\xd6\x98\xa6\x96!\xce\x81\xe8W|\x9b\
\xc8\x83F!\x8a\xcd\x18\x91B\x09R#\xc7\x80$\xca\
\xe6R\x8f_\xac\xc8Z\x8b\xbd\x0c\xa9\xa2\x17\x0c\x18Y\
\x9c\x8e\xb5Ts\x1aEN^\xf6\xd3FE\x16\x88\x1e\
=\xad\x14\xc9\xd5\x96\x8d\x81\xd6\x05\x01Z\xbeT\xe5\x8e\
SV\x91!F\xbc\x0d\x93\x1c4]4\xf0\xcd\x90\xd9\
Xg\x0c\x9cU\x9c\xc3\x19U\xdc\x8d$f\x15\x9em\
f\x0eYS\x99\x11\xe7\x0c#\xda\x06\xe4r\xf5\xfc\xf2\
\x1e<u\xb2\xe7M\xa3\xe9\x01\xd8W\x9f}8\xa4\xe2\
\xa2lx\xe1D\x09R\x94\xe0\x8bcx\xedI\xe1\xa1\
3\x94\xa0\xea3\xa0j\xa7\x96\x86\x8eZ\x9a\xea%\xdf\
\xb5*@\x09\x95\x99J\x89\xac\x06\x89ak\x00\x81\xd6\
r\xdfB\x94\x95P\x81\x10\xc9\xf9\x12#N\x00\xd8\x8a\
\xeb\xa5\xf2}\xa1+\x1f\xb6\x1a\x14\x09\x8a\xc5\x14;\x04\
\xaeMU(\x00g\xfa\xc0\xba\x0e\x13\xadvK\x1b\x1b\
>\x0e\xe1Q\xd0\x97\x83\xd9c\xa7\x81^L\x05\xc0\x11\
\xd5\xe4\xd8\x0b\x19\xab\x8e\x11P\xa7H8dP'\xcf\
\xc2{n7\x02\x171 $\xe4~\x85JO\x84\xe4\
\x09\x1e.\xb9\xe8r\xce\x81\x08B\x1c\x1c\x1f\x16'F\
S\xc67V\xca\xb1\xa7\xc2~\x9c\xe5HP\x88\x1c\x93\
L\xde\x1a\x11\x04\x00!\xf9\x04\x05\x0a\x00\x03\x00,\x01\
\x00\x01\x00:\x00d\x00\x00\x06\xff\xc0\x81pH,\x1a\
\x8f\xc8\x01m\xc9\xa4%\x9f\xd0\xa8\xb1I\xa5J\xaf\xd8\
\xaavi\xeab\xbf\xc8\xed\xb6{2\x81\xcfB\xb1\x96\
|*\xa3\xbf\xeaq\xbb\xec|C\xb9]q\x9e9\xa7\
\xd7\xeda4lk{\x5cm&M\x80Gxs\x88\
U&\x87l\x85\x7f\x8aiL\x90\x87\x84}e\x8e\x89\
\x95\x96K}\x9d\x9a\xa3V\x95\xa3\x98\xa5q[\x9f\x90\
]\xa9\xaa\xabU\xa7\x98\x8d\xb1M\xb7\x86'\x14\x8a\x97\
\xaf\xab\x16\x17\xb1lnv\xb2Z\x17\x17\x16\xc1\xca\x8c\
\x9cf\xc6\xc7\x82&\xcb\xc9\xd6\x16\x8e\xa9L\x80\xc7]\
\xcc\xd6\xc9\x9d\xb5'\xdbo\xb2\xc4\xdf\xe1\xb8\x8d\xe5h\
\xab\x92]\xe0\xcd\x97\xb6K\xd1j\xda\x82\xf2\x17T\x91\
\xed`\x00r\x09\xea\xb3$\x98\x05}\x07\xa9\xfc\xa2\x04\
&\xdf#v&\x84\xe1\x8a\xf3\xa6\x01\x99[\xb5^\x09\
\xd4b\xce\xd7\x16\x7f\xd2<\x9d\x99\xa8gR\xc8\x8e!\
S\xfe\xc3bR\xa5\xac7\x88Z\xba\x14\x03\x93F\xb0\
\x99\xd3rA\x03\xc3$\x19\xce\xffA\x8fv~9Q\
M\xd8\xc2n\x199\xa2Iw-e\xd2Y##\xca\
\xd3X\xb2\x89(\xa5<\xf5%K\x08T\xe1$\x87\xa6\
\xb2~;HlX$X\xac\xa2J\x9c\xf7\xd4+\xb5\
\x0b \xa1fu5-\x14;1\x06e\xda\x1b\x89\x07\
U&5\xe9hf\xa5\xf7,\xee#y\x09\xb1f\xc1\
5\x8eS\x9c\xb1\x0fO\xb8#\xa4\xf7\xb0O_\x87\xf8\
\xe2\xc4\xd5tZ$\xcd\x9b\xb9(\xdb\x93\x0f\xb44\xb0\
\x11\xc5\x11d\x18E%\xb1\xbf\x82\xd6e2\xfd\x0e\x16\
\xdd5\xb6h\xc7A}\xcb\xdf`\xb0\x91\xdb\x90\x1c\x93\
\x87\xe7k?\xc17\xa6ei\x1b\xb9\xc2z)\xe1\xdc\
\xc5\xf3\xd1q\xf4/\xe3\x86SV\xd9pzh5p\
2\xde\xba\x19:\xaba\xce\xa3\x83)W,\xc5W)\
o\xfb\xb0\x11\xbf\x05\xe7\xf1>\x89%\x85\xcbm\x0fL\
\xde\xee\xb6{-\xb6\xcaT\xbby\xc7\xda\x13\xc7\x9c\x80\
\x98WV\xdd\xb5\xcc\x81I\x1c\x93\x0c'\xf3\xf4%[\
'\xcd\xd4g\xdf3\xb1](\xff\x096o\x1d$\xe0\
n\xd8\xc0\xc6\xd8&\xf0\x81C\xc0\x88\x0c\xf2a\xa0W\
\xc8\xa5#\xc0\x15\x04\x90\x13\x94_\xceI\xf3\x0dK9\
\xea\xf2\xcay\xc70\xb3\xa2\x14\x16\xf5\xe8\x99(\xeb\x1d\
f\xc1\x09\x05\x5c\x01\x9c[Ij\xb1\x8c\x17N\x1a\xf9\
\x1d\x8cBAq\xd4\x95rHv\x85\x03@vcb\
d&4p\x05\x06\xd6D\x89\xd9U\xb8\x95af\x14\
\x02\xa4\xe9Zs\x18e&\x05\x01\x15:e\xa2^\xc2\
]\xa1\xce\x85\xf8\xac\xc6\x05>CF\x11Qb\xc7\xa9\
\x02\xe2\x8b\xe0\xf1G\x1a\x9dU\xa8\x87\xd61W\x90\xc9\
\x18\x15S\xa9Y\xe9\x12\x01<\xe0\xe9\xa7\x9e\x06\x10\x00\
*\x88U\xb6\xdf\x1d4<\x10\xc0@\x87\x88\xda\xe9\xa7\
\x5c@v]k\xcf\x9d\xf7\xc0\x00\xaa\xda\xb4\x15w\xfc\
\xf5c]\x15\x9d\x1a`\xc0\x01\x7fR\xba\xe9\x8dq\x04\
0\x80\xa8\x18\x99\xc4\xa2S\xfc\xbc\xba*\x8c6.\xf1\
&\xadH)\xd4D\x00\x06<\xb0&r\x1a\xd6\xb6\xd1\
\x03\xdd\xae\xfa\xd4`j\x1c\xd2c\xc6\x92\xc3 \xf2\xea\
\xb9\xe8n\xb1$\x11\xde\x1d\xd5i\x00\xe0\xeaf\xd5\x11\
\xd3\xd9f\x02\xb3+=\x8bK\x12De\xd3\xd8\xbf\x01\
\xc7[\x1c\x14\x89\xf5U\xca'\x86 \xe2\xc0\xc4\x14W\
<q\xb5\x14}\x22\x04\x01\x00\x9c`\xf1\xc7\x0e\xac\xa7\
\xf1\x19\x22\x8f\x8c\x05\xc6\x8d\x9a,E\xc9*\xaf\xbcJ\
\xcb\xcc\xe5\x023\x16\x0dX\xe4, A\x00\x00!\xf9\
\x04\x052\x00\x00\x00,\x01\x00\x01\x00:\x00d\x00\x00\
\x06\xff@\x80pH,\x1a\x8fH\x1c\xee\xc6d*q\
\xc8\xa8tz\x5c6\xafX(u\xcb\x05d\xb0\xe0\xb0\
\xb6K&Z\xc3\xe8\xe6\xb8\xdc=\xa7\xdfk\xf6\xd4\xfd\
\x86\xcb\xa9\xf4\xba\xfd\x9e\xd4\xfb\x9b|G_\x7f\x7fq\
\x81\x84\x88\x81f\x88\x84\x86r\x8c\x89\x8ay\x90i\x8e\
d\x94\x8d\x8a\x9495\x7f\x81\x93z559\xa4\xa3\
i\x87\x88\xa4\x9c\xa2\xa29o\xa8\x7f\xab\xac\xadu|\
\xa0i\xb2\xb4\xb5w\x9b\xb3\xae\xbbl\xb7o\xad\xacu\
\x96T\xbd\xbf\xa6{l\x94\xcb\x85\xbc\x98\x91\xcd\xd2\xd3\
e\xd5\xd6m\xd8\x84\x8f\xdb~\xc7RM\xbf\xdear\
V\x9c\xe4h\xdd7\xa2\xe9\xe5l\xaa\xb4\xe3\xe9\xe0H\
\x19\xb3\xbe\xee7\xf5GL\xf8\xcf\xe9\xba\xc9\x9a\xe7N\
 +\x82\x01\xcbX1\x05\xd0\x0f)=\xfc\x8c\x88\x9b\
\x98\xaa!\x98u\xd5\x06\x9eR\xb8\x0d\x1fB@\xd7\xb6\
i\xdcx\xc9\x9b\xacJ!\xc9\x1dT\x97\xd2\x9b\xa9\x8f\
78\x92C\xf7\xaad:\x98NZ\xea\x13CF\xd8\
N\xff\x9d;/\xda\x0c\xfa\x8e\x8bO}\x11\x87\x10%\
\xc9e)K\xa3N\x8bn!D\xb3ZR!\x84Z\
\x95\xc2Y\x13j\x9dx\xf9(\x0dE\x93k%\xa6\xb1\
d\xf1Y\xd5\xe60,\xa5\xab\xb1<Bz\x88\x16\x8d\
<\x8b\xa1\x5c\xb1\xfd\x8aW\xcfCN9\xe0:\xe4\xfa\
\xa6l\x81.Q\x99\xe4:\xbc\xe5\xe8LV\x88\x13+\
\x16\xa5\xc3kb\xc09\x22K~\xb8\xaf\xa9d,\x5c\
\x0a|\xbe\x92T\xc7h5\x5c\xdcF\x0dmVr\xea\
\xbeK_\x13F\xba%\x03`F\x9c\xc5N\xbd\x91;\
\xae4\xcf\xceZs\xdbm\xc3\xc6\x83\xe3\xc8\x1f\x04\x08\
`\x03\x8c\x5cD\x11\xad,o\xde\xa4x\x11\xe6\x93u\
e\x8bR]\x8fq\xe5\xc5W\xcd\x16\x8a\x0c\x92\x8d\x00\
\x00\x1e\xa0\xd0\xfe\x0d\xb8y\x1bB,\x8cG\xbd\x1b\x13\
\xa7\xe2\xc7\xa9\xeb\xd9\xbb\x89\x89u!\xfa=\x85\x87;\
\xe7\x01\x88\xc6U\x008\xc6\xc8w\x012AM\x1d\x17\
`p\xc1\x84~\xe0W\xdc\x15\x18\x85\x11\xe1\x10\x12R\
XB\xc7y\xfa!\xb8\x08S\x1cz\xf8\x06v1\xd9\
\x82\xc6\x05R\x5c\xf0!u\x8a\x08A\xc7\x14\x18\x0c\x17\
c\x82VL\xe1b{7\x92\xb1\xe3~=\xd6\xc5S\
\x90\x9a\x01Cd}odpd\x91h(\xb9$\x7f\
\xa4\x05\x12\x04\x00!\xf9\x04\x05\x0a\x00\x00\x00,\x01\x00\
\x01\x00:\x00d\x00\x00\x06\xff@\x80pH,\x1a\x8f\
H\xc0\xe9diZN\xc9\xa8tjtZ\xafO\xaa\
v\x8b\xed^\xb7`\xa4w\xec\x0c\x9b\x85\xe4\xb4\xe5\x0c\
V\xab\xd9T\xb7\x1b\x1e\x95\xcb\xe9G\xfb\x1dO\xd4\xdb\
\xf9C~rP|\x82\x7f\x85\x86sx\x89\x83\x8b\x82\
\x17({p\x86(\x95\x90(\x17ct~\x17\x97\x95\
\x96d\x9bv\x9e\x9f\x98ipLz\xa4\x91ol\x86\
\xa4\x99d\x84g\x94\xa5\xacc\xb3a\xa9z\xa0\x16\xa6\
\xa1\xae\x82\xbf\x92f\x8czl\xbb\xc6\xad\xc5\xca\xc4m\
\xcdj\xb9\x5c\xd0\xcbaN\xb1\xd4X\xc1\x90\xd9]\xb4\
M\x95\xdd\xdaf\x9d\x97\xd8\xe2\xd2Z\xab\xbd\xd9gL\
\xb6\xc3\xed\xcc\xa4\xe2e\xf3\x9f\xe7\xd9\xe9S\xa9\xa6\xf1\
n\x9d\xaaM\xb3\x90O\xd5\xbfq\xd6\x9a\xd9\xd2\xa4K\
a\xa9\x82\xf6\x9e)\xa3\xe7e\x9f\x14h&<1\x04\
\x93L\x19>/\xcc\xa8\x99\x82\xb8\x06\x0c\x81l\xdc\x80\
m\xe98Q\xe5\xc0z\xde\x12\xc2\x8c\xf9r\xe6\x17\x89\
6o\xd6\xcc\x99e'O\xff\x99<#j\x09\xaa\x93\
\x0aK/)\x8d\x01Mc\xc9\x9c\xa1\xa5]:\xc1#\
)P\xcaQ+\xeb\x0e\x1e\x1a\xaaf\x951\x8bb\xdc\
\xd8\xa2Z\xb5\x0e\xc0\xb1\xc22\xe1$\x03\x0a\x12Y/\
\xa6\xd6\x22\xd5\xda5\xd3%\xb0U\xe4\xbc\x1d\xb3J.\
LR+\x89\xfa\xfa\xe4s\xe6'\x0c\x85\xeb\xb9\xbd\x90\
Xq\xac\xc66!\xc3\xc4K\x04\x83`+[\x1e\x0a\
\xce\xcc.\xa8\x16\x0ctgR\x1e\xd2\xd9\xb3\xba\xd0H\
\xf7n\xbcHP\xd8-A\x5ck\x95V4\xc5I\x80\
\x22\x06\x02\xe8\xee\x82\xf6\x18\xd7\xdd\x08\x035\xf1\xa4\xba\
\xa8\xd9\xad\x01\x08~\x82\x1dG\xd0m\x00\x06>n\xad\
\xcd(@\x85\x0a\x01\x8a7\x91L\x86\x9bn\x00\xc9i\
\xf33vN\xb8K\xea\xf2\x00\xac6Z\x97`\xb97\
\xe1\x8d7\xef>\xe4@\xb9\xb7\xb7\x83\x07^/\xc4~\
@2\xc0\xf5d\xc6U\xdb!a_\x1a\xf19\xa2\xdf\
\x11\xc5\x01\xd2\xd1\x14\x0d\x02\x22\x04\x13\x8c\xb1\x16\x8d\x84\
P\x81\x84\xe1\x16\xaam\xe8\x10\x17M\x1e\xa2w^\x88\
\xc7UDb\x86%\xc1\x11\x04\x00!\xf9\x04\x05\x0a\x00\
\x02\x00,\x01\x00\x01\x00:\x00d\x00\x00\x05\xff\xa0 \
\x8edi\x9e(A\x00G{\x00**\xcf4\xea\xde\
\xf8K\xd4|/\x10\xb9 n\xe7+\x96\x80\xc2d\x8b\
h,\x22\x95\xca\xa6\x13J=0\xa5\xb2gUy\xc5\
\x96\x0a\xdb\xad\xf7\xa4\x0ds\xc7%s\x18=*\xab\x93\
\x00\xb6\xe0\xbdF\xbb\xe9B6~\x1b\x1f\xef\xc5^w\
U\x0e\x80Xx\x0e\x88\x88P~j\x89\x8aT^,\
o\x8eU^\x87\x89T}Rt\x8f\x84P\x9aF\x92\
\x8df\x96\x7f\x85M\xa6\xa7E\xa2\xa9Q\x9b\xad\x90M\
\x82\xb0.\xa0>\xb4P]=\xb8\xaeF\xb3\xbc\xaf\xbc\
y\xa8-\x9e\xc2-\xb6<@\x94\xc6\xb8\xba5\x92\x94\
\xc7\xc1\x98\xc7\x07\xd4\x07\xcd\xb8\xc9\xd0\xd69\xc1\xa6\xda\
A\xb2\xb0\xe2\xdf\xa1\xad\xd2\xc3E\xb4\x8fB\xdc3\xbf\
\x8d\xe6.\xcf3\xac\xe1\x8bF\xb8\xf4.\xc4\xde8\xd0\
\x01\xbcaO\xc6\xc0\x80S\x0e\xfac\xa7p\xe1\xad\x86\
-\x126,x\x02bD\x86\x10\xf7Y\x5ce\x91\xa2\
\x093\xfd\xea<\x1c\xa4\xee\x0dG*\x8eB\xd5V\x1a\
\x89\xd2\x1d\x1exd\xc2\x944\xc9\x12\x8a\x22\x974w\
mQ)\xb2\x86<~/j\x0e$\x84qh\x22\x1f\
\xf8\x00\x1e\xd5\xd9p)\x0f\x8b\xc5\x98n\x94\x9a\x91\xaa\
B\x98%x\x0a\xf38B+\xb0\x1e8\x0f\x82\xf5J\
\x0b+\x89\xb0\x03\xb9\xfe\x80\xba\xe4)\xdbkn\x0f\xed\
Q\xe6\x22@\x05\x03\x06\xee\xe6\xadPA\xc8\xcc*j\
\x91\xf0\x0d\xc2\xb7p_\x17\xd5\xd4X\x85r\xb7B\x80\
bdo,\xa6b\x17o\x04:j\xe7\xfc\x19\xa1&\
s\xab\xc2\x8fW\xf2H\xba\xa7q\xac\xc9\xa5\xf3\x86\xce\
\x91Y\x04\xe9Ty\xc7i<\x1d\x86\xef\xea\x8b\x02\x93\
T\xac\xe2\xb8\x16\x96_3\xa8\x1c\xb6\x12h\x9dAU\
RV \x0c\x8e<\x90\xa4\x1a|\xe4\xfc\xd3']\xa8\
\x90\xd6\xd55\x9f\xce\x1e\xb7\x17\xf7\xeeA\xcc~\xdf}\
\xceK\x08\x00!\xf9\x04\x05\x0a\x00\x03\x00,\x01\x00\x01\
\x00:\x00d\x00\x00\x05\xff\xe0 \x8edi\x9e\xe8\x00\
D,\x9b\xbep|\xb6t\x1d\xc9x>\xd8|\xad\xff\
\xa6\x9e\xb0\x05,\x0e\x8f\xb7b\x0e\x89T\xc6V\xcc\xa6\
3\x15\x8dNgU&\xe0J\xcaV\xb9#\xef\x97+\
\x1e_\xcb\xd6sY\xc3$\x8b5\xec\xb6\x13\xea\x85\xdb\
\xe1\xc2i\xf6\xce\x8f\xf7\xf4U}vG\x80\x81}R\
Fo|\x88?\x04\x8a\x8bCNkx\x11\x94yJ\
\x8fYJ\x02k^\x98h\x9e\x89\xa0f?\xa3\x9a@\
\xa6\xa4:-~\xa9<\x9f\x96\xae6\xa2\xb1\xb24E\
\x82\xb5\xa9J\xb9\xad\xae\x89\x82\xb6D\xa8\x95w\xc2\xb7\
\xc4\x90\xc7I\xa5\xc5\xce{\xbe<\x04\xc9~\xd1G\x83\
\x91\xc4\xa6\xca\xb3\xda\xa0\x87\x7f\xcd\xdb\xc6\x97\xab\xae\xe4\
\xaf\xe2\xa9\xdc\xc8\xe6\xe7\xe8>\xea\xe3\x84\xee\xb2\xd6\xc3\
\xf5\xcb\xdd\xf9\xfa\xed8\xfd\xe5\xfe\x01L\xb7d`\x8d\
-\x05\x0d\xfa\x93\xa10\x1e\x0eG\x0d\xf11\x8c\xa2K\
\x8c<!\xb9\xca\xe8\x80\x88\xb1\x17\x1a~6<~L\
8\x04\xdcH\x92%\xd9\xd4\x9d\x12\x88$X\x1d6 \
y\x0c\xc2\x06\x8d\xd9\x13&4k\xda\x89\x19\xf2^K\
><\x85\x01E\x09\xf0\x0e\xd1\xa2prp4h\x94\
\xa5BJG\x15F\x1d\x98#\x8e\xcfeU\xe1Q\xc5\
\xa1u\xab\x8c\x8a^a\xe4\x94\xfa\x0flGP\x02\xcd\
\xf6PK/\xc6\xb7\xae\x8c^\xd0\x80@\xb7n\xdd\x9e\
*\xdb\xba\x8d\x10\x00B\x0f\xba\x03\xe8\xb20\xa9\x8aJ\
\x96\xbb\xc5\xd8\x12\x84\x81\x06B\xe0\xc4Y\x10\xee\x05%\
8\xd4D4\x94*\xcbq\xfaf\xae\xe6\x80\x93e9\
\xde\x11.\xe8`6pk|\x96\xc8Y\xa6\x06\x11y\
U\xef3\xfd\xbaD\xea\x16~\x17\xe6\xa0\xb3\xd8\xf6\xd5\
\x08\xb9m\x8ar\x98\xe27kI\xbaM\x18w\x01&\
Lm\xb9\x9b\x9bsM#\xbdu\x0f\xc9\xd5Cg\xcb\
~y;w\xed\xbd\xbf\x83g\xee$\x04\x00;\
\x00\x00\x09\x89\
\x89\
PNG\x0d\x0a\x1a\x0a\x00\x00\x00\x0dIHDR\x00\
\x00\x00@\x00\x00\x00@\x08\x06\x00\x00\x00\xaaiq\xde\
\x00\x00\x00\x04gAMA\x00\x00\xb1\x8f\x0b\xfca\x05\
\x00\x00\x00 cHRM\x00\x00z&\x00\x00\x80\x84\
\x00\x00\xfa\x00\x00\x00\x80\xe8\x00\x00u0\x00\x00\xea`\
\x00\x00:\x98\x00\x00\x17p\x9c\xbaQ<\x00\x00\x00\x06\
bKGD\x00\xff\x00\xff\x00\xff\xa0\xbd\xa7\x93\x00\x00\
\x08\xa0IDATx\xda\xe5\x98kl\x1c\xd5\x19\x86\
\x9f\x99\xd9\xf5^\xec\xdd\x18\xb0\x8d\xa0\x8e\x89o\x09\x81\
:\xa5\x81\x80(\xc4j\x00\xa9@D\xd5\xd8\x12\xa9J\
\x09 Z\xa1\x12T\xa9B\xa5E\xc8\x09jJ\x02\x14\
\xa9\x12\xa4BA@dh+*%\x8a\xb9\xe4j\x10\
\x90%\x85@\xac$\xc4\xb6\x9cuX\xdf\xd6xcc\
{=\xeb\xecm.\xa7?&N\x8c\xe3$\x1bg\xd7\
v\xb3\xaft4\xab\xd9\x999\xe7y\xe7;s\xbe\xf3\
\xc1,\x92\xdf\x0f_|\xc1\xb2\xfe~\x8e\x87B\xf8|\
>\x16\x0b\x01\x1b6\xc0\x1bo\xcc\xf4\xe8\xa6AB@\
0\xc8\xefM\x13!\x04BUi=r\x84Z@\xfe\
\xe0\x03\xe8\xe9\x01\x97+\xbd}\xca3\x0d=Qv;\
b\xec\xb7\xc7\xc3\xc2\xcaJ6wt\xf0\x97\xde^.\
;q\x02b1X\xb5\xea\xfc\xcfq\xbb\xe1\xfd\xf7a\
\xf5j\xd8\xbd\xdb2W\x08hn\xb6\x8e\xb3RB\xc0\
\xf00\x8f\x8fE\xc0X\xd3u\xccP\x88\xf7\x1b\x1b\xa9\
\x12\x02\xea\xea`\xe3\xc63\xef\x9f3\x07>\xfc\x10\xd6\
\xae\x85}\xfb\xc00\x00P\xb6o\xa7\xbc\xb9\x99\x87\xbb\
\xbaX\xf3\xe9\xa7\x94\xfb\xfd3Mz\x0e\x03\xa2Q\x1e\
\x1b\x0f?\xd6L\x13\x11\x0e\xe3oj\xe2~@\xd9\xba\
\x15\x02\x01X\xb4\x08\x9e\x7f\x1ejj`\xcb\x16PU\
\x00\xe4\xbd{\x99\xe7\xf7\xf3\xebP\x88\x7fE\x22tj\
\x1a\x86a :;Y;\xab# \x1e\xe77\x93\x19\
0\xd6b1\x22~?\x1b6n\xe4\xf2\xa3Ga\xc7\
\x8e\xd3\xd0\xef\xbcCI[\x1b\xbf\x1c\x1c\xe4\xadh\x94\
\x80\xae\xa3\x8f\xbfW\xd30\x9a\x9byx\xbc\x01\xb6\x99\
\x86\x1e\xaf\x91\x118v\x0cs\xd1\x22\xb0\xdb'\xbf\xc6\
\xe9$\xaf\xac\x8c?\xaf\x5c\xc9\x8f::xF\x08\xfa\
\xbb\xbb\xf9I0\xc8=\x1e\x0fK].\xe6\xd9\xed\x93\
s\xc5\xe3\xf4tu\xe1\xeb\xed\x9d\xa5\x06\x18\x06\xc4b\
\x18\xe7\xbbNQ\xa0\xa0\x80{rs\xf9\xa1i\x12s\
8(\xb5\xd9\xb0\x9f\xef\xbe\x13'\xd8\xb7|9\x9d\xab\
W\x9f>7\xabV\x01E\x01\x87\x03\x03Hi\x96\xba\
\x5c\xcc\xcd\xcde~*\xf0\x86\x81\xa1\xaa\xec4\x0c\x8c\
\xbb\xef>}~VE\x80,CN\x0e\xa6$!\x00\
)\x9d\xcfN&\xe9\x0e\x85\xf8l`\x00V\xae\x1c\xd7\
\xe7LCOb\x80!\xa5\x15\xddR,\xc6g\xd5\xd5\
t\xef\xd9\x03\xd1\xe8\xe9\xf3\xb3&\x02\x1e}\x14$\xe9\
\xc2\xa6@\xaa\xd24\xf4\x81\x01v\xa8*\xe6\x97_~\
\xff\xbfY\x11\x01k\xd6\x80\xc3aeo\x8a\x82=\xdd\
\x11\x10\x8b\xd1y\xe8\x10\xff\xdd\xb3\x07jkg\x9av\
\x9c\x96,\x81\xfe~\xd8\xb6\x0d\x00\xe9\xab\xaf\xf8\xd9\xc8\
\x08M\xe7\xca\x03\xa6\xd2\x82A\xde\x04\xe4\x9a\x9a3\xc7\
0c\x11\xb0n\x1d\xd8lp\xe2\x04\x8c\x8cpY \
\xc0\x9a\xeb\xaf\xe7\xdf^/\x8b\xd3\xd9\x8f\xae\xa3\x85\xc3\
\xecTU\xcc\x9bo\x9e)\xda\x09jl\x84\xfaz+\
\xf3\xdb\xbb\x97\x9b\xfa\xfb\xd9\xa1\xeb\x98\xe9~\xf3B \
FG9\xba};?\xd8\xb1\xc3J\x9b'jZ#\
\xa0\xb6\xd6\x82\xce\xcb\x83\xc3\x87q\xfa\xfd<\xb6x1\
[\x0b\x0b\xb9GQ\xd2\xbb\xec\x9d\x02\x94q\x15\x16R\
T^\x0e\x0d\x0dg\xfe\xafL\x17\xfc\xeb\xaf\x83\xd7\x0b\
K\x97\xc2\xc1\x83\x94\xd7\xd4\xf0\xb7\xe2b\x9er:\xb9\
<\x93\xfd\xda\xed\xccq8(y\xef=v\x8e\x8e\x12\
\xab\xae\xb6\xf6\x0f\xd3\xaa\xfd\xfb\xad\xb0\x07\x94\xc3\x87\xf9\
E8\xcc\xd7\x13\xb7\xbc\x99l\xba\x8e\xf0\xfb\xd9\x00(\
uu\xa9\xd5\x13\xd2\xaa\xc6F\xd8\xb2\x05oG\x07\xeb\
c1\xd4\xe9\x02\x9f\xb8\x8blj\xe2\xfe\xb1\x9d`\xba\
+K\xe7\xd4\xb7\xdf\xc2\x81\x03\xfc<\x91\xc0\x98\x09\xf8\
\xb1\x16\x0e\xe3ol\xa4\xaa\xad\xcd*\xaf\xc14}\x03\
\x1e|\x10\xc2a\xf0z\xb9\xd6f\xa3P\x96qd\x22\
\xdd=\x9f\x1c\x0e\xae\xc8\xcbc\xee\xee\xdd\xec\x8aF\x89\
\xdfy\xe74\x19\xf0\xea\xabPZ\xca\xe0\xdbo\xd3\xa0\
(\xec\xd14\x8ea\xa5\xbb\x1eE!w\xba\xcc\x90$\
p\xb9\xa8,,\xc4\xb8\xe5\x16>\xb9\xf5\xd6\xf4\xa6\xdc\
g\xd5u\xd7Y\xcb\xdf\xe6\xcd\xd0\xd6f\xfd\xae\xab\xc3\
\xf5\xf9\xe7,\xea\xe8\xe0w\x03\x03l\x1d\x1d\xa5K\xd3\
\xbe_\xc1\xc9T\x8b\xc7Q\x8f\x1c\xa1vFJcw\
\xdca\x1d_x\x01\x0e\x1c\xb0\xcc\xa8\xad\xc5\xbek\x17\
\xe5\xed\xed<\xd0\xd7\xc7\xe6H\x84\xb6d\x92D&M\
PUZ}\xbe\xf4f\x9dgUee%\xe5\xe5\xe5\
,X\xb0\x80\xe2\xe2b\x00<\x1e\x0fee\x96\x01\xeb\
\xd7[\xd5\xdcx\x1c\x00i\xdb6\xaeji\xe1\x0f\x99\
6!\x14\xc2\x97\xf1\xedpEE\x05B\x084Ms\
*\x8aR\xac\xebz\xefm\xb7\xdd\x16\x1b\x1e\x1e&\x16\
\x8b!I\x1dx\xbd^TU\xa5\xbe\x1eV\xadB\xb8\
\x5c\xf4\xf9\xfd\xbcSR\xc2cv;\x0bR\xed\xcb4\
\xadr\x9a\x10H'\xc3[\x12\xc2\xca0m6\xeb\x1b\
0>\xece\x99\xf9\x195\xa0\xa2\xa2\x02\x00UU\x9d\
W^ye\x9d\xcdf{\xc8\xe5r\xb5\xa8\xaa\xfa\x91\
a\x18{M\xd3l]\xb1b\x85\xda\xde\xdeN4\x1a\
\xe5\xa1\x87\x02x\xbd^@\xe5\xad\xb7\x08\xf5\xf5\xf1y\
^^j\x06D\x224\x85\xc3\xbcd\x18h\x89\x04J\
\x22\x81\x92LZG\x9b\x0d\xb9\xaa\x0aE\x96Q\xe2q\
\xeb\xbc\xa6!\x05\x83\x1c\xc9\xd8\xf7w\x22\xbc\xddn\xff\
\xa3$I\xa7jw\xa6i\x86\x85\x10\xad\xa6i~\xa2\
\xeb\xfa\xc7\xb1X\xec`uu\xf5`}}=\xf5\xf5\
V\xd9\xaa\xa7\x87\x07\xe6\xcd\xa3\xdef;\xf7j\x15\x8b\
1\xd4\xda\xca\xafn\xbc\x91\xdd\xd1\xa8\xf5\x96M\xf3t\
\x03\xc8\xcf\xb7\x22`\xbc\xfc\xfe4\xd7\xddR\x85\x9f(\
!D\xdc0\x8c\x8fUU}P\x92\xa4\xc1@ @\
c#\xe8:\x15K\x97\xf2Qn.%g\xbb\xd70\
\x10==<[Z\xca\xba'\x9e@h\x1al\xda\x94\
\xfaX\xd3\xbe\x1b\x1c\x07\xefH\x05\x1e@\x92$\xa7\xa2\
(\xcb\x5c.\xd7\x8f\xddn7s\xe6\xcca\xff~x\
\xed5\xba\xa2Q\x0e\x9c\xeb\xde\xe1av\xf9|\xbc\xf2\
\xee\xbb\x88\x82\x82\x0b\x83\x874G\xc0\x04\xf85\xa9\xc0\
\x8f\x97\xa6i\xeb\xcb\xca\xca\x9eihh8\xf5\xb1\xea\
\xe8\xe0\xf1k\xae\xe1\x1f\xf2$\xaf*\x12\xa1\xfb\xe0A\
j\xe6\xce\xa5)/\x0f\x8a\x8a.|\xcci\x8b\x80\x8b\
\x85\x07\x90e\xf9\xa7\x87\x0e\x1d\xf2\x96\x96\x96RZj\
\xe5\x09\xa1\x10\x9f%\x12\x0c\x9ci\x16\xc9\xde^\x9e\xab\
\xae\xa6\xe9\x86\x1b\xe0\xbe\xfb\xa66\xee\xb4\xa4\xc2\xe9\x80\
?)\x0f\xb0;''\xa7\xf7\xf8\xf1\x04W_\x9d\xa0\
\xb9\x19u\xc9\x12\x96\xb9\x5c\x94\x8f]$\x04\x1c?\xce\
?7m\xe2\xb9\xae.t\xa7s\xea{\xfc\x8b\x9e\x02\
i\x84\x07 \x99L\xfe\xc9\xeb\xf5\xbe\xb8o\xdf\xbeS\
\xb0\x9d\x9d<]R\xc2\xfa\xb1i\xa0\xaa|\xed\xf3Q\
SP\xc07\xa3\xa3p\xd7]S\x1f\xffE\xe5\x01\xe9\
\x86\x07\x90e\xf9\x8e@ \xf0Jqqq\xac\xbc<\
H \x00\xa3\xa3|\xaa\xeb\xa899x\x13\x09\xd4\xae\
.\xd6._\xce7p\xe6\xd2v\xa1\x9a\xf2\x14\xc8\x04\
\xfcI9eY\xde\x9a\x93\x933\xdc\xd44\xc8M7\
A0\xc8Hi)\xb7\xdbl\xcc\xeb\xeb\xe3\xef\xd7^\
\xcb\xabN'\xe2\xe5\x97\xa1\xb5\xf5\xe2:\x9b\x92\x7f\x99\
\x82\x17Bh\x9a\xa6\xbd\xa8\xaa\xea_\xedv{\xfc\xd8\
\xb1c\xa7V\x03\x9f\x8f\x05.\x17\x0b:;\xf9$?\
\x1f5\x18\x84G\x1e\xb9x\xb7/8\x02*++3\
\x0a\xdf\xdf\xdf\xbf\xce\xedv'$Ibhh\x88\xef\
\xbe\x83{\xef\x85H\x84\xc1\xa2\x22\x8eF\x22$<\x9e\
\xa9\x7f\xf5'\xea\x82\x22\xa0\xb2\xb2\x12!DF\xe1=\
\x1eOB\x92$\xda\xdb\xdb\xd3Cx\x1e\xa5\x9c\x07L\
\x80O)\xc3\x9b\xed\xf0\x90b\x04L\x02\xff\xd4\xa5\x00\
\x9f\x92\x01\x972\xfcy\x0d\xb8\xd4\xe1\xcfi@6\xc0\
\x9f\xd5\x80l\x81\x9f\xd4\x80l\x82?\xc3\x801\xf8H\
$\xe2(**\xba\xe4\xe1\xbfg@6\xc2\x9f2 \
[\xe1\x01\xe4\xf9\xf3\xe7\x03d%<\x80\xcd0\x0c\xe2\
\xf1xV\xc2\xc3\xc9)PUU\xf5\xa4\xddn\xdf\x90\
m\xf0\x00\xf2\xc2\x85\x0bo\xb7\xd9lOf#<\x80\
l\xb7\xdb\x7f+\xcb\xf2U\xd9\x08\x0f \xcb\xb2\xbc,\
[\xe1\xc1\xaa\x07\x5c\xd4\xdb\xff\x7f\x86\x1f3\xc0\xccV\
\xf81\x03\xba\xb2\x15\x1e@\xd6u}{\xb6\xc2\x03\xc8\
\xf1x\xfcu\xc30\x8ef#<\x80\x5cRR\xd2\x12\
\x8f\xc7\x9f5M3\x9cm\xf0\x00J$\x12\xa1\xbb\xbb\
\xbb%??\xbfSQ\x94*Y\x96\x0b&\xbb\xd04\
\xcd>]\xd7\xd7\x0d\x0d\x0d\xbd\x94\x97\x97wI\xc0\x03\
(n\xb7\x1b\xb7\xdbMEEE\xf3\xc0\xc0\xc0\xc7\x92\
$%%I\xbaB\x08\xe1\x11\x96z\x0d\xc3hH&\
\x93O\xb7\xb4\xb4\xfc\xa7\xa8\xa8\xc8\x90e\xf9\x92\x80\x07\
\xf8\x1f<\xd9\xd3\xfe\xbb\xf3\xf9\xbe\x00\x00\x00%tE\
Xtdate:create\x0020\
17-03-18T16:49:0\
4-04:00\x94\x11\x85\x90\x00\x00\x00%t\
EXtdate:modify\x002\
017-03-18T16:49:\
04-04:00\xe5L=,\x00\x00\x00\x00\
IEND\xaeB`\x82\
\x00\x00\x07f\
\x00\
\x01\x94\x04x\xda\xed\xdd\x7fL\x13g\x1c\xc7\xf1\xa7\x82\
\x16\xcct$n\x19.LH\x9c\xce\xc4D\xeb\x96\xcc\
\x09\x13\xd0\xe8\x9c\xfb!\xfb\x95\x99\xe9\xb0\x10\x12\xdd\x1f\
3\xfe`\xe2p+0c67\xb34\xcb\x92\x85M\
\x84\x18\xff\xd0D\x05'\xea\x921~,\xb2\xf1\xc7\x90\
\xc6E\xc1DXU\xb2\xd5!\x82\x8aPii\xbb\xc3\
\x12\xb3\xd9C`\xc7q=\xee\xfd\xa4O\xa4B\xef\xbe\
\x9f{\xb5O\xafO{W!L\xc2,\xfa\x9bI$\
\x08\x7f\xa4\x109\xd2\xcf\x05\x05\xc1\xebs\xa2L\xe2\x83\
\x89B\xa4\xa6\x0e\x5c_*D\xd1\x14\x93\xb0X\x82\xd7\
\x0f\xcd\x12\xa26M\xfa)a\xe0z\x8c\x10\xefo3\
\x89\xd8\xd8\xe0\xf5\xdd\xd1B<\xf2\xa9I\xc4\xc4\x04\xaf\
\xbf'-\xbf\xc8n\x12\x9f\xbf\xb6j\xc5\x94\xc9\x8fO\
\x96V5e\xe5\x8b\xcb\xde\xe8\xffm\x7f\x8f\x9a$\xfd\
\xf3\xee\xd6C\xeb\x85\x88\xfce\xe5\xb2%o}Xt\
\xbd\xa5ec\xdbK\xb1\xa9\xaf\xbb\xbe\xf0\xbf\x5c\xf1j\
\xed\xf2\x9a\xaf\xd3\xcc\xd1\x93\x8f\xff\xb5\xa1\xac{FL\
\xd6\x89\xee\xe5\xcf<k\xad\x0b8f^\xff8}a\
\xf5\xe9\xa6\x05\xe5]\xdd\x7f\xcfm\xae\xccs'\x96\x94\
[\xab\xd76\xb9\xab\x93\xacq\x85{Ej\xe1\x7f/\
\x17\xb2zm\xcd\xbd\xef8O\xa6\xd7\xfd\xfa\x8a\x88\x99\
\x1drI1[<y\x1b\x1a\xff8\xb8\xce\xe7\xcd~\
\xe2#\xefMO\xa1Hx%\xe4R\xdf%\xee\x9c\xeb\
\xf0^]k\x8d\x9f&vE\x87\x5crg\xd4\xf8\xbc\
\x17\x0e;\xe7[S\xcc7Nvy\xbe\x1bd!\x1d\
?x\x93{;J\xb3\xb2f\x8b\xa8i!\x97\xae\xe7\
\x0b\xba\xd3oz\xff\x5cm\xad\xde\xdfT\x17)2'\
\x84\x5c\x8a\xcd5\x07s\x9c+\x9c\x1e\xf9:\xdb\xb7\x14\
\x95\x9d\xeft\xf9\xeb{\x13\x7fopu\xb8\xa2\xf2\xfc\
y\xf9\xf3\xf3})kRd\xeb~\xb4\xd8|\xe3\xe2\
\xa2\xcfZR\xf2\xf7]\xf3F\xc8\xfdI\xad\xc3t\xa2\
\xc4|\xa9+p*\xad\xca\xebnMl\xec9\xdb\xbd\
\xc0t\xffv\xbe\xbb\xa9w\xda.\x9dwgnwy\
\xea\xcftN\x10\xf9\xad\xd6\x90\x80{/\xe7\x8a\x03\xce\
\x92J\xc7\xf4v\xbf\xef\xc7\xe4\xde,\xd9\xa2*\xa5\xed\
p\xdew\xea\xe1\x9f\xbc\xae\xb2l[~\xc6\x84\x02\x8b\
\xe9\xfe\xcb\xb1\xe9\xc5f\xcb\x1a_\x97\xdd\x9f\xbe\xfbl\
i\xd6\xc6\xf8ty\x98\xc5\xb3/\x98\xd7\xd9\xe2s\xb6\
\x97:\x9a\xfb\xe6\x89\x1b\x0b\xfd\x13C\x16U\xb7\xa5\xea\
\x05g\xe7\xe2\x1e\x9f\xc3\xf5U\x8fO\xdap=\xae\x85\
\xb2\x09\x93\x1c\x11\x85-W\xb3\x1f:\x5c\x16\x9f)\x07\
\xb8\xbb$\x22\xb6\xd2^\x95x\xad)\xe7h\x9f\xefi\
\xb9e\xf4\xc5\xd5\xb4\xe5T\xc7\x07:\xb2'U\x949\
\xdbJ\x93\xac\xcd\xb2\xceIE\x11\x9bS\xaa\xba[\xed\
\x83\xdck\x8fy|\x97\x0e8LG\xaa\xf2v}+\
wG\xc8\x9b\x9aq;\xd9\xd3v\xc4z\xf1\xe4-\xf7\
o\xf2\xab\xe8\x9bW\xd3\xe1nu\xda\x1a2\xdc\xddk\
[\xb6\xb9\xf6\xec\x1d\xe4.\xe5\x98Y\x99\xe6\xef\xdf0\
\xab\xbd\xb9\x936x=\xf2\x7f\xf7}\x8d\xefJE\xe7\
\x9b\xf6u\xce\x8a\xdc\xe2\x9fke\x0b\xefiXT\xd0\
\xe2\xbe\xbc\xa2\xbc\xaaqS\xac<~\xf6\xd4\x8cm\xe5\
\xceM)\x9e\xb8\x9a\xf6k\xa7\xbf\x94]\xcc\xdb\xcf\x99\
-;Jl9\x8dO\xd5\xcbF\xb3O\xecx\xcci\
+\xd9q\xdbS\x9a\xe7\xcb\x91\x06\x08\xd9m\xd4\xbe/\
[Tt\x9e\xb6\xaf\xb7\x1duZd\x1f\x90s\xa5M\
\xd4\xee\xdecO6[\xbc\x9e\xcd3\xe5\x0a\x8eK\x0f\
\x88\x19\x9fd^\xdd\x9fvkk\xff\x08\xbbr\xf9\xaa\
e\xa5K3v\xce\xe9\x1fa\x83C\xee\xddQQ\x0c\
\x8c\xbf\xf7\xb7+;\xb4\xed\x17\xd3\x15\xf7\x80\x92~n\
\x89\xb6\xfd\xcc,m;\xfe\xf8\xe3\x8f?\xfe\xf8\xe3\x8f\
?\xfe\xf8\xe3\x8f?\xfe\xf8\xeb\xc4_Q\x97\x0c4\xed\
\x92\x81\xa6\x1d\x7f\xfc\xf1\xc7\x1f\x7f\xfc\xf1\xc7\x1f\x7f\xfc\
\xf1\xc7\x1f\x7f\xfc\x07z@\xcd\xaet\xfe&\x0c\xfc\xc7\
\xfb\xfc\x0f\xfe\xf8\xe3\x8f?\xfe\xf8\xe3\x8f?\xfe\xf8\xe3\
\x8f?\xfe\xc6\xf0g\xfe\x87\xf9?\xfc\xf1\xc7\x1f\x7f\xfc\
\xf1\xc7\x1f\x7f\xfc\xf1\xc7\x1f\x7f\xfcu\xee\xdf\xf6\x8d\xb6\
]\xed\xf9\xa51\x98\x7f\xd2\xf5\xf1'\xf8\xe3\x8f?\xfe\
\xf8\xe3\x8f?\xfe\xf8\xe3\x8f?\xfe\xf8\xe3?F\xfe\xcc\
?i\xf8\xf9\x13\xfc\xf1\xc7\x1f\x7f\xfc\xf1\xc7\x1f\x7f\xfc\
\xf1\xc7\x1f\x7f\xfc\x0d\xe3\xafi\x1f\x839\x9e\xa1\xfc\x8d\
>\xff\x83?\xfe\xf8\xe3\x8f?\xfe\xf8\xe3\x8f?\xfe\xf8\
\xe3\x8f?\xef\xff3\xff3\xce\x8f?\xc1\x1f\x7f\xfc\xf1\
\xc7\x1f\x7f\xfc\xf1\xc7\x1f\x7f\xfc\xf1\xc7\xdf\x18\xfe7\x8f\
\x8b\xc0\x10]\xa8\xd9\x0d0\xff\x14\xd6\xc7\x9f\xe0\x8f?\
\xfe\xf8\xe3\x8f?\xfe\xf8\xe3\x8f?\xfe\xf8\xe3o\x18\x7f\
\xa1eg\xfe\x09\x7f\xfc\xf1\xc7\x1f\x7f\xfc\xf1\xc7\x1f\x7f\
\xfc\xf1\xc7\x1f\x7f\xfc\xc3b\xfeG\xd5\xce\xfc\x0f\xfe\xf8\
\xe3\x8f?\xfe\xf8\xe3\x8f?\xfe\xf8\xe3\x8f?\xfe\xf83\
\xff3\x0e\xbe\x7f\x22\xac\x8f?\xc1\x1f\x7f\xfc\xf1\xc7\x1f\
\x7f\xfc\xf1\xc7\x1f\x7f\xfc\xf1\xc7\xdf\x18\xfew\x1aD@\
\xcb\xce\xfc\x93\xb6\x1d\x7f\xfc\xf1\xc7\x1f\x7f\xfc\xf1\xc7\x1f\
\x7f\xfc\xf1\xc7\x1f\x7f\xc3\xf8\x0b-{\x18\x9c\x7fb\xbc\
\xcf?\xe1\x8f?\xfe\xf8\xe3\x8f?\xfe\xf8\xe3\x8f?\xfe\
\xf8\xe3\x8f?\xf3?\xcc\xff\xe0\x8f?\xfe\xf8\xe3\x8f?\
\xfe\xf8\xe3\x8f?\xfe\xf8\xe3\xcf\xfb\xffc1\xff\xa3\xf5\
\xf1'\xe1\xee\xaf\xea\xf9'\xf1\xc7\x1f\x7f\xfc\xf1\xc7\x1f\
\x7f\xfc\xf1\xc7\x1f\x7f\xfc\xf17\x86?\x8dF\xa3\xd1h\
4\xe3\xb59RO\x95z\x81\xd4M\x22!\xf8\x9f\xa9\
\xa1\x7f7\x0a\xdfs\xa4\xa8\x9f[\x22\x02J\xfa\x99Y\
\xca:\xf9\xc9O~\xf2\x93\x9f\xfc\xe4\xd7$\xbf\xa2.\
eP\xd4\xc9O~\xf2\x93\x9f\xfc\xe47b~\xad?\
\xe7\xa8\xf4{\x8e\x94\xee?\x91\x9f\xfc\xe4'?\xf9\xc9\
o\xd0\xfcJ\xcfs\xa0\xeb\xfd'\xf2\x93\x9f\xfc\xe4'\
?\xf9\x8d\x98_\xe9y\x9a\xf4\xbe\xffD~\xf2\x93\x9f\
\xfc\xe4'\xbfA\xf3kz\x9eE\xad\xbfg\x91\xfc\xe4\
'?\xf9\xc9O~#\xe6\xd7\xfa<OZ\xef?\x91\
\x9f\xfc\xe4'?\xf9\xc9o\xd0\xfc\x9a\x9e\xe7A\xeb\xef\
Y ?\xf9\xc9O~\xf2\x93\xdf\x88\xf99S\x02\xe7\
\x89\xb0H=\xe3\xdf\xe7\x89xr\xec\xebP\xfb\xb8W\
\xea\xa7~\xea\xa7~\x1a\x8dF\x1biS{^N\xed\
\xe3~\xa8\x9f\xfa\xa9_\xbf\xf53\x02\xd3h4\xad\xda\
`\xef_\xeae\x7f\x89\xfa\xa9\x9f\xfa\xf5[\xbf\xda\xe3\
\x9b\xde\xdf\x1f\xa1~\xea\xa7~\xf5\xeaW\xfbsaj\
\x8f\xb7\xd4O\xfd\xd4\xaf\xdf\xfa\xf52\xdeR?\xf5S\
?\xf5\xd3F\xb7\xf5\x7fN+A\x04\xbf\xc2\xe7\xde\xe7\
\xb4bF\x7f=J?\xb7\xc1\xfa\xf5\xbd~\x9a\xbe\x9b\
\xd2\xfdN\xa5\xef[\xb2~m\xd7\xcf#\x80\xf7\xe9\x1e\
4\xbf\xaf\xf6\xfd\x93\xf5k\xbb\xfe\xd1~]\xa0\xf5\xeb\
\x12\xd6?\xba\xf3\xd4J\xe7\xb1\x94\xce\xb3\xb1~u\xd7\
\xaf\xf5\xbc\x01\xeb\x1f\xdf\xeb\x1f\xce<E\xac\x08\x1eS\
vo\x9e\x22Z\xbdy\x89\xd1z\x1d\xac\xf7\xe5\xf3:\
\xf7\xc1\xe3\xe3H_O\xe9}\xf9\xdcC\x86\xff:I\
\x8d\xfb\x95\xde\x97\xaf\xe4yI\xed\xe7\xbdpX\xfeH\
\xf7\xefF\xea\xa2\xf7\xe5\xab\xbd\xbf\xc3\xf2\x87\xde\x0f\x8b\
\x19x\xcf\xe8\xde~X\xa4\xf2\xfd\xae\x91\xee\xa7(\xbd\
\xfdX\xefG\x0c5>\x0e\xf5<>\xd2\xdb\x87\xcb\xf3\
\xe0\xff\xdd\x1eJo?\xdc\xc7\x8f\xd2\xc7\xdfp\xc7\xf1\
\xa1\xc6\xbd\xa1\xc6\xd1\x91\xde~\xac\xe7\x87F{\x1c\xfa\
\x07\x88\x06\xea\xb1\
"

qt_resource_name = b"\
\x00\x03\
\x00\x00o\x9f\
\x00i\
\x00c\x00o\
\x00\x0a\
\x0a\x19\xe8\xe7\
\x00g\
\x00i\x00f\x00s\x00k\x00i\x00.\x00p\x00n\x00g\
\x00\x08\
\x0f\x89Y\xa7\
\x00p\
\x00y\x00a\x00v\x00.\x00p\x00n\x00g\
\x00\x08\
\x05\xe2C\x96\
\x00l\
\x00o\x00g\x00o\x00.\x00g\x00i\x00f\
\x00\x0c\
\x07\x9b\xfe\x16\
\x00g\
\x00i\x00f\x00s\x00i\x00c\x00l\x00e\x00.\x00g\x00i\x00f\
\x00\x08\
\x08GX\xe7\
\x00w\
\x00a\x00n\x00d\x00.\x00p\x00n\x00g\
\x00\x0c\
\x07o\x84\x7f\
\x00a\
\x00p\x00p\x00_\x00i\x00c\x00o\x00n\x00.\x00i\x00c\x00o\
"

qt_resource_struct = b"\
\x00\x00\x00\x00\x00\x02\x00\x00\x00\x01\x00\x00\x00\x01\
\x00\x00\x00\x00\x00\x00\x00\x00\
\x00\x00\x00\x00\x00\x02\x00\x00\x00\x06\x00\x00\x00\x02\
\x00\x00\x00\x00\x00\x00\x00\x00\
\x00\x00\x00<\x00\x00\x00\x00\x00\x01\x00\x00T4\
\x00\x00\x01\xa0)=\x82V\
\x00\x00\x00\x86\x00\x01\x00\x00\x00\x01\x00\x01E\xa4\
\x00\x00\x01\xa0\x1e_\xaf\xd7\
\x00\x00\x00R\x00\x00\x00\x00\x00\x01\x00\x01\x1a\x14\
\x00\x00\x01\xa0\x1ej\x01G\
\x00\x00\x00p\x00\x00\x00\x00\x00\x01\x00\x01<\x17\
\x00\x00\x01\xa0%\xbe\x04\x94\
\x00\x00\x00\x0c\x00\x00\x00\x00\x00\x01\x00\x00\x00\x00\
\x00\x00\x01\xa0W\xf7\x99\xde\
\x00\x00\x00&\x00\x00\x00\x00\x00\x01\x00\x00L\x07\
\x00\x00\x01\xa0.?~\xd9\
"

def qInitResources():
    QtCore.qRegisterResourceData(0x03, qt_resource_struct, qt_resource_name, qt_resource_data)

def qCleanupResources():
    QtCore.qUnregisterResourceData(0x03, qt_resource_struct, qt_resource_name, qt_resource_data)

qInitResources()
